# B40_portfolio FULL attempt-1 (pap06-fable-xhigh, requested Fable 5/xhigh). Combined portfolio: EXACTLY 24 ranked directions from the 41-idea A30 universe. RANK CONVENTION: the stage schema's exact column list has no rank column, so ROW ORDER IS THE RANKING (rank 1 = first data row, rank 24 = last). score = weighted ordinal aggregate on a 0-4 scale, one decimal (criteria, declared weights, per-criterion audit scores, and two-decimal ordering values in DECISION.json; method carried from the accepted B40 pilot with refinements disclosed in PORTFOLIO.md section 3). uncertainty = conservative linear-combined half-width of per-criterion bands, one decimal - overlapping bands mean adjacent ranks are NOT separated (base-score ties at ranks 3/4 and 13/14 are resolved by stated judgment, and dispositions are more robust than fine rank order). origin = A30 COMPARE.json three-way membership with ranks. Idea IDs verbatim from the A30/B20 universe; SEM-01 (E-01 inside C-01) and SEM-02 (B-01 inside C-04) consolidations honored - no semantic duplicate appears twice; universe reconciliation: 24 ranked + 15 rejected (DECISION.json) = 39 concepts = 41 IDs minus 2 consolidations. B40-xx = SOURCES.csv claim rows; BR-x = B30 BRIDGES.json gates; Cxx/EVxx/Pxxxx/G-M-BT = B10/B15 evidence IDs.
idea_id,name,origin,disposition,score,uncertainty,phd_leverage,power_relevance,first_proof,capital_band,main_risk,falsifier
P3R2-D-02,"Reel-to-reel contactless REBCO tape quality metrology (Hall-array Ic mapping + delamination screening)","all three finals: BLIND 5 / OLD 1 / NEW 1 - strongest membership in the universe (B40-26)",bridge,3.0,"+/-0.8 (overlaps ranks 2-4)","STRONG (B20's only STRONG): demonstrated Hall readout chain (C03/C13) and harsh-environment packaging (C46/C01) carry the core sensor; the decisive calibration-credential leg (C06/WP-C) is proposed-only and C04-gated; array instrumentation and lock-in thermography are NOT demonstrated (B20 correction 1)","none as a power idea (absent from B25 POWER_MAP); W1-class metrology-methodology kin; magnet-community buyer overlap with W2's market (B40-12)","bridge gates: BR-D (WP-C Tier-1 traceable calibration, calendar start immediately upon C04 closure; gates G-BR-D-pre/exit) plus BR-B (traceable-chain + dossier rehearsal); venture: 2027 blind-Ic correlation experiment (~$120k, corpus-dated) with its own <=5% kill rule","moderate (instrument-scale; ~$120k decisive experiment, corpus-dated)","C04 anomaly traces to a design-level readout fault and resists closure (B20 falsifier); time competition with the P1/SENSL revision critical path; REBCO volume-ramp timing is corpus-dated (refresh-sensitive)","C04 no-path OR the 2027 correlation experiment missing its pre-stated 5% bound across producer architectures demotes to watch/stop; TapeStar (B40-11) shipping a transport-calibrated-Ic + delamination channel would erase the differentiator"
P3R2-D-01,"Merchant quench-detection-and-protection subsystem for REBCO/HTS magnets (fiber-optic + RF + voltage fusion, energy extraction)","all three finals, triple intersection: BLIND 3 / OLD 3 / NEW 7 (B40-26)",bridge,2.8,"+/-0.8 (overlaps ranks 1 and 3-5)","MEDIUM: the honest bridge is estimator-fusion/honesty methodology (C08/C10/C23/C31; EV34 convergence; same weak-signal-under-EMI class as EV06/EV23, B40-23) - proposed-only and pre-redteam (C40); no Hall channel in the product; the fiber/RF/dump core is outside PhD evidence","W2 family anchor, frontier side (B25 POWER.md section 9); ST01-C11 cross-corpus support that detection is the genuinely unsolved layer (record-vintage)","bridge gates: BR-A Phase 0 ($0 FT-02 honesty gate, G-BR-A-0) then BR-A Phase 1 + BR-C real-data replay (G-BR-C) + BR-G detection statistics (G-BR-G); venture: 2027 university-lab campaign; upgrade condition: Hall-transient HTS-monitoring bench win (M7/EV26); BR-I remains an unscheduled collaborator option (host absent)","moderate (subsystem-scale, record level)","demand is ecosystem-level pending a 2028 co-test (its own record); NI-winding dominance at pilot scale shrinks both venture and alignment; estimator methodology pre-redteam (C40), FT-02-gated","BR-A Phase 0 FAIL (twice) kills the founder-side detection lane (C31: it gates every dollar after it); NI-winding dominance or captive protection methods closing the merchant socket demotes to stop; a Hall-transient bench win (M7/EV26) upgrades toward keep"
P3R2-C-05,"Standards-grade thermal emulation and conformance metrology for liquid cooling (programmable TTVs, traceable calorimetry, round-robin protocol)","BLIND 2 / OLD killed (P4 G7 at 67.4) / NEW 3; A30 DIS-C05 verified the revival predicate on opened primaries (B40-07/08)",watch,2.6,"+/-0.9 (base score 2.55 ties rank 4; ordered above D-09 because its demand ecosystem is A30-verified while D-09's is record-vintage - a stated judgment inside overlapping bands)","MEDIUM (boundary): WP-C-class GUM/traceable-uncertainty methodology (C06 - proposed, C04-gated) maps onto the moat; the domain (multi-kW calorimetry, two-phase fluids) is nowhere in B10's ledger - methodology-not-domain transfer (B20 correction 4)","W1 family, boundary inclusion (its bench IS kW-class programmable electrical load + traceable energy-balance metrology, B25); role is to prove the wedge class generalizes - NOT the founder's first wedge","no C-05-specific founder gate exists (BR-B rehearses the W1 methodology generically, not the thermal domain - carried from the pilot's adjudication); watch triggers: BR-B dossier verdict (G-365/W1), OCP conformance-program resolution (B40-03: methodology white papers exist at discovery level; a complete conformance program with reference hardware is still not evidenced), round-robin feasibility; venture gate: the round-robin variance experiment","moderate (bench + protocol build, record level)","the differentiator may prove to be thermal/fluids domain engineering rather than uncertainty-budget authority (B20 falsifier); OCP primaries remain 403-blocked (A30 open item); PhD-parallel scope drift high","lab-to-lab round-robin variance too large to discriminate products kills the method-authority premise; a resolved OCP conformance program with reference hardware closes the vacuum the venture targets; BR-B dossier failure removes the founder-side methodology premise"
P3R2-D-09,"Charge-buildup-immune beam-current and dose metrology for FLASH and industrial electron beams (traceable reference instrument)","BLIND 23 / OLD killed (P4 G1+G7 at 58.2) / NEW 17; the OLD-to-NEW reversal was mapped but not web-verified by A30 (below top-set criticality)",bridge,2.6,"+/-1.0 (widest top-band; ties rank 3 at base weights - see C-05 note)","MEDIUM (B20's sleeper elevation: strongest previously-unanalyzed forward mechanism after D-02): buyer's stated requirement is NIST traceability with tolerance budgets - exactly WP-C/GUM methodology (C06, C04-gated; EV01/EV35/G3/M3 scarcity, B40-22); non-intercepting beam-current sensing is magnetic-family instrumentation with a documented FLASH failure mode (record-cited 2025 BCT papers); harsh-environment survivability parallels C01/C46","W1 family sleeper (B25 boundary inclusion: measurand is beam current); precision-current-metrology clause","bridge gates: BR-B PB-2 dossier (B25 names it this idea's methodology rehearsal) plus BR-A Phase 1 excursion-chain discipline (PB-5); the traceable-reference credential itself is C04-gated via BR-D; venture gate: a funded reference-instrument engagement (record)","low-moderate (instrument-scale, record level)","market small and instrument-vendor-shaped (record's own words); NCI SBIR topic instance expired and recurrence unverified; FLASH clinical window 2028-2032 corpus-dated; medical-device regulatory burden eventually","if the winning approach proves calorimetric/Faraday-cup engineering rather than magnetic-family non-intercepting sensing, the sensor-family leg drops and it degrades to the methodology-only C-05 pattern; PTW converting its research detector first kills the position; BR-B dossier failure removes the traceability-authority premise"
P3R2-G-03,"DC-conversion acceptance and commissioning instrumentation (portable measurement island + standardized protocols + signed dossiers)","OLD 20 / NEW 15; BLIND near-miss (CONTINGENT) - selected by both baselines (A30 rerun item 6)",bridge,2.4,"+/-1.0 (overlaps ranks 3-7)","WEAK at the weak/medium boundary (B20's explicit adjudication): bench electrical metrology real (C03 demonstrated; C06 proposed - same WP-C family as C-05); field acceptance at power-system scale is a safety-rated trades domain with no PhD evidence; record depth selection-entry only (disclosed)","W1 family, nearest-term lowest-capital qualification play (B25); the NERC PRC-028 compliance wave is adjacent demand context (B40-18, secondary source)","bridge gate: BR-B dossier phase - BRIDGES.json step 9 produces the acceptance dossier IN THE G-03 ARTIFACT FORMAT, so G-365/W1 is a direct gate on this idea's product premise (promote on pass, stop customer-facing prep on fail); B20's other resolution path: a paid engagement pricing traceable-uncertainty dossiers","low-moderate (portable instrument island, record level)","instrument majors (Chroma/Keysight/Hioki) shipping DC acceptance suites first closes the wedge (record's own gate); operator acceptance of vendor self-certification; field-electrical safety domain is not founder-executable without the S3/S16 arrangements (B30)","BR-B dossier failure (G-365/W1) stops all customer-facing preparation; instrument majors shipping first closes the lane; a paid dossier engagement pricing the metrology-authority layer upgrades to MEDIUM (B20's stated condition)"
P3R2-F-06,"Precision wideband DC current/voltage sensing platform (optical FOCS + zero-flux hybrid) for HVDC stations, electrolyzer plants, and magnet systems","OLD 23 only; NEW P4 score-cut at 59.5; BLIND not selected (CONTINGENT+INCUMBENT) - the ranking's largest divergence from all three runs, disclosed and reasoned in PORTFOLIO.md section 6","bridge",2.3,"+/-0.9 (overlaps ranks 4-8; weak commercial evidence honestly carried inside the band)","MEDIUM-boundary: the only universe idea whose entire product IS precision current metrology - WP-C traceable-calibration methodology (C06, proposed, C04-gated) maps onto the core differentiator; the chosen modalities (FOCS, zero-flux) are not Hall and not PhD-evidenced (EV20/EV28)","W1 wedge embodiment, discipline-nearest (B25 POWER.md section 9); demand refreshed by B25: PRC-028-1 compliance wave to 2030 (B40-18), Southern Spirit 2029/2032 targets on a stale page (B40-19, disclosed)","bridge gate: BR-B - PB-1 IS its modality-choice test (Hall/TMR vs zero-flux reference under WBG EMI; B20's named falsifier) and PB-2 its product motion; G-365/W1 wedge-kill retires the magnetics-adjacent option explicitly (BRIDGES.json kill gate)","moderate-high (instrument platform + multi-year utility qualification; both baselines rated the venture weak commercially - carried honestly)","demand is real but pre-order (no named OEM/EPC evaluation; the 2029 binding gate is the venture's own test, B25 record read); incumbents strong (Danisense 1 ppm class, Danfysik 10 ppm catalog - B40-16); rank here is a founder-axis result against weak commercial consensus (disclosed)","a PB-1-class benchmark decisively unfavorable to magnetics-adjacent methods cuts the bridge (BR-B wedge-kill); value concentrating in optical-fiber sensor physics downgrades the PhD bridge to speculative; incumbents publishing open uncertainty-budgeted qualification protocols erase the wedge"
P3R2-A-10,"Vendor-neutral ion-energy-distribution metrology + tailored-waveform bias control retrofit for plasma etch","all three finals, triple intersection: BLIND 9 / OLD 19 / NEW 8 (B40-26)",watch,2.2,"+/-0.9 (overlaps ranks 5-8)","MEDIUM: genuine mechanism on demonstrated assets - in-plasma/in-vacuum sensor packaging (C46/C01, stellarator-edge deployment) and EMI-robust weak-signal readout (C03/C13) map onto the production-hardened sensing layer; RFEA physics, sheath/IEDF process knowledge, and closed-loop control are NOT demonstrated (B20 correction of new06 D08)","not a power idea (B25 excluded it: phase-1 core is plasma metrology; same-lane power idea F-01 rowed instead)","no founder-executable B30 gate exists for the plasma domain (chamber access is venture-side); watch triggers: a chamber-access partnership or paid design-in pricing the production-hardened sensing layer; merchant incumbent structure verified live by B20 (Impedans measurement-only, B40-15)","moderate (sensor prototype + testbed campaigns, record level)","closed-loop premise unproven anywhere per its own record; testbed campaigns 2027-2028 collide with PhD mid-years; fab NDAs at the margin; CN-structure repair corpus-recorded","a generator vendor shipping good-enough integrated IEDF inference kills the venture independent of alignment; if production-chamber RFEA hardening proves process-chemistry materials engineering (not packaging/EMI discipline), the mechanism downgrades to speculative"
P3R2-A-14,"300C-class mixed-signal instrumentation electronics platform (SiC/SOI) for superhot geothermal/downhole/turbine","all three finals, triple intersection: BLIND 6 / OLD 9 / NEW 6 (B40-26)",watch,1.9,"+/-0.8 (overlaps ranks 9-10)","MEDIUM-leaning adjacent with the loose-analogy caveat: harsh-environment instrumentation credibility and drift discipline (C46/C01, EV13) transfer; the differentiating 300C continuous SiC/SOI qualification is a distinct discipline (both deep dives make packaging the gating asset); a demonstrated 150C bake is not a 300C/1000h qualification","not a power idea (B25 excluded: instrumentation ICs, not power conversion)","no founder gate; watch triggers: a concrete joint campaign qualifying platform packaging AND AlGaN/GaN Hall high-T drift (upgrade toward strong, closes the 15-year-stale P0017 data gap); CISSOID last-time-buy supply-gap refresh","high ($850k first experiment per new06 - PhD-parallel capital misfit, B20)","capital misfit dominates founder feasibility; qualification campaigns 2027-2029 collide with PhD years; demand facts corpus-dated","if the venture's value proves pure IC-design + packaging IP, the transfer downgrades to weak; the joint-qualification trigger firing upgrades it; no 300C-qualification path exists at founder scale"
P3R2-E-04,"High-density cryogenic interconnect loader with co-packaged 4K readout front-end (superconducting flex + cryo-CMOS mux + cryo-LNA)","all three finals, triple intersection: BLIND 21 / OLD 13 / NEW 16 (B40-26)",watch,1.8,"+/-0.8 (overlaps ranks 8 and 10)","MEDIUM/WEAK boundary: functionally the nearest venture to the PhD's readout work (C03/C13/C14/C46) but the environment axis inverts (4K vs 150C) and the core differentiators (cryo-CMOS, superconducting flex, dilution-fridge budgets) have zero PhD evidence (EV31/EV13)","not a power idea (B25 excluded: cryo readout)","no founder gate during the PhD: BIS 2024 quantum/cryo ECCNs (incl. 3A904 class) impose deemed-export exposure for a non-US-person researcher (C42) - active work is deferred by design; watch triggers: post-PhD status change, Delft/Bluefors absorption, whether the buyable unit is the cryo-IC or the integrated loader","moderate-high (cryo development, record level)","deemed-export/licensing friction during the PhD is idea-specific (B20 flag carried); DOE QIS window 2028-2032 sits in PhD tail years; absorption risk by incumbent cryo vendors","if the buyable unit proves to be the cryo-IC itself, the mechanism downgrades to speculative; a joint program using the PhD's packaging line for cryo-qualification would upgrade toward strong"
P3R2-F-02,"Superconducting-magnet electrical balance-of-plant platform (10 ppm-class drive-and-dump skids, current leads, busbars)","BLIND 16 / OLD 15 / NEW P4 score-cut at 59.4 - BLIND+OLD agree against NEW (B40-26)",watch,1.7,"+/-0.8 (overlaps ranks 9 and 11-13)","WEAK with two honest slivers: 10 ppm regulation lives in the measurement chain (DCCT/zero-flux class, EV28; same conclusion as startup DD-C10: B25 section 8) - method-adjacent to C03/C06; and the magnet-community buyer class is verified current (B40-12) - buyer adjacency, not mechanism","W2-adjacent: same market layer as ST01-C10 seen from the frontier side (B25 section 8 reconciliation); fusion supply-chain bottleneck context live-verified by B25 (B40-17)","no F-02-specific gate; the reverse sliver (trusted excursion chains, BT-3/FT-05) is exercised by BR-A Phase 1 + BR-B regardless; watch trigger: a magnet-lab purchase order naming calibrated measurement uncertainty (not converter capacity) as the differentiator - B20's upgrade condition","moderate-high (skid product line, record level)","incumbents strong (OCEM/Danfysik class; Danfysik 10 ppm catalog verified live - B40-16); CFS-style bundling risk; NEW cut it on score","the trigger purchase order firing upgrades toward adjacent leverage; incumbent catalog expansion into fast-dynamics + telemetry closes the contestable layer; shared buyers must never be presented as synergy (B20 warning carried)"
P3R2-F-01,"Solid-state microsecond impedance-matching engines (switched SiC/PIN capacitor arrays) for pulsed/tailored-waveform RF plasma tools","all three finals, triple intersection: BLIND 20 / OLD 4 / NEW 10 (B40-26)",watch,1.7,"+/-0.7 (ties rank 12 region; overlaps 10-15)","WEAK: switch-stack design, arc-safe transitions, and OEM co-qualification are RF power electronics (EV30 boundary exactly; EV31); one real sliver - calibrated directional-power sensing under RF EMI (C03-adjacent) - is a supporting subsystem, not the socket","pulsed/RF power family (B25 section 8); PhD-independent verdict carried","no founder gate; watch trigger: an OEM evaluation pricing the calibrated sensing/state-estimation layer as the differentiator (B20's upgrade condition); venture kill: no generator/tool-vendor paid evaluation by end-2029 (its own rule)","moderate (module-scale, record level)","design-in window 2028-2029 collides with PhD mid-years; CN-leg export-compliance restructuring corpus-recorded; no PhD-adjacent moat","the OEM-evaluation trigger firing upgrades the sliver to adjacent leverage; the end-2029 no-evaluation kill fires and it drops to stop"
P3R2-A-05,"US merchant NEG-coating and low-outgassing surface engineering line for UHV/XHV chambers","BLIND 17 / OLD P4 survivor then P5 KILL (82%) / NEW 11 - an unverified red-team reversal (A30 rerun item 5)",watch,1.6,"+/-0.8 (overlaps ranks 10-16)","WEAK: component-level UHV practice is demonstrated (C46) but the core - CERN-lineage NEG sputter process engineering at chamber scale - has zero PhD evidence; the honest note: the venture whose daily working environment most resembles the PhD's lab practice (familiarity, not leverage - B20)","not a power idea (B25 excluded: materials-process discipline)","no founder gate; watch triggers: independent verification of NEW's revival facts (the 82%-kill reversal is unaudited - A30 item 5); this run's discovery-level search (B40-02) found no SAES US-capacity announcement, so the venture's own kill condition has not visibly fired; EIC/PIP-II procurement cadence","high (coating line, record level)","the OLD P5 kill (82%) vs NEW rank 11 contradiction is the sharpest unverified red-team reversal in the corpus; sole-incumbent (SAES) response risk; scope drift high","SAES announcing US capacity kills the venture (its own kill condition); independent verification of the revival facts either promotes it into the 11-13 band or confirms the P5 kill and demotes to stop"
P3R2-C-01,"800-VDC rack power-path protection shelf: solid-state breaker + precharge/inrush + insulation monitoring + hot-swap sequencing (consolidates P3R2-E-01 per A30 SEM-01)","all three finals via SEM-01: BLIND 1 as E-01 / OLD 5 / NEW 2 - the corpus's strongest cross-run commercial consensus (B40-26)",watch,1.6,"+/-0.7 (base 1.57 ties rank 14; ordered above C-04 because its protection-intelligence sliver is two-corpus-converged and BR-G-testable - stated judgment)","WEAK: sliver only - condition-monitoring telemetry and series-arc discrimination (EV27 class, B40-25; C03/C13 bench discipline); B10's demonstrated ledger contains no power-electronics or protection hardware (B20 correction 3); consensus strength and PhD alignment are independent axes","application context for the W1/W2-adjacent protection-intelligence lane - ST01-C06P independently scoped the surviving sliver as a standalone product (B25 section 8, the strongest cross-corpus signal); the founder-led breaker is an explicit B25 non-wedge","founder sliver only: BR-G (PB-3) pre-registered discrimination statistics at 48-100 V bench scale gates the sliver (G-BR-G); the venture-level proof (800VDC interruption + IEC 62477-1 certification, B40-14) requires a hired power/certification team; watch triggers: OCP/NVIDIA embed check end-2027 (ST01-C06P kill), paid design-in pricing the telemetry layer","high (power lab + certification campaign 2027-2029 + rack productization; corpus-dated)","no founder path to the core product; merchant SSCB entries press the window - Siemens SENTRON 3QD2 launch opened (B40-04); the ABB SACE Infinitus shipping claim remains discovery-level after a THIRD fetch timeout this run (B40-01); incumbents already inside the NVIDIA spec process (B40-13)","a paid design-in that prices the telemetry/discrimination layer upgrades the sliver to adjacent leverage (B20 falsifier); OCP/NVIDIA embedding the function in reference-design firmware by end-2027 closes the sliver lane; BR-G failure kills the sliver's technical premise at founder scale"
P3R2-C-04,"PFAS-free pumped two-phase direct-to-chip cooling loop (hermetic fluid-agnostic evaporator/condenser subsystem; consolidates P3R2-B-01 per A30 SEM-02)","all three finals: BLIND 11 / OLD 16 / NEW 19 (B-01 OLD 12 absorbed per SEM-02) (B40-26)",stop,1.6,"+/-0.7 (ties rank 13 - see C-01 note; disposition differs because no founder lane exists here)","WEAK, mechanism absent: two-phase thermal-fluids engineering and fluid co-qualification share nothing with Hall metrology (EV30/EV31); B20: the conceivable sliver (paid instrumented two-phase metrology) appears in NO record read","not a power idea (B25 excluded: thermal/fluids)","none founder-relevant: no B30 bridge touches two-phase fluids; no watch trigger exists in any record read (B20's falsifier cell states none appears) - which is precisely why this triple-final idea is a stop while lower-scored ideas with live triggers are watch","moderate-high (loop development + fluid qualification 2027-2031, record level)","total scope drift; regulatory driver (AIM Act/EU F-gas step-downs) is a market tailwind that maps to no PhD asset; window spans the entire remaining PhD","a buyer paying specifically for instrumented two-phase metrology (flow/void-fraction measurement with budgets) would create a thin sliver and justify re-scoring; none appears in any record read"
P3R2-C-22,"Electrolyzer stack degradation-emulation and bankability test systems (programmable ripple/intermittency benches)","all three finals, triple intersection: BLIND 15 / OLD 2 / NEW 13 (B40-26)",watch,1.6,"+/-0.7 (overlaps ranks 12-17)","WEAK (held against B25's wedge retest): the differentiator is stress-synthesis power electronics plus electrochemical degradation attribution - both outside PhD evidence; the bankability THEME parallels W1 but the load-bearing skill is electrochemistry (why it loses the W1 retest, B25 section 9)","qualification-platform family member that LOSES the W1 retest (B25); the family's honest venture on OLD's rank-2 evidence","no founder gate; watch triggers: paid engagements pricing the uncertainty-budgeted measurement/acceptance layer rather than stress synthesis (B20's upgrade condition); hydrogen FID trajectory; Greenlight adding stress synthesis = kill (its own record)","moderate-high (bench product line + campaigns, record level)","hydrogen FID collapse kills the venture independent of alignment; OLD's rank 2 reflected venture quality, not founder fit - the axes are not conflated here (B20)","the acceptance-layer pricing trigger upgrades forward toward adjacent; Greenlight shipping stress synthesis or hydrogen FID collapse demotes to stop"
P3R2-E-14,"Multi-terminal DC fault-discrimination protection relay + vendor-neutral HIL qualification platform (SEL of DC grids)","all three finals, triple intersection: BLIND 7 / OLD 7 / NEW 5 (B40-26)",watch,1.5,"+/-0.7 (overlaps ranks 13-18)","WEAK: traveling-wave/wavelet protection, real-time simulation, and utility qualification are kV/kA grid-protection engineering with no shared instrument/dataset/buyer (EV30/EV31, B40-24); the detection-statistics affinity is thematic (C23/C31, pre-redteam C40)","DC protection family; its HIL/qualification LEG is retained in the W1 comparison (B25) - the platform role is right, the domain skills are not the founder's","no founder gate; watch triggers: US multi-terminal DC actually reaching FID (its own key_kill: point-to-point through 2034), or a funded HIL engagement that specifically buys calibrated measurement-uncertainty work (B20's thin-link condition, PB-2-class deliverable)","moderate (HIL platform) to high (relay product), record level","the venture's core demand (US MTDC) is structurally unproven by its own record; strong consensus (7/7/5) reflects venture quality on an axis the founder cannot execute (no protection-firmware or utility-qualification capability in B10)","a funded HIL engagement pricing measurement-uncertainty work creates the thin adjacent link and upgrades; MTDC failing to materialize by its record's own horizon demotes to stop"
P3R2-C-13,"Precision GaN pump-driver and laser-power modules (merchant nanosecond-class programmable current drive)","all three finals, triple intersection: BLIND 24 / OLD 10 / NEW 9 (B40-26)",watch,1.4,"+/-0.7 (overlaps ranks 15-19)","WEAK: the GaN overlap is vocabulary not mechanism (Hall-sensing 2DEG vs power HEMT switching - EV31, B40-24); one narrow sliver: calibrated pulse-current sensing and diode-health telemetry under switching EMI (EV27/P0050 class)","pulsed/RF family subsystem (B25); deprioritized as founder-led module business; the calibrated-telemetry lane is the only PhD-adjacent element and is not the socket","no founder gate; the sliver's method evidence rides BR-B (PB-1/PB-4 rehearse calibrated pulse-current measurement); watch trigger: a paid OEM evaluation pricing the calibrated-telemetry layer rather than edge speed or BOM (B20's falsifier); venture gate: the record's own unpassed $72k make-vs-buy socket study","moderate (module bench + $72k socket gate, corpus-dated)","the OEM merchant socket is the unproven core per its own record; export-compliance burden on defense-adjacent variants; design-in 2028-2029 collides with PhD years","the OEM-evaluation trigger upgrades the sliver to adjacent leverage; the socket study failing (or never running) leaves it a permanent watch and eventual stop"
P3R2-C-08,"Thermal-shock-tolerant printed-circuit heat exchangers (PCHE) - merchant diffusion-bonded recuperators for sCO2/heat pumps/H2 precooling","all three finals, triple intersection: BLIND 8 / OLD 11 / NEW 14 (B40-26)",stop,1.4,"+/-0.7 (overlaps ranks 16-20)","WEAK, mechanism absent: metallurgy/manufacturing plus thermal-hydraulic qualification - no measurement-electronics, magnetics, or estimator content anywhere in its record (B20); the closest hook is thermal-mechanical test engineering, a different discipline","not a power idea (B25 excluded: thermal/materials)","none founder-relevant; the hypothetical sliver (a named buyer demanding third-party instrumented transient-qualification metrology) appears in no record read - stop rather than watch for exactly that reason; $600k first experiment misfits PhD-parallel work (B20)","high ($600k first experiment + manufacturing build, record level)","total scope drift; capital misfit; ASME-code and manufacturing execution risks belong to a different founder profile","a named buyer demanding instrumented transient-qualification metrology as the purchased value would create a thin sliver and justify re-scoring; none found in any record read"
P3R2-C-09,"Standardized solid-state pulsed-power platform (stackable Marx/modulator modules, digital droop control) for e-beam/X-ray/accelerator RF","BLIND 4 / OLD double-kill (P4 G7 64.4; P5 revival re-kill 52.2) / NEW 12; A30 DIS-C09 verified the split on opened primaries (B40-20/21)",watch,1.4,"+/-0.6 (overlaps ranks 17-20)","WEAK: stacked kV-class solid-state switching with droop/jitter control is power-conversion platform engineering (EV30/EV31); slivers: IEC 60060-1-class module acceptance testing and fleet telemetry - measurement-flavored, non-core","pulsed-power platform + reference-design exemplar (B25 section 7); PhD-independent verdict carried","no founder gate; watch triggers: a paid acceptance-metrology engagement (droop/jitter qualification as the purchased deliverable - B20's thin-link condition); OEM design-in cadence toward the record's own 2033 kill; adjudication basis: A30's verified non-EtO-led mid-pack demand (EtO leg reversed by EPA's own proposal - B40-20; cargo-NII and isotope legs verified - B40-21)","high (platform build 2027-2030, record level)","BLIND's rank 4 leaned on the reversed EtO leg (verified blind error component); incumbent (ScandiNova) moving toward MORE proprietary integration; CGN Entity-List-adjacency counsel question open (A30 rerun item 4)","a paid acceptance-metrology engagement creates the thin adjacent link and upgrades; no OEM design-in by 2033 kills the venture (its own rule)"
P3R2-F-23,"PEM electrolyzer protective operating-envelope controllers with warranty-grade black-box logging","OLD 22 / NEW 23; BLIND not selected (CONTINGENT) - both baselines' bottom tail (B40-26)",stop,1.3,"+/-0.7 (overlaps ranks 18-21)","WEAK, mechanism absent with one nuance: the evidence layer is logging/attestation (data engineering), not traceable measurement; no PhD asset maps onto embedded plant control or electrochemical degradation economics (B20)","rectifier/electrolyzer family completeness row (B25); family verdict: no founder wedge","none founder-relevant; its only conceivable sliver is identical to C-22's acceptance-layer condition, which is already monitored on C-22's row (the family's stronger member) - a second monitoring slot adds nothing; venture gate: the 2000h A/B trial (its own kill)","moderate (controller product + trials, record level)","bottom-tail in both baselines that selected it; hydrogen-window dependence; attestation layer contestable by incumbents' firmware","if C-22's acceptance-layer trigger fires AND the buyer specifically prices warranty-grade traceable measurement (not logging), re-scoring is justified; otherwise closed"
P3R2-D-19,"Distributed composite-flywheel kinetic buffers for off-grid AI power plants","NEW 20 only; OLD P4 survivor then P5 HOLD; BLIND near-miss (CONTINGENT) - two-of-three soft-positive signals, no verified facts (B40-26)",stop,1.2,"+/-0.7 (overlaps ranks 20 and 22-23)","WEAK, mechanism absent: magnetic-bearing flywheels are machine-level electromagnetics (levitation control, rotordynamics) - not field metrology (EV30/EV31); bearing-gap sensing is commodity position sensing; B20: no sliver worth naming","power-infrastructure boundary case whose decisive risk is rotor/machine engineering, not the converter (B25 inclusion boundary); retired","none founder-relevant; no watch trigger identified in any record read (B20: none realistic); included in the ranked 24 on its two-of-three positive cross-run signal, closed on founder evidence","high (composite rotor manufacturing + deployment, selection-entry record depth - disclosed)","NEW's revival is unverified (A30 item 5 class); selection-entry record depth only; program/procurement facts corpus-dated","a funded deployment explicitly purchasing instrumented rotor-health metrology would be a different idea; none exists in any record read"
P3R2-A-02,"Modular MVDC (1-35 kV) hybrid solid-state circuit breaker","BLIND 19 / OLD P4 survivor then P5 KILL (82%) / NEW P4 survivor (64.8) but selection near-miss (B40-26)",stop,1.1,"+/-0.7 (overlaps ranks 21 and 23)","WEAK, mechanism absent: the C-01 discipline family at higher voltage, minus even the telemetry sliver's proximity (EV30/EV31); IEC 62477-1's <=1.5 kVDC scope does NOT cover this class (B40-14, B25)","DC protection family context only (B25: retire; keep as family context for C-01/ST01-C06P lane)","none founder-relevant; the record's own red team found DG Matrix/Amperesand already shipping SST-class hardware, and new06's own near-miss note flags the $1.5M first experiment as a capital misfit - both carried as the closing facts","high ($1.5M first experiment per new06's own note; MV switchgear certification campaign)","shipping incumbent hardware per the record's red team; capital misfit named by the reviving run itself; MV certification burden entirely outside B10's ledger","same as C-01's falsifier one tier weaker: a paid engagement pricing calibrated telemetry/condition monitoring would create a thin sliver; none exists in any record read"
P3R2-C-07,"Low-ripple active-front-end rectification retrofits for electrochemical plants (hydrogen electrolyzers / copper electrowinning)","BLIND 10 / OLD P4 G7 kill (60.0) / NEW gates-clean (61.6) below survivor cut; A30 DIS-C07 verified the kill facts on opened primaries - the clearest verified blind error (B40-05/06)",stop,1.1,"+/-0.6 (overlaps ranks 21-22)","WEAK (boundary): no concrete mechanism - kA-class AFE/IGBT engineering and performance-contract M&V share no instrument, method, dataset, or buyer with Hall metrology (EV30/EV31); plant energy metering is commodity metrology, not the WP-C niche","rectifier/electrolyzer family killed exemplar (B25); no wedge role","none identified in any record read; the only conceivable sliver (uncertainty-budgeted M&V) has no evidenced buyer (B20)","moderate-high (plant retrofit projects, record level)","window structurally impaired NOW and verified: 45V construction-start pulled to before 2028-01-01 (PL 119-21 section 70511, statute opened by A30 - B40-05); category already merchant-served (Ingeteam INGECON H2, <3% THD, shipping since 2023 - B40-06)","a named US electrowinning tender explicitly demanding third-party measurement-grade M&V from a metrology-credentialed vendor would reopen a thin adjacent link and justify re-scoring (none found in any record read)"
P3R2-D-10,"Coherent-beam-combining phase-control engine for directed-energy and ultrafast lasers","BLIND 14 / OLD P4 G7 kill (73.4, highest-scored old kill) / NEW 4; A30 DIS-D10 verified on opened primaries: NEW's rank 4 is more aggressive than the primary evidence warrants (B40-09/10)",stop,0.7,"+/-0.7 (lowest score; band overlaps ranks 22-23 only)","ADVERSE (B20's only ADVERSE): zero mechanism in either direction; the control/estimation similarity is thematic and rejected as causation; controlled-technical-data/classification regimes structurally conflict with the PhD's open-publication gates (G5/C49; C33/C34) and C42","power-adjacent boundary case only (electro-optic modulator front-ends), NOT a power idea; explicit B25 non-wedge; retired","none founder-relevant; pursuing it seriously implies pausing or leaving the PhD (B20's disposition, adopted)","program-scale (prime-facing; not founder-relevant)","A30-verified: JLWS awardee nLIGHT holds coherent beam combining as proprietary vertically-integrated technology ($44M initial / $627M ceiling, 2026-07-09 - B40-09); the 2026-2028 decision window collides with the entire remaining PhD horizon (B40-10); international-student + classification friction compounds (C42)","a JBCS subsystem carve-out permitting open unclassified merchant participation PLUS a demonstrated PhD-derived electro-optic control asset would falsify ADVERSE and force full re-scoring; neither exists in any record read"
