"source_id","citation","title","authors","year","venue","doi","url","source_type","peer_review_status","quality_tier","topic_tags","claims_supported","verification_basis","access_level","notes"
"H001","Kim, Kim, Ghim & Bak, Nucl. Fusion 65 (2025) 046008","Sensor fusion and magnetic drift estimation in magnetic measurements using Kalman filter for long-duration plasma operations","Jaewook Kim; Jayhyun Kim; Y.-c. Ghim; Jun-Gyo Bak","2025","Nuclear Fusion, vol. 65, 046008","10.1088/1741-4326/adb599","https://doi.org/10.1088/1741-4326/adb599","journal_article","verified_peer_reviewed","A","direct_hybrid;calibration_or_observer;coil_or_integrator","Kalman filter models coil-integrator bias as a Wiener process and fuses it with a DC Hall reading to reconstruct field with suppressed drift; ~3 orders-of-magnitude drift reduction claimed.","Read abstract on IOPscience publisher page; Crossref metadata confirmed.","abstract_metadata","ESTIMATES coil/integrator bias (additive), using Hall as DC anchor; does NOT estimate Hall gain/sensitivity. Demonstrated on SYNTHETIC Hall/coil data per abstract, not real tokamak discharge data -- simulation demonstration, not experimental validation. DUPLICATE of folder 06 ledger row S0118 (same DOI) -- do not count as new-vs-06 at merge stage. LITERATURE_SEEDS direct seed #1."
"H002","Ivanek et al., Fusion Eng. Des. 217 (2025) 115180","Data fusion of magnetic coils and Hall sensors using Kalman filtering","Matej Ivanek; Ivan Duran; Slavomir Entler; Andre Torres; Alfredo Pironti; Antonio Quercia; Petr Sladek; Marek Simonovsky; Jan Reboun; Pavel Turjanica","2025","Fusion Engineering and Design, vol. 217, 115180","10.1016/j.fusengdes.2025.115180","https://doi.org/10.1016/j.fusengdes.2025.115180","journal_article","verified_peer_reviewed","B","direct_hybrid;calibration_or_observer;coil_or_integrator","Kalman-filter fusion of broadband dB/dt coil signal (10s-100s kHz) with narrowband/DC Hall signal for tokamak field estimation; abstract states validation but source basis for real-vs-synthetic data was not independently confirmed.","Crossref/DOI metadata confirmed (title/authors/venue/vol/article no.); ScienceDirect abstract page returned HTTP 403 on fetch, content drawn from secondary search-engine summary only, NOT independently read.","metadata_only","ESTIMATES coil/integrator bias using Hall as DC anchor (same architecture family as H001; author overlap with H003/H007). DUPLICATE of folder 06 ledger row S0122 (same DOI). LITERATURE_SEEDS direct seed #2. Validation claim (real vs synthetic data) is UNCONFIRMED -- flagged, do not overstate in synthesis."
"H003","Quercia et al., Nucl. Fusion 62 (2022) 106032","Long term operation of the radiation-hard Hall probes system and the path toward a high performance hybrid magnetic field sensor","A. Quercia; A. Pironti; I. Bolshakova; R. Holyaka; I. Duran; A. Murari; JET Contributors","2022","Nuclear Fusion, vol. 62, 106032","10.1088/1741-4326/ac8aad","https://doi.org/10.1088/1741-4326/ac8aad","journal_article","verified_peer_reviewed","A","direct_hybrid;calibration_or_observer;coil_or_integrator;hall_reference","OBSERVED: 11.5-year (2009-2021, >19,000 pulses) JET operational record of InSb radiation-hard Hall probes (RHP), including a D-T campaign, with in-situ microsolenoid self-recalibration preserving sensitivity (SD ~0.07% over 11 yr). PROPOSED (not built/tested): a coil+Hall Luenberger-Kalman 'hybrid probe' concept.","Read abstract on IOPscience publisher page; Crossref metadata confirmed.","abstract_metadata","Two claims must be kept separate: (1) OBSERVED -- Hall SENSITIVITY stability verified via same-technology in-situ AC test-field injection (microsolenoid on the same die), not a cross-technology/material-diverse check; (2) PROPOSED -- the coil+Hall hybrid observer is a forward-looking design in this paper, not a tested system. DUPLICATE of folder 06 ledger row S0068. LITERATURE_SEEDS direct seed #3 (\"2022 JET hybrid paper\")."
"H004","Arpaia, Buzio, Di Capua, Grassini, Parvis & Pentella, Sensors 22 (2022) 182","Drift-Free Integration in Inductive Magnetic Field Measurements Achieved by Kalman Filtering","Pasquale Arpaia; Marco Buzio; Vincenzo Di Capua; Sabrina Grassini; Marco Parvis; Mariano Pentella","2022","Sensors, vol. 22, no. 1, 182","10.3390/s22010182","https://doi.org/10.3390/s22010182","journal_article","verified_peer_reviewed","A","direct_hybrid;coil_or_integrator;calibration_or_observer;hall_reference","Kalman filter treats coil-integrated field as the state and uses either a Hall probe (CS1) or magnet excitation current (CS2) as measurement update; drift reduced from 59.9-120 ppm/s to 0.02-0.08 ppm/s on a real CERN accelerator-magnet bench (hardware-validated, not synthetic).","Read full text (PMC open access, PMC8749566).","full_text","ESTIMATES/corrects coil integrator bias (drift) using Hall field or magnet current as an absolute reference; does NOT estimate or correct Hall sensitivity/gain or any radiation-induced Hall parameter. Non-fusion (CERN accelerator) context -- architecturally transferable per MISSION scope. DUPLICATE of folder 06 ledger row S0179. LITERATURE_SEEDS direct seed #4. Online-first 2021, issue year 2022 (normal MDPI behavior, not a seed error)."
"H005","Amodeo, Arpaia & Buzio, Sensors 19 (2019) 5455","Integrator Drift Compensation of Magnetic Flux Transducers by Feed-Forward Correction","Maria Amodeo; Pasquale Arpaia; Marco Buzio","2019","Sensors, vol. 19, no. 24, 5455","10.3390/s19245455","https://doi.org/10.3390/s19245455","journal_article","verified_peer_reviewed","B","coil_or_integrator;calibration_or_observer","Analytical feed-forward (non-Kalman) correction of magnetic-flux integrator drift using a 5-ppm NMR transducer (Metrolab PT2026) as reference on CERN ELENA/PSB magnets; ~3 orders-of-magnitude drift reduction, 1 uT stability over 120 s cycles.","Read full text (PMC open access, PMC6960720).","full_text","SEED-LIST TITLE ERROR RESOLVED: LITERATURE_SEEDS.md lists this DOI under the title 'Integrator Drift Compensation of Magnetic Flux Measurements by Extended Kalman Filtering' -- that title does NOT match this DOI (confirmed via Crossref + PMC full text). The seed description appears to conflate this paper's DOI/venue with the Kalman-filter methodology that actually belongs to H003/H004. Reference sensor here is an NMR probe, NOT Hall -- do not tag hall_reference. Corrects coil/integrator bias only. DUPLICATE of folder 06 ledger row S0180 (06's title is already correct)."
"H006","Bolshakova, Duran, Holyaka, Hristoforou & Marusenkov, Sensor Letters 5 (2007) 283","Performance of Hall Sensor-Based Devices for Magnetic Field Diagnosis at Fusion Reactors","I. Bolshakova; I. Duran; R. Holyaka; E. Hristoforou; A. Marusenkov","2007","Sensor Letters, vol. 5, no. 1, pp. 283-288","10.1166/sl.2007.004","https://doi.org/10.1166/sl.2007.004","journal_article","peer_review_uncertain","C","direct_hybrid;calibration_or_observer","Reportedly describes Hall-sensor devices combining a sensing element and a test/actuator element in one primary transducer for self-diagnostic/automatic-correction in fusion-reactor radiation environments.","DOI/title/authors/venue/vol/issue/pages confirmed via Crossref (legitimate ASP-registered DOI, not fabricated); original PDF (CTU Golem mirror) password-protected, Ingenta Connect publisher page returned HTTP 403 -- content description rests on consistent multi-source search-engine snippets only, NOT independently read.","metadata_only","Downgraded to peer_review_uncertain: Sensor Letters (American Scientific Publishers) has raised venue-quality concerns in the literature-integrity community independent of the DOI's legitimacy; full text could not be obtained by any search pass to confirm rigor. Treat as the earliest CONCEPTUAL disclosure of the Hall sensing+actuation self-test idea, but rely on H007 (IEEE TNS 2012, same author group, unambiguously rigorous venue) as the stronger evidentiary source for the same architecture in actual JET operation. Do not substitute one for the other -- different maturity stages of the same idea. LITERATURE_SEEDS flags this as important prior art; content NOT full-text-confirmed, so no strong novelty claim should rest on this row alone."
"H007","Bolshakova et al., IEEE Trans. Nucl. Sci. 59 (2012) 1224","Magnetic Measuring Instrumentation With Radiation-Resistant Hall Sensors for Fusion Reactors: Experience of Testing at JET","I. Bolshakova; A. Quercia; V. Coccorese; A. Murari; R. Holyaka; I. Duran; L. Viererbl; R. Konopleva; V. Yerashok","2012","IEEE Transactions on Nuclear Science, vol. 59, no. 4, pp. 1224-1231","10.1109/TNS.2012.2188816","https://doi.org/10.1109/TNS.2012.2188816","journal_article","verified_peer_reviewed","A","direct_hybrid;calibration_or_observer;hall_reference","Documents the JET ex-vessel radiation-resistant Hall probe (RHP) instrumentation in which embedded microsolenoids serve a dual role: inject an AC test field for in-situ Hall self-recalibration, and (during pulses) act as inductive pickup coils whose signals are also recorded.","Crossref/DOI metadata confirmed (title/authors/venue/vol/issue/pages); content corroborated by consistent independent search snippets and a EUROfusion preprint listing (scipub.euro-fusion.org/EFDP11054), but that preprint PDF is password-protected -- NOT independently full-text read.","metadata_only","Best-verified, operationally-deployed embodiment of the sensor+actuator self-diagnostic concept (stronger venue than H006). IEEE TNS is a rigorous peer-reviewed venue. Corrects/verifies Hall SENSITIVITY via same-technology embedded self-test winding; the same winding doubling as a coil pickup is the clearest documented precedent for a literal Hall+coil single-transducer hybrid in a fusion machine."
"H008","Hosozawa, Sekiguchi, Asai & Takahashi, Rev. Sci. Instrum. 89 (2018) 10J120","Application of a Hall sensor for pulsed magnetic field measurement in the FAT-CM FRC experiments","A. Hosozawa; J. Sekiguchi; T. Asai; T. Takahashi","2018","Review of Scientific Instruments, vol. 89, no. 10, 10J120","10.1063/1.5039356","https://doi.org/10.1063/1.5039356","journal_article","verified_peer_reviewed","B","direct_hybrid;coil_or_integrator;hall_reference","Combines a Hall sensor (covers the low-frequency/quasi-static band where coil-probe integration errors dominate) with a magnetic coil probe (covers high-frequency pulsed transients) for a field-reversed-configuration (FRC) plasma-merging experiment; paper states the combination 'ensures a comprehensive measurement of the magnetic field.'","Read abstract via publisher/PubMed page fetch; Crossref metadata confirmed.","abstract_metadata","Genuine DC+AC complementary Hall+coil combination in an operating magneto-fusion-relevant device (FRC, not mainstream tokamak -- falls under MISSION's 'technically transferable' scope). Could NOT confirm from the abstract whether this is a formal Kalman/Luenberger/complementary observer or a simpler frequency-band hand-off scheme -- do not assume estimator sophistication beyond stated text. DUPLICATE of folder 06 ledger row S0173."
"H009","Bak, Lee, Son & KSTAR Project Team, Rev. Sci. Instrum. 75 (2004) 4305","Performance of the magnetic sensor and the integrator for the KSTAR magnetic diagnostics","J. G. Bak; S. G. Lee; DeRac Son; KSTAR Project Team","2004","Review of Scientific Instruments, vol. 75, no. 10, pp. 4305-4307","10.1063/1.1789620","https://doi.org/10.1063/1.1789620","journal_article","verified_peer_reviewed","C","coil_or_integrator;context_only","Characterizes Mirnov/pickup-coil frequency response (10 kHz-15 MHz) and an analog integrator with automatic drift compensation for KSTAR.","Search-engine snippet describing publisher abstract (AIP page returned HTTP 403); Crossref metadata confirmed.","metadata_only","NOT a Hall+coil hybrid paper -- coil/integrator only, no Hall sensor found in the available description. Retained only as historical KSTAR context motivating the long-pulse drift problem later addressed by H001 (same institutional lineage). Do not count as direct hybrid evidence. DUPLICATE of folder 06 ledger row S0105."
"H010","Shen, Xi, Qian, Sun & Fan, Fusion Eng. Des. 84 (2009) 19","The magnetic field configuration measurement on EAST tokamak","B. Shen; W. B. Xi; J. P. Qian; Y. W. Sun; H. Y. Fan","2009","Fusion Engineering and Design, vol. 84, no. 1, pp. 19-23","10.1016/j.fusengdes.2008.07.045","https://doi.org/10.1016/j.fusengdes.2008.07.045","journal_article","verified_peer_reviewed","C","context_only","Bibliographic record confirmed; an AI-search summary claimed the method jointly uses magnetic (coil) probes and Hall probes to reconstruct EAST TF/PF field configuration, but this claim was NOT independently verified from the actual abstract or text.","Crossref bibliographic metadata confirmed; ScienceDirect abstract page returned HTTP 403 on every attempt -- the 'combines Hall probes' content claim is search-snippet-only and UNVERIFIED.","metadata_only","LOW CONFIDENCE, deliberately not dropped per instructions: bibliographic record is solid, but the direct_hybrid content claim rests entirely on unverified AI-search synthesis. Tagged context_only, NOT direct_hybrid, until a direct read is obtained. DUPLICATE of folder 06 ledger row S0069."
"H011","Bolshakova et al., Nucl. Fusion 55 (2015) 083006","Experimental evaluation of stable long term operation of semiconductor magnetic sensors at ITER relevant environment","I. Bolshakova; S. Belyaev; M. Bulavin; et al. (22 authors incl. Ph. Moreau; A. Murari; A. Quercia; I. Duran)","2015","Nuclear Fusion, vol. 55, no. 8, 083006","10.1088/0029-5515/55/8/083006","https://doi.org/10.1088/0029-5515/55/8/083006","journal_article","verified_peer_reviewed","B","hall_reference;context_only","Title-level confirmed: long-term stability evaluation of semiconductor (Hall) magnetic sensors under an ITER-relevant radiation environment.","Crossref bibliographic metadata confirmed; abstract not independently read.","metadata_only","Same author network as H003/H006/H007 (Bolshakova, Duran, Murari, Quercia) -- establishes the radiation-hardness baseline the 2022 hybrid-sensor proposal (H003) builds on. NOT itself a Hall+coil hybrid paper; included as lineage/context only. DUPLICATE of folder 06 ledger row S0111."
"H012","Higgins, IEEE Trans. Aerosp. Electron. Syst. 11 (1975) 321","A Comparison of Complementary and Kalman Filtering","W. T. Higgins","1975","IEEE Transactions on Aerospace and Electronic Systems, vol. 11, no. 3, pp. 321-325","10.1109/TAES.1975.308081","https://doi.org/10.1109/TAES.1975.308081","journal_article","verified_peer_reviewed","A","calibration_or_observer;enabling_only","Proves the classical complementary filter (low-pass on an absolute/DC channel + high-pass on a rate/derivative channel) is mathematically equivalent to a steady-state Kalman filter under stated noise assumptions -- the foundational theory link between complementary filtering and Kalman fusion of a DC-type and a rate-type sensor, directly analogous to Hall(DC)+coil(dB/dt).","Crossref/DOI metadata confirmed; abstract not independently retrieved (IEEE Xplore page not fetchable) -- content characterization from secondary search-engine summary.","metadata_only","Theory only, no hardware. Does NOT address joint gain+bias+state identifiability -- assumes both channels already have known/unit gain and treats only noise-optimal blending, not confounding of unknown gain/bias with true state. Foundational enabling prior art, not a substitute for an identifiability proof."
"H013","Mahony, Hamel & Pflimlin, IEEE Trans. Autom. Control 53 (2008) 1203","Nonlinear Complementary Filters on the Special Orthogonal Group","Robert Mahony; Tarek Hamel; Jean-Michel Pflimlin","2008","IEEE Transactions on Automatic Control, vol. 53, no. 5, pp. 1203-1218","10.1109/TAC.2008.923738","https://doi.org/10.1109/TAC.2008.923738","journal_article","verified_peer_reviewed","A","calibration_or_observer;enabling_only","Nonlinear observer fusing a low-frequency absolute reference (accelerometer/vector measurements) with a high-frequency rate sensor (gyro); derives direct/passive/explicit complementary filters, proves Lyapunov (almost-global) stability, extends to online gyro-bias estimation; validated on real UAV/robot hardware.","Read abstract via Semantic Scholar metadata aggregator plus Crossref bibliographic metadata.","abstract_metadata","Jointly estimates state (attitude) AND rate-sensor bias, showing local/almost-global observability given persistent excitation from the absolute reference -- a rigorous nonlinear-observer analog to coil-drift+Hall-reference, but ASSUMES known gain on the absolute sensor (does not treat unknown Hall-like gain), so it is only a partial analog. Hardware-validated, not simulation only."
"H014","Madgwick, Harrison & Vaidyanathan, ICORR 2011","Estimation of IMU and MARG Orientation Using a Gradient Descent Algorithm","Sebastian O. H. Madgwick; Andrew J. L. Harrison; Ravi Vaidyanathan","2011","Proc. 2011 IEEE International Conference on Rehabilitation Robotics (ICORR), pp. 1-7","10.1109/ICORR.2011.5975346","https://doi.org/10.1109/ICORR.2011.5975346","conference_paper","verified_peer_reviewed","B","calibration_or_observer;enabling_only","Widely-adopted ('Madgwick filter') gradient-descent fusion of accelerometer/magnetometer (absolute, low-frequency) with gyroscope (rate, drift-prone) for orientation, including online gyro-bias/drift correction; hardware-validated against a commercial optical system.","Crossref/DOI metadata confirmed (title/authors/venue/DOI/PubMed ID); abstract text itself not retrieved (marked unavailable by aggregator).","metadata_only","Engineering-practice analog, not a formal identifiability proof -- no observability/rank argument for jointly recovering sensor gain, bias, and state. Useful as enabling/heuristic-fusion context, not identifiability evidence."
"H015","Friedland, IEEE Trans. Autom. Control AC-14 (1969) 359","Treatment of Bias in Recursive Filtering","Bernard Friedland","1969","IEEE Transactions on Automatic Control, vol. AC-14, no. 4, pp. 359-367","10.1109/TAC.1969.1099223","https://doi.org/10.1109/TAC.1969.1099223","journal_article","verified_peer_reviewed","A","calibration_or_observer","Classical result: for a linear system with an unknown constant bias, the optimal state estimate decomposes into a bias-free estimate plus a correction term driven by a separately-estimated bias -- the foundational 'separate-bias filter' underlying later joint state+bias observers.","Crossref/DOI metadata confirmed; content description from secondary search-engine summary, not a directly read abstract or full text.","metadata_only","Theory only. Establishes state and constant bias are jointly estimable and computationally separable under a stated observability condition -- relevant groundwork for testing S_H/b_H/B or K_C/b_C confounding, but does not itself analyze a two-heterogeneous-sensor (absolute+derivative) architecture."
"H016","Kitanidis, Automatica 23 (1987) 775","Unbiased Minimum-Variance Linear State Estimation","P. K. Kitanidis","1987","Automatica, vol. 23, no. 6, pp. 775-778","10.1016/0005-1098(87)90037-9","https://doi.org/10.1016/0005-1098(87)90037-9","journal_article","verified_peer_reviewed","A","calibration_or_observer","Foundational unknown-input, unbiased minimum-variance recursive filter: derives a state estimator exactly decoupled from an unknown (possibly non-Gaussian) input/disturbance term -- direct ancestor of modern joint state+bias+unknown-input observers.","Crossref/DOI + Semantic Scholar metadata only; abstract not retrieved (restricted by publisher/aggregator).","metadata_only","Theory only, no hardware. Provides the algebraic machinery (existence/rank conditions for unbiasedness) later extended (H017, H021) to the 'state + sensor bias + unknown input from heterogeneous sensors' identifiability question central to this project."
"H017","Darouach & Zasadzinski, Automatica 33 (1997) 717","Unbiased Minimum Variance Estimation for Systems with Unknown Exogenous Inputs","M. Darouach; M. Zasadzinski","1997","Automatica, vol. 33, no. 4, pp. 717-719","10.1016/S0005-1098(96)00217-8","https://doi.org/10.1016/S0005-1098(96)00217-8","journal_article","verified_peer_reviewed","B","calibration_or_observer","Generalizes Kitanidis's parameterized unbiased minimum-variance filter to linear systems with unknown exogenous inputs, giving explicit existence/rank conditions for a valid unbiased observer.","Crossref/DOI metadata confirmed (title/authors/year/pages/DOI; venue confirmed via Crossref container-title, disregarding a Semantic Scholar venue-field artifact). Abstract not retrieved.","metadata_only","Theory only. States an explicit rank/existence condition for unbiased joint state+unknown-input observability -- the same class of test (rank of an augmented observability matrix) the Decision Framework requires for Hall gain/bias + coil gain/drift + true field."
"H018","Rhee, Abdel-Hafez & Speyer, IEEE Trans. Aerosp. Electron. Syst. 40 (2004) 526","Observability of an Integrated GPS/INS during Maneuvers","Ilkyu Rhee; Mohammad F. Abdel-Hafez; Jason L. Speyer","2004","IEEE Transactions on Aerospace and Electronic Systems, vol. 40, no. 2, pp. 526-535","10.1109/TAES.2004.1310002","https://doi.org/10.1109/TAES.2004.1310002","journal_article","verified_peer_reviewed","A","calibration_or_observer;enabling_only","Formal observability analysis of a loosely-coupled GPS (absolute-position sensor) + INS (integrating/rate sensor with gyro/accelerometer bias) architecture; identifies which bias/error states are observable vs. unobservable under straight-line flight vs. maneuvering, and derives the excitation condition required for full observability.","Crossref/DOI metadata confirmed (cross-checked twice); IEEE Xplore abstract page not fetchable (JS-rendered) -- content description drawn from the well-established, consistently-reported scope of this paper across secondary sources, NOT independently read in full.","metadata_only","Closest published analog to this project's central question: absolute/DC-type sensor (GPS) fused with an integrating rate sensor (INS) with unknown biases, analyzed via an explicit observability-matrix argument, showing bias/state confounding is resolved only under specific excitation (maneuvering) -- i.e., conditional, NOT automatic identifiability. Pure navigation-systems theory, no radiation/temperature context."
"H019","Hong, Lee, Chun, Kwon & Speyer, IEEE Trans. Veh. Technol. 54 (2005) 731","Observability of Error States in GPS/INS Integration","Sinpyo Hong; Man Hyung Lee; Ho-Hwan Chun; Sun-Hong Kwon; Jason L. Speyer","2005","IEEE Transactions on Vehicular Technology, vol. 54, no. 2, pp. 731-743","10.1109/TVT.2004.841540","https://doi.org/10.1109/TVT.2004.841540","journal_article","verified_peer_reviewed","B","calibration_or_observer;enabling_only","Companion observability study to H018: decomposes the GPS/INS error-state observability matrix into observable/unobservable subspaces, showing attitude, gyro-bias, and lever-arm uncertainty determine which position/velocity/accelerometer-bias errors remain unobservable absent maneuvering.","Crossref/DOI + Semantic Scholar metadata confirmed; abstract not retrieved directly -- content drawn from a secondary aggregator summary explicitly attributed to this paper.","metadata_only","Independent confirmation (via subspace decomposition rather than a simple rank test) that gain/bias/state confounding in absolute+rate sensor fusion is structurally real and excitation-dependent, not merely a modeling inconvenience."
"H020","Alonso & Shuster, J. Astronaut. Sci. 51 (2003) 133","Centering and Observability in Attitude-Independent Magnetometer-Bias Determination","Roberto Alonso; Malcolm D. Shuster","2003","The Journal of the Astronautical Sciences, vol. 51, no. 2, pp. 133-141","10.1007/BF03546305","https://doi.org/10.1007/BF03546305","journal_article","verified_peer_reviewed","B","calibration_or_observer;enabling_only","Analyzes exactly when a magnetometer's own bias is observable without independent attitude/state knowledge, using a 'centering' transformation of the measurement geometry, and identifies degenerate (unobservable) geometries.","Crossref/DOI + Semantic Scholar metadata confirmed; abstract not retrieved (restricted by publisher).","metadata_only","Directly on point for the 'Hall offset vs. slowly-changing/degenerate field' confound: shows bias-only identifiability of an absolute-type sensor is geometry/trajectory dependent and can degenerate -- a cautionary structural result, theory only."
"H021","Zhou, Liang, Yang, Xu & Pan, Sensors 16 (2016) 1407","Multi-Sensor Consensus Estimation of State, Sensor Biases and Unknown Input","Jie Zhou; Yan Liang; Feng Yang; Linfeng Xu; Quan Pan","2016","Sensors, vol. 16, no. 9, 1407","10.3390/s16091407","https://doi.org/10.3390/s16091407","journal_article","verified_peer_reviewed","A","calibration_or_observer","Derives a heterogeneous multi-sensor architecture jointly estimating system state, per-sensor (and network-consensus) biases, and a common unknown input, with an explicit necessary-and-sufficient RANK CONDITION (paper's Eq. 10) for feasibility -- a structural identifiability proof, not an assumption.","Read full text (open-access PMC copy, PMC5038685), including method section and stated rank condition.","full_text","Strongest identifiability match found across all search domains: proves (via rank condition on augmented measurement/dynamics matrices) rather than assumes when state + sensor bias + unknown common input are jointly identifiable from heterogeneous sensors -- structurally the same question as jointly identifying B(t), S_H, b_H, K_C, b_C from Hall+coil. Does NOT include a sensor GAIN term (additive bias + unknown input only), so it does not close the gain-identifiability half of the Hall problem -- this gap must be stated explicitly. Simulation-only validation (target-tracking scenario), not hardware."
"H022","Ranasingh, Pradhan & Raju, IEEE Sens. J. 22 (2022) 20626","Contactless Current Sensor With Novel Coil Designs and Hall-Effect Based Electron Device for Dynamic Precision Adjustment","Soumyaranjan Ranasingh; Tapan Pradhan; D. Koteswara Raju","2022","IEEE Sensors Journal, vol. 22, no. 21, pp. 20626-20634","10.1109/JSEN.2022.3207276","https://doi.org/10.1109/JSEN.2022.3207276","journal_article","verified_peer_reviewed","C","direct_hybrid;coil_or_integrator;hall_reference","Combines a novel induction-coil geometry (contactless current sensing) with a Hall-plate-based electronic device used to dynamically adjust the coil sensor's precision/impedance; reports 5.76 mV/A sensitivity and 0.09% nonlinearity, improved rise/settling time vs. conventional Rogowski designs.","Read abstract via Semantic Scholar metadata aggregator (quoted performance figures) plus Crossref bibliographic metadata.","abstract_metadata","Genuine Hall+coil hybrid in power-electronics current sensing, but a HARDWARE/GEOMETRY design paper, not an observer/estimation paper -- no gain/bias/state observability condition is formulated or tested. Treat as adjacent-field feasibility evidence, not identifiability evidence. Independently found by two separate search domains (observer-theory and non-fusion-applications), reinforcing verification confidence."
"H023","Ziegler, Woodward, Iu & Borle, IEEE Sens. J. 9 (2009) 354","Current Sensing Techniques: A Review","S. Ziegler; R. C. Woodward; H. H. Iu; L. J. Borle","2009","IEEE Sensors Journal, vol. 9, no. 4, pp. 354-376","10.1109/JSEN.2009.2013914","https://doi.org/10.1109/JSEN.2009.2013914","journal_article","verified_peer_reviewed","B","context_only;enabling_only;hall_reference;coil_or_integrator","Widely-cited review cataloguing current-sensing principles (Hall-effect, fluxgate, Rogowski/CT, shunt, magnetoresistive, fiber-optic) by underlying physics, discussing the DC-capable-but-bandwidth-limited (Hall) vs. AC-only-but-wide-bandwidth (Rogowski/CT) complementarity motivating hybrid architectures.","Crossref/DOI + Semantic Scholar metadata confirmed; abstract not directly retrieved -- content description drawn from a search-engine summary of the review's stated scope.","metadata_only","Review article, not original evidence (per SOURCE_POLICY, reviews map the field but do not replace original work). No observer/identifiability analysis; retained only as terminology/context mapping for why Hall+Rogowski/CT pairing is a well-developed adjacent field."
"H024","Giannone et al., Fusion Eng. Des. 166 (2021) 112276","Shunt and Rogowski coil measurements on ASDEX Upgrade in support of DEMO detachment control","L. Giannone; S. El Shawish; A. Herrmann; A. Kallenbach; K. H. Schuhbeck; G. Vayakis; C. Watts; I. Zammuto","2021","Fusion Engineering and Design, vol. 166, 112276","10.1016/j.fusengdes.2021.112276","https://doi.org/10.1016/j.fusengdes.2021.112276","journal_article","verified_peer_reviewed","B","coil_or_integrator;calibration_or_observer","Rogowski-coil vs. shunt cross-calibration and stray-field (mutual coupling) compensation on ASDEX Upgrade -- a major device not otherwise represented in this evidence chain.","Crossref/DOI metadata confirmed; descriptive content from general WebSearch snippet aggregation (publisher page returned HTTP 403), NOT independently confirmed against the full abstract.","metadata_only","Targets Rogowski coil accuracy via cross-check against an independent shunt reference and compensation of stray/coupled fields from PF/TF coil currents -- this is coil cross-calibration/stray-field compensation, NOT classical open-loop integrator drift correction; the two must not be conflated."
"H025","Strait, Broesch, Snider & Walker, Rev. Sci. Instrum. 68 (1997) 381","A hybrid digital-analog long pulse integrator","E. J. Strait; J. D. Broesch; R. T. Snider; M. L. Walker","1997","Review of Scientific Instruments, vol. 68, no. 1, pp. 381-384","10.1063/1.1147835","https://doi.org/10.1063/1.1147835","journal_article","verified_peer_reviewed","A","coil_or_integrator","Foundational DIII-D hybrid analog/digital long-pulse integrator, alternating ADC sampling of the sensor and a dummy-load (zero) reference for continuous offset compensation.","Crossref/DOI metadata confirmed; abstract content from WebSearch synthesis (AIP publisher page returned HTTP 403), not directly loaded.","metadata_only","Targets integrator DC-offset/drift (not coil gain/effective area), corrected by periodically substituting a known-zero ('dummy load') reference channel -- an early, distinct reference-substitution drift-correction precedent, separate from the EAST/KSTAR integrators already in folder 06."
"H026","Bak, Lee, Son & Ga, Rev. Sci. Instrum. 78 (2007) 043504","Analog integrator for the Korea Superconducting Tokamak Advanced Research magnetic diagnostics","J. G. Bak; S. G. Lee; D. Son; E. M. Ga","2007","Review of Scientific Instruments, vol. 78, no. 4, 043504","10.1063/1.2721405","https://doi.org/10.1063/1.2721405","journal_article","verified_peer_reviewed","B","coil_or_integrator","Third, distinct KSTAR integrator-generation paper (ADC-register-DAC periodic correction of an analog integrator's drift), separate from the 2004 sensor/integrator (H009) and later digital-integrator KSTAR papers already in folder 06.","Crossref metadata confirmed; abstract-level description obtained via a WebSearch query explicitly attributed to this DOI, publisher page not directly loaded.","abstract_metadata","Targets integrator DC drift via periodic digital (ADC-DAC) correction of an otherwise-analog integrator -- same problem class as folder-06 KSTAR integrator papers but a genuinely separate DOI/publication documenting a different integrator generation."
"H027","Gavin, Morales & Reilly, Rev. Sci. Instrum. 69 (1998) 2171","Drift-free integrators","Henri P. Gavin; Rodrigo Morales; Kathryn Reilly","1998","Review of Scientific Instruments, vol. 69, no. 5, pp. 2171-2175","10.1063/1.1148918","https://doi.org/10.1063/1.1148918","journal_article","verified_peer_reviewed","B","coil_or_integrator;enabling_only","General (non-fusion) feedback-stabilized hybrid digital-analog integrator design, demonstrated on synthesized signals and an accelerometer, not a magnetic coil.","Crossref metadata confirmed; descriptive content from a WebSearch snippet drawing on the authors' Duke University publication-listing page, not the publisher page directly.","abstract_metadata","Targets generic op-amp integrator DC bias/drift stabilization via feedback -- a transferable circuit technique, explicitly NOT magnetics- or coil-specific in its demonstrated application; must be cited as enabling/general prior art, not direct coil evidence."
"H028","Arpaia, Masi & Spiezia, IEEE Trans. Instrum. Meas. 56 (2007) 216","Digital Integrator for Fast Accurate Measurement of Magnetic Flux by Rotating Coils","P. Arpaia; A. Masi; G. Spiezia","2007","IEEE Transactions on Instrumentation and Measurement, vol. 56, no. 2, pp. 216-220","10.1109/TIM.2007.890787","https://doi.org/10.1109/TIM.2007.890787","journal_article","verified_peer_reviewed","B","coil_or_integrator","Digital integrator for rotating search-coil magnetic-flux measurement of superconducting accelerator magnets, benchmarked against a state-of-the-art portable digital integrator.","Crossref metadata confirmed bibliographic details; descriptive content from a WebSearch snippet (an initial DOI supplied by the search tool was mismatched and was corrected via direct Crossref bibliographic query).","metadata_only","Targets flux-integrator dynamic accuracy/drift in rotating-coil accelerator-magnet metrology (non-fusion). Same CERN author lineage (Arpaia) as H004/H005 -- this is their earlier, foundational hardware-integrator work, a genuinely different DOI/paper."
"H029","Xue et al., Fusion Eng. Des. 140 (2019) 11","Fiber-optic current sensor for plasma current on experimental advanced superconducting tokamak","M. M. Xue; B. Shen; D. L. Chen; Y. Wang; T. H. Shi; H. H. Wang; Y. W. Sun; J. P. Qian; H. Xiao; B. J. Xiao","2019","Fusion Engineering and Design, vol. 140, pp. 11-15","10.1016/j.fusengdes.2019.01.070","https://doi.org/10.1016/j.fusengdes.2019.01.070","journal_article","verified_peer_reviewed","B","coil_or_integrator;enabling_only","EAST deployment of a Faraday-effect fiber-optic current sensor (FOCS) as a non-Rogowski, self-integrating alternative for plasma current measurement.","Crossref metadata confirmed bibliographic details only; quantitative/comparative drift claims come from general WebSearch synthesis across several FOCS papers, not confirmed as specific to this DOI.","metadata_only","Targets elimination of the coil+integrator drift problem by substituting a self-integrating optical (Faraday-rotation) sensor for the Rogowski coil, rather than correcting drift within an existing coil/integrator chain -- an alternative-technology counterpoint, not a Hall+coil hybrid."
"H030","Leysen et al., Fusion Eng. Des. 160 (2020) 111754","Plasma current measurement at JET using polarimetry-based fibre optic current sensor","W. Leysen; A. Gusarov; M. Wuilpart; P. Beaumont; A. Boboc; D. Croft; N. Bekris; P. Batistoni","2020","Fusion Engineering and Design, vol. 160, 111754","10.1016/j.fusengdes.2020.111754","https://doi.org/10.1016/j.fusengdes.2020.111754","journal_article","verified_peer_reviewed","A","coil_or_integrator;enabling_only","JET fiber-optic current sensor (FOCS) cross-validated against the Rogowski/Continuous-External-Rogowski-based plasma current reference.","Crossref metadata confirmed bibliographic details only; descriptive/quantitative content from general WebSearch synthesis, publisher page returned HTTP 403 -- not independently confirmed against full text.","metadata_only","Targets a drift-free alternative to Rogowski-coil integration for plasma current, cross-checked against the existing Rogowski-based reference -- complementary to, not a duplicate of, ITER Continuous External Rogowski work already in folder 06."
"H031","Gusarov et al., Fusion Eng. Des. 165 (2021) 112228","Performance assessment of plasma current measurement at JET using fibre optics current sensor","A. Gusarov; W. Leysen; P. Beaumont; M. Wuilpart; P. Dandu; A. Boboc; D. Croft; N. Bekris; P. Batistoni","2021","Fusion Engineering and Design, vol. 165, 112228","10.1016/j.fusengdes.2021.112228","https://doi.org/10.1016/j.fusengdes.2021.112228","journal_article","verified_peer_reviewed","B","coil_or_integrator","Follow-on long-term/operational performance and stability assessment of the JET FOCS versus the Rogowski-based reference introduced in H030.","Crossref metadata confirmed bibliographic details only; not independently verified against full abstract text (publisher page inaccessible).","metadata_only","Targets long-term stability/performance of the drift-free optical alternative relative to the incumbent Rogowski/integrator chain -- genuinely distinct DOI/paper from H030, a follow-up assessment rather than a duplicate."
"H032","Hamad & Macnae, Sensors 25 (2025) 1646","A Current Sensing Cross-Component Induction Magnetometer for Use in Time-Domain Borehole Geophysical Electromagnetic Surveys","J. Hamad; J. Macnae","2025","Sensors, vol. 25, no. 6, 1646","10.3390/s25061646","https://doi.org/10.3390/s25061646","journal_article","verified_peer_reviewed","B","coil_or_integrator;enabling_only","Non-fusion (geophysics) search-coil/induction magnetometer using an active current-sensing feedback topology to improve low-frequency response and noise vs. a standard air-core search coil, calibrated against Helmholtz coils; reports a -3 dB low-cut corner frequency of 3.5 Hz.","Read full text via open-access PMC page.","full_text","Targets low-frequency bandwidth/noise-floor and absolute sensitivity calibration of a search-coil magnetometer via a current-feedback (transimpedance) design that sidesteps rather than post-hoc corrects classical open-loop voltage-integrator drift -- do not describe as 'integrator drift correction' in the strict sense used elsewhere in this ledger."
"H033","Ray, EPE Journal 3 (1993) 116","Wide Bandwidth Rogowski Current Transducers: Part II -- The Integrator","W. F. Ray","1993","EPE Journal, vol. 3, no. 2, pp. 116-122","10.1080/09398368.1993.11463318","https://doi.org/10.1080/09398368.1993.11463318","journal_article","verified_peer_reviewed","A","coil_or_integrator;enabling_only","Foundational (non-fusion, power-electronics) treatment of Rogowski-coil integrator design: active-electronic vs. passive/self-integrating topologies and their bandwidth/offset/drift trade-offs.","Crossref/DOI metadata confirmed (title/authors/journal/volume/issue/page/year/DOI); full text/abstract not directly retrieved.","metadata_only","Targets the fundamental design trade-off between active-integrator DC-offset/drift and passive self-integrating (high-L/R) Rogowski designs. Companion 'Part I: The Rogowski Coil' (10.1080/09398368.1993.11463312) covers coil geometry/sensitivity, not integrator drift, and was intentionally excluded to keep this row focused on the integrator-relevant half of the pair."
"H034","Munter, Sens. Actuators A 22 (1990) 743","A low-offset spinning-current Hall plate","P. J. A. Munter","1990","Sensors and Actuators A: Physical, vol. 22, pp. 743-746","10.1016/0924-4247(89)80069-x","https://doi.org/10.1016/0924-4247(89)80069-x","journal_article","verified_peer_reviewed","A","hall_reference;enabling_only","Introduces the spinning-current (current-spinning) principle: rotating the Hall-plate bias-current direction and time-averaging the output over multiple orientations cancels the geometric Hall offset; reports ~10x lower residual offset than commercial Si Hall plates.","Crossref/DOI metadata confirmed; abstract not independently read (elided by aggregator).","metadata_only","Corrects Hall OFFSET only -- does not touch Hall sensitivity drift, coil gain, or integrator drift. Foundational device-physics paper underlying nearly every later Hall self-test/offset-cancellation scheme. DUPLICATE of folder 06 ledger row S0033."
"H035","Ausserlechner, IEEE Sensors 2004, pp. 1117-1120","Limits of offset cancellation by the principle of spinning current Hall probe","U. Ausserlechner","2004","Proceedings of IEEE Sensors 2004, pp. 1117-1120","10.1109/icsens.2004.1426372","https://doi.org/10.1109/icsens.2004.1426372","conference_paper","verified_peer_reviewed","A","hall_reference;enabling_only","Analyzes the theoretical/practical bound on spinning-current offset cancellation, i.e., which residual-offset mechanisms (contact/geometry asymmetry, nonlinearity) survive current spinning.","Crossref/DOI metadata confirmed; abstract not independently read.","metadata_only","Identifies the RESIDUAL, un-cancelled Hall offset floor after spinning current is applied -- directly relevant to identifiability: spinning current is not a perfect offset-nulling technique, so a residual Hall offset remains a free parameter even with current spinning active, and an external reference is still needed. DUPLICATE of folder 06 ledger row S0041."
"H036","Steiner, Schneider & Baltes, IEDM 1997, pp. 911-914","Double-Hall sensor with self-compensated offset","R. Steiner; M. Schneider; H. Baltes","1997","International Electron Devices Meeting (IEDM) Technical Digest, pp. 911-914","10.1109/iedm.1997.650529","https://doi.org/10.1109/iedm.1997.650529","conference_paper","verified_peer_reviewed","B","hall_reference;calibration_or_observer","Two Hall devices sharing one active area, with nearly equal offset but opposite-sign magnetic response; differencing the two outputs cancels offset by design, giving offset below ~2 mT-equivalent at room temperature and <11 uT/degC drift.","Search snippet only, NOT independently verified; DOI/venue confirmed via Crossref but abstract itself withheld by aggregator.","metadata_only","Corrects Hall OFFSET via redundant-plate differencing -- a hardware redundant-Hall-plate-comparison self-test-adjacent architecture, not an active fault-detection algorithm and not a sensitivity or coil/integrator correction."
"H037","Motz, Draxelmayr, Werth & Forster, IEEE J. Solid-State Circuits 40 (2005) 1533","A chopped Hall sensor with small jitter and programmable True Power-on function","M. Motz; D. Draxelmayr; T. Werth; B. Forster","2005","IEEE Journal of Solid-State Circuits, vol. 40, no. 7, pp. 1533-1540","10.1109/jssc.2005.847488","https://doi.org/10.1109/jssc.2005.847488","journal_article","verified_peer_reviewed","B","hall_reference;calibration_or_observer","Combines chopping with spinning current in an integrated Hall IC and adds a True Power-on function giving a correct, self-checked switch state immediately at power-up for gear/camshaft sensing.","Search snippet only, NOT independently verified.","metadata_only","Corrects Hall offset and 1/f noise (chop+spin) plus a start-up plausibility self-test -- not a metrological gain self-calibration and no interaction with a coil/integrator channel. Automotive IC context, not fusion instrumentation."
"H038","Demierre, Pesenti, Frounchi, Besse & Popovic, Sens. Actuators A 97-98 (2002) 39","Reference magnetic actuator for self-calibration of a very small Hall sensor array","M. Demierre; S. Pesenti; J. Frounchi; P.-A. Besse; R. S. Popovic","2002","Sensors and Actuators A: Physical, vol. 97-98, pp. 39-46","10.1016/s0924-4247(01)00857-3","https://doi.org/10.1016/s0924-4247(01)00857-3","journal_article","verified_peer_reviewed","A","direct_hybrid;calibration_or_observer","Reports an on-chip integrated coil ('reference magnetic actuator') next to a small Hall sensor array that injects a known reference field for in-situ self-calibration without an external field source; measured efficiency 392 mT/A per coil, up to ~2000 mT/A with 4 series coils plus a ferromagnetic concentrator.","Search snippet only, NOT independently verified; bibliographic data Crossref-confirmed.","metadata_only","Corrects Hall SENSITIVITY drift via an embedded calibration winding as the known-field injection reference. Closest literature match found to the proposed embedded-calibration-winding self-test concept. Does not address Hall offset or coil/integrator drift. Recommend full-text read before citing quantitative numbers precisely in the final report."
"H039","Ionescu, Bodner, Dineci & Brezeanu, CAS 2009","Self test system for integrated hall effect sensors","M.-A. Ionescu; C. Bodner; S. Dineci; G. Brezeanu","2009","2009 International Semiconductor Conference (CAS)","10.1109/smicnd.2009.5336656","https://doi.org/10.1109/smicnd.2009.5336656","conference_paper","verified_peer_reviewed","C","calibration_or_observer;enabling_only","Proposes converting internal Hall-IC parameters into more easily/quickly measurable proxy parameters to enable a built-in self-test.","Search snippet only, NOT independently verified.","metadata_only","Checks functional health of internal analog parameters (production/BIT diagnostic), not a metrological correction of offset, sensitivity, or coil/integrator drift. Short conference paper; discovery-level evidence only for the built-in-self-test category."
"H040","Shiraki et al., Rev. Sci. Instrum. 84 (2013) 063502","In situ 'artificial plasma' calibration of tokamak magnetic sensors","D. Shiraki; J. P. Levesque; J. Bialek; P. J. Byrne; B. A. DeBono; M. E. Mauel; D. A. Maurer; G. A. Navratil; T. S. Pedersen; N. Rath","2013","Review of Scientific Instruments, vol. 84, no. 6, 063502","10.1063/1.4808366","https://doi.org/10.1063/1.4808366","journal_article","verified_peer_reviewed","A","direct_hybrid;calibration_or_observer;coil_or_integrator","On HBT-EP, energizing dedicated in-situ calibration coils near the nominal plasma-current centroid ('artificial plasma') to determine the spatial position/response and conducting-wall eddy-current behavior of 216 Mirnov (B-dot) coils, and to calibrate a non-uniformly-wound Fourier Rogowski coil, by comparison against the known calibration-coil-driven current/field.","Read abstract on publisher page.","abstract_metadata","Corrects coil sensor POSITION/geometric response and wall eddy-current model -- not Hall offset or sensitivity (no Hall device involved). Best direct fusion-diagnostics precedent found for a known-injected-field / current-model reference used for online calibration, but it calibrates inductive (Mirnov/Rogowski) sensors against a driven reference current, not a Hall+coil hybrid pair."
"H041","Schott, Popovic, Alberti & Tran, Rev. Sci. Instrum. 70 (1999) 2703","High accuracy magnetic field measurements with a Hall probe","C. Schott; R. S. Popovic; S. Alberti; M. Q. Tran","1999","Review of Scientific Instruments, vol. 70, no. 6, pp. 2703-2707","10.1063/1.1149831","https://doi.org/10.1063/1.1149831","journal_article","verified_peer_reviewed","A","calibration_or_observer;hall_reference","Temperature-stabilized silicon Hall probe calibrated against an NMR probe achieves +/-140 ppm absolute accuracy over 0-6 T, and maps inhomogeneous fields (gradients to 30 T/m) in a 5 T superconducting magnet to better than +/-100 ppm overall, where conventional NMR probes cannot be used.","Read abstract on publisher page.","abstract_metadata","Corrects absolute HALL SENSITIVITY/gain calibration via NMR as the metrological truth reference -- canonical Hall-vs-NMR traceability chain. Does not address radiation-induced drift or coil/integrator terms; NMR itself needs a reasonably homogeneous field over the probe volume, so this is a bench/magnet-lab technique, not an in-situ machine calibration during a plasma shot."
"H042","Gerken et al., J. Sens. Sens. Syst. 9 (2020) 391","Traceably calibrated scanning Hall probe microscopy at room temperature","M. Gerken; A. Solignac; D. Momeni Pakdehi; A. Manzin; T. Weimann; K. Pierz; S. Sievers; H. W. Schumacher","2020","Journal of Sensors and Sensor Systems, vol. 9, pp. 391-399","10.5194/jsss-9-391-2020","https://doi.org/10.5194/jsss-9-391-2020","journal_article","verified_peer_reviewed","B","calibration_or_observer;hall_reference","Fabricates gold and graphene micro/nano Hall sensors and calibrates them by simultaneously measuring the field with a traceably calibrated commercial reference Hall probe; reports sensitivities (3.2 mV/A/T gold; 1615 V/A/T graphene) and a full measurement uncertainty budget of +/-(7 mT + 13%).","Read abstract on publisher page.","abstract_metadata","Corrects Hall SENSITIVITY calibration and its uncertainty budget via traceability to a reference (secondary-standard) Hall probe rather than directly to NMR/Helmholtz. Useful methodological template for building/reporting a calibration uncertainty budget even though the scanning-microscopy application differs from a fusion diagnostic. DUPLICATE of folder 06 ledger row S0051."
"H043","Appelo, Groenenboom & Lisser, IEEE Trans. Nucl. Sci. 24 (1977) 1810","The Zero-Flux DC Current Transformer, a High Precision Bipolar Wide-Band Measuring Device","H. C. Appelo; M. Groenenboom; J. Lisser","1977","IEEE Transactions on Nuclear Science, vol. 24, no. 3, pp. 1810-1811","10.1109/tns.1977.4329095","https://doi.org/10.1109/tns.1977.4329095","journal_article","verified_peer_reviewed","B","coil_or_integrator;enabling_only","Describes the zero-flux DC current transformer (DCCT): a feedback ampere-turn-balance transducer in which a compensating winding current is servoed (via a null-flux detector) to exactly cancel the flux from an unknown current, so the unknown current is read out as a precisely known compensating current through a calibrated resistor.","Crossref/DOI metadata confirmed; abstract not independently read.","metadata_only","Provides a CURRENT-MODEL-REFERENCE concept: the compensating current is a metrologically traceable proxy for the true current, independent of core/winding gain drift, because it operates at zero net flux. Early zero-flux DCCT null detectors were often Hall generators, making this a direct ancestor of 'external circuit current as truth reference.' A current-sensing architecture, not itself a Hall-offset or coil-integrator-drift calibration method -- verify against modern DCCT implementations before treating as state of the art."
"H044","Kajmakovic, Diwold, Romer, Pestana & Kajtazovic, Sensors 22 (2022) 4649","Degradation Detection in a Redundant Sensor Architecture","A. Kajmakovic; K. Diwold; K. Romer; J. Pestana; N. Kajtazovic","2022","Sensors, vol. 22, no. 12, 4649","10.3390/s22124649","https://doi.org/10.3390/s22124649","journal_article","verified_peer_reviewed","C","enabling_only;context_only","Analyzes discrepancy-signal trends in a one-out-of-two (1oo2) redundant safety-sensor architecture and proposes a fault-prognosis algorithm forecasting when the discrepancy will cross a failure threshold, enabling predictive maintenance instead of only a binary safe-state trip.","Read abstract on publisher page.","abstract_metadata","Detects generic sensor DEGRADATION/FAULT via redundant-pair discrepancy tracking; the sensor type studied is generic industrial redundant sensing, NOT Hall- or coil-specific. Included only as a candidate health-monitoring/fault-detection algorithm template for a redundant Hall+coil pair -- do not cite as fusion- or Hall-specific evidence."
"H045","Tan et al., Sensors 22 (2022) 7979","Contactless AC/DC Wide-Bandwidth Current Sensor Based on Composite Measurement Principle","Xiangyu Tan; Wenyun Li; Xiaowei Xu; Gang Ao; Fangrong Zhou; Jingjing Zhao; Qinghua Tan; Wenbin Zhang","2022","Sensors, vol. 22, no. 20, 7979","10.3390/s22207979","https://doi.org/10.3390/s22207979","journal_article","verified_peer_reviewed","B","direct_hybrid;coil_or_integrator","Bandwidth-overlap/crossover design between a low-frequency channel and a Rogowski coil in a composite current sensor.","Crossref/DOI metadata confirmed; abstract content from search snippets, NOT independently verified full text (MDPI page fetch returned 403).","metadata_only","Low-frequency channel is TMR (tunnel magnetoresistive), NOT Hall -- a close analog, explicitly flagged as not a true Hall+coil instance. Error mode characterized: bandwidth overlap/crossover frequency between a DC-accurate and an AC channel."
"H046","Suomalainen & Hallstrom, IEEE Trans. Instrum. Meas. 58 (2009) 1054","Onsite Calibration of a Current Transformer Using a Rogowski Coil","E.-P. Suomalainen; J. K. Hallstrom","2009","IEEE Transactions on Instrumentation and Measurement, vol. 58, no. 4, pp. 1054-1058","10.1109/TIM.2008.2007031","https://doi.org/10.1109/TIM.2008.2007031","journal_article","verified_peer_reviewed","B","calibration_or_observer;coil_or_integrator","Rogowski coil plus an independent reference (calibrated current shunt) used for onsite current-transformer calibration in a 400 kV substation; reports ratio error 300 uA/A, phase error 1 arcmin.","Crossref/DOI metadata confirmed; abstract content from search snippets, NOT independently verified full text.","metadata_only","Power-engineering case. Independent reference is a precision current shunt, not Hall/fluxgate -- demonstrates the general 'Rogowski + independent reference' calibration architecture requested by the stage prompt, but is not a Hall-specific instance."
"H047","Beran, Stahl-Offergeld, Peters, Krause & Hohe, IEEE Trans. Magn. 55 (2019) 1","Impact of Contact Misalignment on Magnetic Cross Sensitivity of Integrated Vertical Hall Sensors","Philip Beran; Markus Stahl-Offergeld; Volker Peters; Dennis Krause; Hans-Peter Hohe","2019","IEEE Transactions on Magnetics, vol. 55, no. 1, pp. 1-4","10.1109/TMAG.2018.2873238","https://doi.org/10.1109/TMAG.2018.2873238","journal_article","verified_peer_reviewed","B","hall_reference;enabling_only","Cross-axis sensitivity of integrated vertical Hall elements caused by fabrication contact misalignment.","Crossref/DOI metadata confirmed; abstract content from search snippets, NOT independently verified full text.","metadata_only","Error mode: cross-axis sensitivity (0-10% wafer-to-wafer) from lithographic contact-position misalignment -- a fabrication/geometric mechanism at the per-die sensitivity-axis level, not multi-die assembly alignment."
"H048","Pons-Villalonga et al., Rev. Sci. Instrum. 96 (2025) 063502","Exploring the operational limits of poloidal and helical arrays of Mirnov coils in stellarators by means of a synthetic diagnostic","P. Pons-Villalonga; A. Cappa; J. Martinez-Fernandez; O. S. Kozachok; E. Ascasibar; the TJ-II Team","2025","Review of Scientific Instruments, vol. 96, no. 6, 063502","10.1063/5.0244636","https://doi.org/10.1063/5.0244636","journal_article","verified_peer_reviewed","A","coil_or_integrator;context_only","Detection/resolution limits of poloidal and helical Mirnov coil arrays in a stellarator (TJ-II).","Read abstract on preprint page (arXiv:2409.04221, companion of the published RSI article); RSI version-of-record page fetch was blocked, full text not independently opened.","abstract_metadata","Error mode: array mode-identification/aliasing limit -- core-localized modes indistinguishable, low-n/low-m mode ID subject to off-by-one errors, worsened by plasma shielding. Directly on-topic for Mirnov-coil bandwidth/limitation in stellarator diagnostics (relevant to HSX-context work). DUPLICATE of folder 06 ledger row S0074."
"H049","Everson et al., Rev. Sci. Instrum. 80 (2009) 113505","Design, construction, and calibration of a three-axis, high-frequency magnetic probe (B-dot probe) as a diagnostic for exploding plasmas","E. T. Everson; P. Pribyl; C. G. Constantin; A. Zylstra; D. Schaeffer; N. L. Kugland; C. Niemann","2009","Review of Scientific Instruments, vol. 80, no. 11, 113505","10.1063/1.3246785","https://doi.org/10.1063/1.3246785","journal_article","verified_peer_reviewed","A","coil_or_integrator;context_only","Three-axis B-dot probe design/calibration; measured frequency response 10 kHz-50 MHz.","Crossref/DOI metadata confirmed; abstract content from search snippets. A full-text PDF was fetched from an author institutional mirror but returned only unparsed binary/encoded content, NOT independently verified.","metadata_only","Bandwidth-limitation/design paper for a three-axis Mirnov/B-dot probe (laser/exploding-plasma context, not tokamak/stellarator). Relevant to bandwidth limitation and, via its orthogonal three-axis construction, cross-axis geometry -- does not itself analyze saturation or aliasing. DUPLICATE of folder 06 ledger row S0076."
"H050","Scelba, De Donato, Pulvirenti, Giulii Capponi & Scarcella, IEEE Trans. Ind. Appl. 52 (2016) 1542","Hall-Effect Sensor Fault Detection, Identification, and Compensation in Brushless DC Drives","Giacomo Scelba; Giulio De Donato; Mario Pulvirenti; Fabio Giulii Capponi; Giuseppe Scarcella","2016","IEEE Transactions on Industry Applications, vol. 52, no. 2, pp. 1542-1554","10.1109/TIA.2015.2506139","https://doi.org/10.1109/TIA.2015.2506139","journal_article","verified_peer_reviewed","B","hall_reference;enabling_only","Detection, identification, and compensation of binary Hall-sensor faults in a multi-sensor array.","Crossref/DOI metadata confirmed; abstract content from search snippets, NOT independently verified full text.","metadata_only","Error mode characterized is binary stuck-high/stuck-low/short-pulse dropout of discrete commutation Hall sensors, NOT continuous-signal saturation of a linear Hall sensor. Closest verified peer-reviewed analog for Hall-array fault detection/flagging; the distinction from linear-Hall saturation must be kept explicit."
"H051","Lee, Lee, Won, Lee, Crossley & Kang, Energies 7 (2014) 4571","Saturation Detection-Based Blocking Scheme for Transformer Differential Protection","Byung Eun Lee; Jinsik Lee; Sung Hoon Won; Byong Jun Lee; Peter A. Crossley; Yong Cheol Kang","2014","Energies, vol. 7, no. 7, pp. 4571-4587","10.3390/en7074571","https://doi.org/10.3390/en7074571","journal_article","verified_peer_reviewed","B","coil_or_integrator;enabling_only","Detection of current-transformer (coil) core saturation from the third-difference function of differential current, used to block relay mis-operation.","Crossref/DOI metadata confirmed; abstract content from search snippets, full-text MDPI page fetch returned 403.","metadata_only","Error mode: coil (CT) core saturation onset/end detected via inflection points in differential current, flagged to block a protection relay -- direct analog of coil core-saturation detection/flagging, in a power-protection rather than sensor-array context."
"H052","Odinaev et al., Heliyon 10 (2024) e37960","Restoration of the current transformer secondary current under core saturation conditions based on ANN","Ismoil Odinaev; Abdel-Haleem Abdel-Aty; Andrey Pazderin; Murodbek Safaraliev; Pavel Matrenin; Mihail Senyuk; Amir Abdel Menaem; Mohammad Kanan","2024","Heliyon, vol. 10, e37960","10.1016/j.heliyon.2024.e37960","https://doi.org/10.1016/j.heliyon.2024.e37960","journal_article","verified_peer_reviewed","B","coil_or_integrator;enabling_only","Real-time ANN-based restoration of CT secondary current distorted by core saturation, without requiring explicit saturation-instant detection.","Read full text (PMC open-access article).","full_text","Error mode: coil (CT) core-saturation waveform distortion; corrected quantity is the secondary current. Complements H051 (detection) with a correction method; reported ANN variant ~1.3x more accurate than the paper's own comparison baseline."
"H053","Julier & Uhlmann, ACC 2005, pp. 4028-4033","Fusion of Time Delayed Measurements with Uncertain Time Delays","S. J. Julier; J. K. Uhlmann","2005","Proceedings of the 2005 American Control Conference (Portland, OR), pp. 4028-4033","10.1109/ACC.2005.1470607","https://doi.org/10.1109/ACC.2005.1470607","conference_paper","verified_peer_reviewed","C","calibration_or_observer;context_only","Effect of uncertain/unmodeled inter-channel time delay on fused (Kalman-type) state estimates; incorporates delay uncertainty into fusion covariance.","Crossref/DOI metadata confirmed; a DTIC-hosted full-text PDF exists but returned HTTP 403, NOT independently verified.","metadata_only","General (non-magnetic) sensor-fusion theory on timing/phase misalignment between channels and its effect on fused estimates. No Hall/coil-specific paper on this exact mechanism was found across any search domain in this lane -- flagged explicitly as an evidence gap rather than papered over."
"H054","Garcia-Martin & Gomez-Gil, Russian J. Nondestruct. Test. 49 (2013) 482","Comparative evaluation of coil and hall probes in hole detection and thickness measurement on aluminum plates using eddy current testing","J. Garcia-Martin; J. Gomez-Gil","2013","Russian Journal of Nondestructive Testing, vol. 49, no. 8, pp. 482-491","10.1134/S1061830913080044","https://doi.org/10.1134/S1061830913080044","journal_article","verified_peer_reviewed","C","hall_reference;coil_or_integrator;context_only","Comparative defect-detection/thickness-measurement performance of inductive coil probes vs. Hall probes in eddy-current NDT.","Crossref/DOI metadata confirmed; abstract not independently read, search snippet was minimal.","metadata_only","A head-to-head performance COMPARISON, NOT a calibration/drift-correction fusion of coil+Hall -- does not support a 'Rogowski/coil + independent Hall reference for calibration' claim as strongly as the title suggests. Retained only as general-NDT context on complementary Hall/coil use."
"H055","Karrer & Hofer-Noser, ISPSD 1999","A new current measuring principle for power electronic applications (HOKA)","N. Karrer; P. Hofer-Noser","1999","Proceedings of the 11th International Symposium on Power Semiconductor Devices and ICs (ISPSD '99), Toronto","10.1109/ISPSD.1999.764117","https://doi.org/10.1109/ISPSD.1999.764117","conference_paper","verified_peer_reviewed","A","direct_hybrid","Introduces 'HOKA,' a 200 A current probe combining a Hall sensor with an air-core coil in one sensor head; demonstrated DC plus 2.5 kA/us transient measurement at ~5% error.","Search snippet only (title/authors/venue/DOI confirmed via IEEE metadata; technical description from a search-engine summary of the paper, not a direct full-text read).","metadata_only","Foundational, widely-cited hybrid current-sensor architecture: Hall element = DC/low-frequency channel, air coil = high-frequency/di-dt channel, outputs summed (bandwidth-fusion, not redundancy). Directly transferable topology to the proposed Hall+coil probe. Power-electronics current sensing, not fusion."
"H056","Leroy, Coillot, Mosser, Roux & Chanteur, Sens. Actuators A 142 (2008) 503","An ac/dc magnetometer for space missions: Improvement of a Hall sensor by the magnetic flux concentration of the magnetic core of a searchcoil","P. Leroy; C. Coillot; V. Mosser; A. Roux; G. Chanteur","2008","Sensors and Actuators A: Physical, vol. 142, no. 2, pp. 503-510","10.1016/j.sna.2007.08.030","https://doi.org/10.1016/j.sna.2007.08.030","journal_article","verified_peer_reviewed","B","direct_hybrid","A single sensor head places a thinned (~70 um) Hall element between the two halves of a search-coil's soft-magnetic core; the core's flux concentration raises Hall sensitivity by roughly two orders of magnitude, giving one instrument with DC-to-few-Hz response from the Hall element and few-Hz-to-few-kHz response from the coil winding.","Search snippet only (bibliographic fields confirmed via Crossref; mechanism/performance description from search-engine synthesis, not independently read in full text).","abstract_metadata","Space/geophysical magnetometry. A literal single-device hybrid (Hall sensor physically inside the search-coil core), not two separate channels merged in software -- architecturally close to a magnetic-concentrator version of the proposed Hall+coil probe. Bandwidth fusion."
"H057","Mirzaeva & Saad, AUPEC 2013","AC motor instrumentation and main air gap flux measurement for fault diagnostics","Galina Mirzaeva; Khalid Saad","2013","2013 Australasian Universities Power Engineering Conference (AUPEC), Hobart","10.1109/AUPEC.2013.6725460","https://doi.org/10.1109/AUPEC.2013.6725460","conference_paper","verified_peer_reviewed","C","direct_hybrid","Instruments an induction motor with both coil-type sensors and Hall-effect sensors to record main air-gap flux and leakage flux simultaneously, extracting fault signatures (inter-turn short, eccentricity) from both signal types.","Search snippet only, NOT independently verified against full text.","abstract_metadata","Rotating-machinery (motor) condition monitoring. Coil and Hall channels appear to be used as parallel/redundant flux sensors for fault-signature extraction rather than a single fused estimate -- treat as redundancy/cross-check, not bandwidth complementarity, pending full-text confirmation."
"H058","Mazaheri-Tehrani & Faiz, IET Electr. Power Appl. 16 (2022) 269","Airgap and stray magnetic flux monitoring techniques for fault diagnosis of electrical machines: An overview","Ehsan Mazaheri-Tehrani; Jawad Faiz","2022","IET Electric Power Applications, vol. 16, no. 3, pp. 269-291","10.1049/elp2.12157","https://doi.org/10.1049/elp2.12157","review_article","verified_peer_reviewed","B","context_only","Review classifying flux-based motor/generator fault-diagnosis methods into internal (airgap, often Hall-sensor-based) and external (stray-flux, often search-coil-based) sensing, comparing strengths/limitations of each family.","Read Crossref abstract.","abstract_metadata","Not a single combined-system paper; a mapping/context review confirming Hall sensors and search coils are independently mature, competing/complementary sensing families in rotating-machinery fault diagnosis. Review article per SOURCE_POLICY -- maps the field, does not replace original evidence."
"H059","Petrone et al., IEEE Trans. Appl. Supercond. 28 (2018) 1","Measurement and Analysis of the Dynamic Effects in an HTS Dipole Magnet","Carlo Petrone; Jeroen van Nugteren; Hugues Bajas; Luca Bottura; Glyn Kirby; Lucio Rossi; Stephan Russenschuck","2018","IEEE Transactions on Applied Superconductivity, vol. 28, no. 4, pp. 1-5","10.1109/TASC.2018.2801325","https://doi.org/10.1109/TASC.2018.2801325","journal_article","verified_peer_reviewed","A","direct_hybrid;calibration_or_observer","Reports the 'Feather-M2' REBCO/Roebel-cable HTS accelerator-magnet demonstrator instrumented with cryogenic Hall sensors cross-calibrated in situ against induction-coil sensors, used to characterize transfer function and dynamic (persistent-current) field effects.","Search snippet only (bibliographic fields confirmed via Crossref; combination claim from search-engine synthesis, not independently read in full text).","abstract_metadata","Superconducting accelerator magnet (non-fusion, CERN/EuCARD-2 R&D dipole) field monitoring. Explicit example of coil-based measurement used to calibrate/validate Hall-sensor output in situ at cryogenic temperature -- a calibration/observability architecture directly analogous to the mutual-calibration question this mission poses. Recommend full-text confirmation before relying on this for a strong novelty claim."
"H060","Teyber, Marchevsky, Prestemon, Weiss & van der Laan, Supercond. Sci. Technol. 33 (2020) 095009","CORC cable terminations with integrated Hall arrays for quench detection","Reed Teyber; Maxim Marchevsky; Soren Prestemon; Jeremy Weiss; Danko van der Laan","2020","Superconductor Science and Technology, vol. 33, no. 9, 095009","10.1088/1361-6668/ab9ef3","https://doi.org/10.1088/1361-6668/ab9ef3","journal_article","verified_peer_reviewed","B","hall_reference","Demonstrates Hall-sensor arrays at CORC cable terminations detecting normal-zone (quench) transitions with magnitude/temporal resolution comparable to voltage-tap measurements, up to 10 kA/s ramp rates.","Read Crossref abstract.","abstract_metadata","Superconducting magnet quench detection. Hall-only architecture (compared against voltage taps, not a pickup/search coil) -- included to show the current state of the art does NOT yet combine Hall arrays with an inductive pickup coil in this sub-domain. Target application is a fusion-reactor conductor, so this is magnet/conductor instrumentation, not a plasma-facing diagnostic."
"H061","Marchevsky, Hafalia, Cheng, Prestemon, Sabbi, Bajas & Chlachidze, IEEE Trans. Appl. Supercond. 25 (2015) 1","Axial-Field Magnetic Quench Antenna for the Superconducting Accelerator Magnets","Maxim Marchevsky; Aurelio R. Hafalia; Daniel Cheng; Soren Prestemon; Gianluca Sabbi; Hugo Bajas; Guram Chlachidze","2015","IEEE Transactions on Applied Superconductivity, vol. 25, no. 3, pp. 1-5","10.1109/TASC.2014.2374536","https://doi.org/10.1109/TASC.2014.2374536","journal_article","verified_peer_reviewed","B","coil_or_integrator","Describes a nested-coil inductive 'quench antenna' (induction-coil magnetometer) used to localize incipient quenches and quench-propagation velocity in HL-LHC Nb3Sn inner-triplet quadrupole magnets.","Crossref metadata confirmed.","metadata_only","Superconducting accelerator magnet (non-fusion) quench-precursor detection. Coil-only architecture; paired with H060 to show that, in this sub-domain, Hall-array and induction-coil (quench antenna) approaches to quench detection currently exist as parallel, not fused, research lines -- a relevant negative/counter-finding for the mutual-calibration novelty question."
"H062","Beltran, Bordas, Campmany, Molins, Perlas & Traveria, Nucl. Instrum. Methods A 459 (2001) 306","An instrument for precision magnetic measurements of large magnetic structures","D. Beltran; J. Bordas; J. Campmany; A. Molins; J. A. Perlas; M. Traveria","2001","Nuclear Instruments and Methods in Physics Research A, vol. 459, no. 1-2, pp. 306-312","10.1016/S0168-9002(00)01008-1","https://doi.org/10.1016/S0168-9002(00)01008-1","journal_article","verified_peer_reviewed","B","hall_reference","Describes a moving-arm 3D Hall-probe scanner for volumetric mapping of large accelerator-type magnet structures, absolutely calibrated against an NMR probe, achieving ~2 G (2e-4 relative) precision at 1 T.","Crossref metadata confirmed.","metadata_only","Particle-accelerator magnet field mapping. Reference/calibration standard here is NMR, not an inductive coil -- could NOT confirm (full text not accessed) that this specific instrument also incorporates a rotating/search coil, despite rotating coils and Hall probes being widely documented as complementary accelerator magnetic-measurement techniques generally. Best-verified single accelerator-domain source found; weaker evidence for direct_hybrid than H055/H056/H059 -- tagged hall_reference only."
"H063","Funk & Wicht, CICC 2018","A fully integrated DC to 75 MHz current sensing circuit with on-chip Rogowski coil","Tobias Funk; Bernhard Wicht","2018","2018 IEEE Custom Integrated Circuits Conference (CICC)","10.1109/CICC.2018.8357028","https://doi.org/10.1109/CICC.2018.8357028","conference_paper","verified_peer_reviewed","C","enabling_only","An initial search-engine summary claimed this circuit adds an integrated Hall sensor to an on-chip Rogowski coil to extend range to DC; this could NOT be confirmed on repeated attempts (IEEE Xplore blocked automated access; Crossref/Semantic Scholar returned no abstract).","Search snippet only, NOT independently verified -- title/authors/venue/DOI confirmed via Crossref, but the specific Hall-sensor claim is UNCONFIRMED and may be inaccurate.","metadata_only","Power-electronics current sensing. Retained only as a flagged, low-confidence lead requiring full-text (IEEE Xplore) verification before any use; do NOT cite the Hall-sensor claim without independent confirmation."
"H064","Flay et al., J. Instrum. 16 (2021) P12041","High-accuracy absolute magnetometry with application to the Fermilab Muon g-2 experiment","D. Flay; D. Kawall; T. Chupp; S. Corrodi; M. Farooq; M. Fertl; J. George; J. Grange; R. Hong; R. Osofsky; S. Ramachandran; E. Swanson; P. Winter","2021","Journal of Instrumentation, vol. 16, no. 12, P12041","10.1088/1748-0221/16/12/P12041","https://doi.org/10.1088/1748-0221/16/12/P12041","journal_article","verified_peer_reviewed","B","hall_reference;context_only","Pulsed-proton-NMR absolute scalar magnetometer used to calibrate other NMR magnetometers, reaching 19 ppb absolute accuracy at 1.45 T (tested 1-3 T range).","Read abstract on IOPscience publisher page.","abstract_metadata","Not a Hall device and not combined with a coil in this paper -- included as the strongest peer-reviewed instance of the 'independent absolute-field standard (NMR) calibrates a working field sensor' pattern named in DECISION_FRAMEWORK.md's bench-calibration row. Anchors what an SI-traceable DC/absolute reference looks like in practice; does not itself bear on Hall-vs-coil confounding. Enabling analogy, not direct hybrid evidence."
"H065","Entler et al., Fusion Eng. Des. 146 (2019) 851","Prospects for the steady-state magnetic diagnostic based on antimony Hall sensors for future fusion power reactors","S. Entler; I. Duran; M. Kocan; G. Vayakis; M. Kohout; J. Sebek; P. Sladek; O. Grover; K. Vyborny","2019","Fusion Engineering and Design, vol. 146, pp. 851-855","10.1016/j.fusengdes.2019.01.013","https://doi.org/10.1016/j.fusengdes.2019.01.013","journal_article","verified_peer_reviewed","A","hall_reference","States directly: 'In fusion devices with extended operation, conventional inductive sensors require supplementation by steady-state magnetic field sensors'; reviews ceramic-metal antimony Hall sensors engineered into DEMO's diagnostic set, sensing-layer requirements, assembly design, and preliminary test results.","Read abstract via Semantic Scholar/Crossref aggregated metadata (ScienceDirect page returned HTTP 402/403, not directly loaded).","abstract_metadata","States the DC-anchor rationale directly as the design driver: Mirnov/flux-loop coils are structurally blind to the steady/DC field component over long-pulse or steady-state operation (integrator drift grows unbounded with pulse length), so DEMO is adding Hall sensors specifically to supply the missing component. Status/review paper, not a new hybrid experimental demonstration; material choice (Sb) is driven by radiation/temperature survivability, not cross-technology drift detection. DUPLICATE of folder 06 ledger row S0067."
"H066","Bowen et al., J. Geophys. Res. Space Phys. 125 (2020) e2020JA027813","A Merged Search-Coil and Fluxgate Magnetometer Data Product for Parker Solar Probe FIELDS","T. A. Bowen; S. D. Bale; J. W. Bonnell; T. Dudok de Wit; K. Goetz; K. Goodrich; J. Gruesbeck; P. R. Harvey; G. Jannet; A. Koval; R. J. MacDowall; D. M. Malaspina; M. Pulupa; C. Revillet; D. Sheppard; A. Szabo","2020","Journal of Geophysical Research: Space Physics, vol. 125, e2020JA027813","10.1029/2020JA027813","https://doi.org/10.1029/2020JA027813","journal_article","verified_peer_reviewed","B","hall_reference;context_only","Two fluxgate magnetometers (MAG, DC-capable) merged with a search-coil magnetometer (SCM, induction-based, AC-only) into one DC-1 MHz dataset; MAG is 'the only remaining 3-axis measurement below ~150 Hz,' SCM covers roughly >600 Hz.","Read abstract via Semantic Scholar aggregated metadata (Wiley/AGU page returned HTTP 402, not directly loaded).","abstract_metadata","Not Hall or fusion, but the cleanest peer-reviewed material-diverse (fluxgate vs. induction-coil) DC/AC anchor architecture: the search coil is structurally insensitive to steady/DC field for the same physics reason a Mirnov coil is, so the fluxgate is required to anchor everything below its crossover frequency. Transferable non-fusion analog for the proposed Hall+coil architecture and for the material-diverse-reference question; domain (heliophysics spacecraft, no radiation-drift discussion) is only loosely transferable."
