claim_id,url,title,publisher,published_date,accessed_date,source_type,stage_file,confidence,limitation
S-B25-01,https://webstore.iec.ch/en/publication/28936,"IEC 62477-1:2022 Safety requirements for power electronic converter systems and equipment - Part 1: General (Ed. 2.0)",International Electrotechnical Commission (IEC Webstore),2022-05-20,2026-07-28,standard_scope_page_reused_open,"POWER_MAP.csv (C-01/A-02 safety_certification); POWER.md §4/§7; POWER_SKILLS.md §4c; BRIDGE_TESTS.md PB-6","high","Opened live in the accepted B25 pilot run and REUSED here without re-opening (reuse noted); scope/abstract level only (PECS <=1000VAC/1500VDC); full standard text never purchased or read; supports the standard's existence/scope, not any compliance judgment"
S-B25-02,https://danisense.com/products/dq500id/,"DQ500ID fluxgate current transducer (zero-flux, 800 A, linearity error max 1 ppm; applications include MPS for particle accelerators and current calibration)",Danisense,undated (page as fetched),2026-07-28,manufacturer_spec_reused_open,"POWER_MAP.csv (F-06 missing_capabilities/moat); POWER.md §6; BRIDGE_TESTS.md PB-1/PB-2 reference chain; POWER_SKILLS.md §4f","high for the product class's existence and stated linearity spec","Opened live in the accepted B25 pilot run and REUSED here without re-opening (reuse noted); vendor spec page, not a calibration certificate"
S-B25-03,https://developer.nvidia.com/blog/nvidia-800-v-hvdc-architecture-will-power-the-next-generation-of-ai-factories/,"NVIDIA 800 VDC Architecture Will Power the Next Generation of AI Factories",NVIDIA Developer Technical Blog,2025-05-20,2026-07-28,vendor_technical_blog_reused_open,"POWER_MAP.csv (C-01 application/buyer; ST01-C06P application/buyer); POWER.md §3/§8","medium-high","Opened live in the accepted B25 pilot run and REUSED here without re-opening (reuse noted); vendor-authored roadmap ('2027 full-scale production with Kyber' is a plan, not an observed shipment); names protection/fault detection as an open innovation area — competitive context, not market sizing"
S-B25-04,outputs/B15_lit_synth/attempt-1/EVIDENCE_MAP.csv (rows EV07/EV08; papers P0005/P0006/P0052/P0053/P0054/P0057),"B15-adjudicated review-level WBG consensus (efficiency/frequency/temperature direction; gate-drive burden)",B15_lit_synth accepted output (peer-reviewed corpus adjudication),2026 (stage output),2026-07-28,prerequisite_output_literature,"POWER.md §4/§10; POWER_MAP.csv (C-13 missing_capabilities); BRIDGE_TESTS.md PB-6","moderate (review-level)","Review-level consensus only; headline figures untraced to primaries — BT-8/PB-6 tracing explicitly NOT performed this run and no conclusion depends on the numbers"
S-B25-05,outputs/B15_lit_synth/attempt-1/EVIDENCE_MAP.csv (rows EV27/EV28/EV34/EV18/EV17/EV16; papers P0048/P0050/P0056/P0055/P0031/P0060-P0062/P0025/P0030),"B15-adjudicated evidence: WBG switching-current metrology requirements and partial solutions; DC-capable sensing competitive landscape; DC+AC fusion convergence; array-error and inverse-localization method families",B15_lit_synth accepted output,2026 (stage output),2026-07-28,prerequisite_output_literature,"POWER.md §3/§5; BRIDGE_TESTS.md PB-1/PB-3/PB-4 design bases; POWER_MAP.csv (multiple phd_leverage cells)","strong for problem existence/requirements; moderate for specific solutions (per EV27's own grading)","Some constituent papers adjudicated at B12-ledger metadata level per B15's disclosed provenance; P0048/P0050/P0056 were content-opened by B15"
S-B25-06,outputs/B15_lit_synth/attempt-1/EVIDENCE_MAP.csv (rows EV30/EV31; papers P0049/P0051/P0053/P0058/P0059),"B15 structural adjudications: topology/control differentiates converter work (measurement is supporting infrastructure); GaN power-device engineering is a distinct specialization from Hall metrology",B15_lit_synth accepted output,2026 (stage output),2026-07-28,prerequisite_output_literature,"POWER.md §4; POWER_MAP.csv (phd_leverage cells across all converter rows); POWER_SKILLS.md","moderate (structural observation, per EV30/EV31's own grading)","Constituent records mostly metadata-level per B15; the adjudication class, not paper detail, is what is reused"
S-B25-07,outputs/B15_lit_synth/attempt-1/GAPS.md (G1-G6/M1-M7; BT-1..BT-8) and EVIDENCE_MAP rows EV01/EV32/EV35/EV04/EV09/EV20/EV06/EV23/EV26,"B15 gap/bridge ledger: missing Hall-vs-TMR benchmark; missing GaN irradiation data; traceable-budget scarcity; coil-to-Hall direction unsupported; HTS quench weak-signal/EMI problem class; FOCS niche occupancy",B15_lit_synth accepted output,2026 (stage output),2026-07-28,prerequisite_output_literature,"BRIDGE_TESTS.md (entire ladder basis); POWER.md §5/§6; POWER_MAP.csv (D-01/ST01-C11 cells)","firm within the 62-paper corpus","All absence claims are corpus-bounded, never world-literature proofs (B15's honesty rule carried)"
S-B25-08,outputs/B20_align/attempt-1/ALIGNMENT.csv + ALIGNMENT.md,"B20 alignment classes, mechanisms, falsifiers, five founder-fit corrections, A30-verified items, S-B20-01/02/03 live opens, E-10 handoff note — all 39 rows re-read this run",B20_align accepted output,2026 (stage output),2026-07-28,prerequisite_output,"all five stage files (alignment classes, record bases, falsifiers for every P3R2-* row)","medium-high per B20's own row confidences","B20's market facts are corpus-dated unless marked A30-verified or S-B20-opened; carried with that flag intact; B20-universe rows other than F-06 rest on B20's accepted record reads (disclosed per row in RUN_META)"
S-B25-09,outputs/B10_phd/attempt-1/PHD_FACTS.json,"B10 capability ground truth: demonstrated-vs-proposed ledger (C01-C50), incl. C03/C13/C46 demonstrated; C06/C08/C09/C10/C23/C31 proposed; C04/C05/C29/C45 gates/unknowns; C42 timeline; C49 publication status; C50 provenance caveat",B10_phd accepted output,2026 (stage output),2026-07-28,prerequisite_output,"POWER_SKILLS.md (entire); POWER.md §4-§6; POWER_MAP.csv (every phd_leverage/missing_capabilities cell)","high (B10's own per-claim confidences carried)","Folder-08-derived claims carry B10's pre-redteam caveat (C40); no claim upgraded beyond B10's status vocabulary anywhere in this stage; B10 swept sources/phd only — it neither confirms nor denies startup-corpus capability assertions (handled in POWER_SKILLS.md §3.6)"
S-B25-10,sources/old06/30_SCREENING/EVIDENCE/P3R2-F-06.md,"old06 F-06 demand/competitor evidence record, READ IN FULL this run (155 lines): Southern Spirit ±525kV 2029/2032; NERC PRC-028/029 wave via NAES; LEM 12.5A-24kA ppm-class fluxgate incumbency; State Grid/Xuji domestic-only tender; US-only downgrade; UNCERTAIN gate verdict",old06 corpus record (record-internal web fetches dated ~2026-07-14),2026-07 (record vintage),2026-07-28,corpus_record,"POWER_MAP.csv (F-06 row); POWER.md §1/§9/§10","medium (record-vintage)","Closes the pilot's disclosed line-80 partial read; the record's ABB/Hitachi optical-CT leg is flagged inside the record as WebSearch-corroborated only; NERC and Southern Spirit claims independently refreshed live this run (S-B25-16/17)"
S-B25-11,outputs/B00_inventory/attempt-2/INVENTORY.md,"B00 corpus map: startup sub-mission completion/audit states (01 audited; 03 in-progress unaudited; 05 self-reported complete without audit + served-model gap), corpus freshness table, handoff instructions",B00_inventory accepted output,2026 (stage output),2026-07-28,prerequisite_output,"POWER.md §1 (startup sweep + audit-status carriage); RUN_META.md","high","Navigation/provenance input; its audit-status findings are carried verbatim into every startup-row disclosure"
S-B25-12,sources/startup/01_Startup_Opportunity_Research_2026-07/60_PHASE6_SYNTHESIS/00_EXECUTIVE_SUMMARY.md + sources/startup/03_C12_C10_Strategy_IP_2026-07/00_PRIOR_CORPUS/00_FINAL_SHOWDOWN.md,"Startup corpus canonical synthesis (read to line 160) and Round-2 showdown (read to line 80): top-7 with C10 rank 2 / C06-pivot rank 3 / C11 rank 4 rescoped; ABB SACE Infinitus + Siemens SENTRON 3QD2 shipping-SSCB finding; ITER 41 GJ / ~30 s / <=10 kV dump physics; ASIPP productized-QPS tender; V01 plasma-PSU NO-GO; capital/kill-gate table",startup corpus (01 audited PASS-WITH-EXCEPTIONS; record-vintage ~2026-07-04),2026-07 (record vintage),2026-07-28,corpus_record,"POWER_MAP.csv (ST01-C10/C11/C06P rows; C-01 falsifier refinement; C-14 cross-check); POWER.md §1/§8/§9","medium-high for the corpus's own adjudications (audited sub-mission); record-vintage for all market facts","Partial reads disclosed (exec summary to line 160; showdown to line 80); underlying deep dives DD_C11 and DD-C06 NOT opened this run; every market claim (shipping SSCBs, tenders) is record-vintage and NOT re-verified live except where S-B25-03/15/18 independently corroborate adjacent facts"
S-B25-13,sources/startup/03_C12_C10_Strategy_IP_2026-07/ (00_PRIOR_CORPUS/DEEPDIVES/DD_C10_magnet_power_converters.md full; 50_INVENTIONS/ID_08 full; ID_10 full; ID_12 full; ID_13 lines 1-60; 00_README_START_HERE.md full; 01_MISSION/FOUNDER_PROFILE_V3.md full),"startup/03 C12+C10 strategy/IP mission records: C10 deep dive (incumbent map CAENels/Danfysik/OCEM/Magna-Power/Jema; FIA bottleneck figures; CN tender landscape; MEDIUM verdict; validation experiments); red-teamed invention disclosures ID_08/ID_10/ID_12/ID_13 with charted prior art and RTP plans; Round-3 founder profile",startup corpus (03 IN-PROGRESS since 2026-07-04; unaudited per B00),2026-07 (record vintage),2026-07-28,corpus_record,"POWER_MAP.csv (ST01-C10, ST03-ID_08/10/12/13 rows; F-02 moat cell); POWER.md §4/§6/§8/§9; POWER_SKILLS.md §3.6/§5; BRIDGE_TESTS.md PB-4/§8","medium — internally red-teamed engineering/IP analyses; NOT audited; patent/NPL charting is the record's own and was not independently re-verified","Mission blocked in progress (phase5/6 pending per B00); ID_13 partial read disclosed; all patent numbers/claims/status and market figures are the record's own fetched claims, reused here as documented analysis, never as independently verified fact; ECCN 3A226 threshold text is the record's own snippet-level caveat; founder-capability assertions NOT adopted (POWER_SKILLS.md §3.6)"
S-B25-14,sources/startup/05_CryoFree_HTS_RND_2026-07/ (10_MISSION/MISSION.md full; 10_MISSION/RND_STRATEGY_CryoFree.md lines 1-120; 70_DISCLOSURES/ID_04_cold_head_ramp_governor.md full),"startup/05 CryoFree HTS mission records: CF-1..CF-7 candidate set with composition map (CF-4 composes with C10 converter); ranked survivors (CF-4 'strongest second bet', NARROW-NOVEL, G-PHYS REVISE with tautology caveat); ID_04 disclosure incl. expired Sumitomo/Toshiba genus art, FSU/NHMFL FTO watch, and deliberate exclusion of Hall/magnetic sensing from the core claim",startup corpus (05 self-reported COMPLETE, no audit folder, served-model-unverified gates — per B00 and the record's own §5 caveat),2026-07 (record vintage),2026-07-28,corpus_record,"POWER_MAP.csv (ST05-CF-4 row); POWER.md §1/§6; BRIDGE_TESTS.md §8","medium-low — self-reported-complete mission whose own strategy file flags unresolved served-model and sim-artifact issues; those flags are carried verbatim","RND_STRATEGY read to line 120 (partial, disclosed); prophetic/simulated numbers are reused ONLY with the record's own tautology/prophetic caveats attached; no CF-4 figure is treated as measured or as safety evidence"
S-B25-15,https://www.danfysik.com/en/products/power-supplies/system-9700,"SYSTEM 9700 magnet power supply — 'ultra-high long-term stability of 10ppm', 0.75kW to 100kW, water- and air-cooled, accelerator/magnet applications",Danfysik A/S,undated (page as fetched),2026-07-28,manufacturer_spec_live_open,"POWER_MAP.csv (F-02 missing_capabilities/moat; ST01-C10 application); POWER.md §6/§8","high for the stated catalog spec class","NEW live open this run; vendor page states no control-bandwidth/dynamics figures — the 'slow-dynamics' characterization of this class comes from the startup record's NPL reading (S-B25-13), not from this page; page is undated marketing content"
S-B25-16,https://hsi.com/blog/what-you-need-to-know-prc-028-1-inverter-based-resource,"What You Need to Know About PRC-028-1: Inverter-Based Resource Data Collection (effective 2025-04-01; 50% compliance by 2028-04-01; 100% by 2030-01-01 for pre-existing BES IBRs)",HSI (training/compliance vendor blog),undated (page as fetched),2026-07-28,secondary_compliance_page_live_open,"POWER_MAP.csv (F-06 application; G-03 application); POWER.md §9/§10","medium — secondary source, internally detailed and consistent with the old06 record's NAES citation (S-B25-10)","NEW live open this run, used because the official NERC standard PDF (nerc.com/globalassets/.../prc-028-1.pdf) returned HTTP 403 (failure disclosed here and in RUN_META); dates should be re-verified against NERC directly before any downstream reliance beyond demand-context use"
S-B25-17,https://patternenergy.com/projects/southern-spirit/,"Southern Spirit Transmission — ~3,000 MW, ±525 kV HVDC, ~320 miles (TX/LA/MS), >$2.6B private investment; 'Target full construction start: 2029'; 'Target in-service date: 2032'",Pattern Energy,undated (page content appears not updated since ~2023),2026-07-28,project_developer_page_live_open,"POWER_MAP.csv (F-06 application; E-14 buyer); POWER.md §9/§10","medium — developer's own stated targets, but the page's status narrative is dated ('as of summer 2023')","NEW live open this run; refreshes the old06 record's fetch of the same page (S-B25-10) and returns the SAME target dates, but the page itself shows no post-2023 status update — the 2029/2032 targets are the developer's stated plan, not verified current construction status"
S-B25-18,https://www.fusionindustryassociation.org/fia-launches-2026-fusion-industry-supply-chain-report/,"FIA Launches 2026 Fusion Industry Supply Chain Report — published 2026-06-23: 2025 supply-chain spend $538M (+24%), $681M projected 2026 (+27%); power systems and components the top-cited bottleneck at 48%",Fusion Industry Association,2026-06-23,2026-07-28,industry_association_page_live_open,"POWER_MAP.csv (ST01-C10 application); POWER.md §8/§9","medium-high for the report's own survey figures (self-reported industry survey, 25 companies + 67 suppliers)","NEW live open this run; independently corroborates the startup record's DD-C10-14 figures exactly; association survey data, not audited market accounting; underlying report PDF not opened"
S-B25-19,outputs/B20_align/attempt-1/SOURCES.csv rows S-B20-01/02/03 (as cited through ALIGNMENT.csv),"B20's live opens reused by reference: TapeStar incumbent class (S-B20-01), merchant-magnet buyer class current (S-B20-02), Impedans Semion measurement-only incumbent (S-B20-03)",B20_align accepted output,2026 (stage output),2026-07-28,prerequisite_output_reused_open,"POWER_MAP.csv (F-02/D-01/F-06 buyer cells); BRIDGE_TESTS.md PB-1/PB-5 (magnet-community loan/partner premise)","medium-high per B20's own grading","Reused by reference through the accepted B20 output; not re-opened this run"
