"source_id","normalized_doi","normalized_title","found_in_folder_06","evidence","new_source_flag"
"H001","10.1088/1741-4326/adb599","sensor fusion and magnetic drift estimation in magnetic measurements using kalman filter for long duration plasma operations","S0118","same normalized DOI as folder-06 row S0118","reused"
"H002","10.1016/j.fusengdes.2025.115180","data fusion of magnetic coils and hall sensors using kalman filtering","S0122","same normalized DOI as folder-06 row S0122","reused"
"H003","10.1088/1741-4326/ac8aad","long term operation of the radiation hard hall probes system and the path toward a high performance hybrid magnetic field sensor","S0068","same normalized DOI as folder-06 row S0068","reused"
"H004","10.3390/s22010182","drift free integration in inductive magnetic field measurements achieved by kalman filtering","S0179","same normalized DOI as folder-06 row S0179","reused"
"H005","10.3390/s19245455","integrator drift compensation of magnetic flux transducers by feed forward correction","S0180","same normalized DOI as folder-06 row S0180","reused"
"H006","10.1166/sl.2007.004","performance of hall sensor based devices for magnetic field diagnosis at fusion reactors","no","no normalized-DOI or normalized-title match in folder-06 ledger (231 rows checked)","new"
"H007","10.1109/tns.2012.2188816","magnetic measuring instrumentation with radiation resistant hall sensors for fusion reactors experience of testing at jet","no","no normalized-DOI or normalized-title match in folder-06 ledger (231 rows checked)","new"
"H008","10.1063/1.5039356","application of a hall sensor for pulsed magnetic field measurement in the fat cm frc experiments","S0173","same normalized DOI as folder-06 row S0173","reused"
"H009","10.1063/1.1789620","performance of the magnetic sensor and the integrator for the kstar magnetic diagnostics","S0105","same normalized DOI as folder-06 row S0105","reused"
"H010","10.1016/j.fusengdes.2008.07.045","the magnetic field configuration measurement on east tokamak","S0069","same normalized DOI as folder-06 row S0069","reused"
"H011","10.1088/0029-5515/55/8/083006","experimental evaluation of stable long term operation of semiconductor magnetic sensors at iter relevant environment","S0111","same normalized DOI as folder-06 row S0111","reused"
"H012","10.1109/taes.1975.308081","a comparison of complementary and kalman filtering","no","no normalized-DOI or normalized-title match in folder-06 ledger (231 rows checked)","new"
"H013","10.1109/tac.2008.923738","nonlinear complementary filters on the special orthogonal group","no","no normalized-DOI or normalized-title match in folder-06 ledger (231 rows checked)","new"
"H014","10.1109/icorr.2011.5975346","estimation of imu and marg orientation using a gradient descent algorithm","no","no normalized-DOI or normalized-title match in folder-06 ledger (231 rows checked)","new"
"H015","10.1109/tac.1969.1099223","treatment of bias in recursive filtering","no","no normalized-DOI or normalized-title match in folder-06 ledger (231 rows checked)","new"
"H016","10.1016/0005-1098(87)90037-9","unbiased minimum variance linear state estimation","no","no normalized-DOI or normalized-title match in folder-06 ledger (231 rows checked)","new"
"H017","10.1016/s0005-1098(96)00217-8","unbiased minimum variance estimation for systems with unknown exogenous inputs","no","no normalized-DOI or normalized-title match in folder-06 ledger (231 rows checked)","new"
"H018","10.1109/taes.2004.1310002","observability of an integrated gps ins during maneuvers","no","no normalized-DOI or normalized-title match in folder-06 ledger (231 rows checked)","new"
"H019","10.1109/tvt.2004.841540","observability of error states in gps ins integration","no","no normalized-DOI or normalized-title match in folder-06 ledger (231 rows checked)","new"
"H020","10.1007/bf03546305","centering and observability in attitude independent magnetometer bias determination","no","no normalized-DOI or normalized-title match in folder-06 ledger (231 rows checked)","new"
"H021","10.3390/s16091407","multi sensor consensus estimation of state sensor biases and unknown input","no","no normalized-DOI or normalized-title match in folder-06 ledger (231 rows checked)","new"
"H022","10.1109/jsen.2022.3207276","contactless current sensor with novel coil designs and hall effect based electron device for dynamic precision adjustment","no","no normalized-DOI or normalized-title match in folder-06 ledger (231 rows checked)","new"
"H023","10.1109/jsen.2009.2013914","current sensing techniques a review","no","no normalized-DOI or normalized-title match in folder-06 ledger (231 rows checked)","new"
"H024","10.1016/j.fusengdes.2021.112276","shunt and rogowski coil measurements on asdex upgrade in support of demo detachment control","no","no normalized-DOI or normalized-title match in folder-06 ledger (231 rows checked)","new"
"H025","10.1063/1.1147835","a hybrid digital analog long pulse integrator","no","no normalized-DOI or normalized-title match in folder-06 ledger (231 rows checked)","new"
"H026","10.1063/1.2721405","analog integrator for the korea superconducting tokamak advanced research magnetic diagnostics","no","no normalized-DOI or normalized-title match in folder-06 ledger (231 rows checked)","new"
"H027","10.1063/1.1148918","drift free integrators","no","no normalized-DOI or normalized-title match in folder-06 ledger (231 rows checked)","new"
"H028","10.1109/tim.2007.890787","digital integrator for fast accurate measurement of magnetic flux by rotating coils","no","no normalized-DOI or normalized-title match in folder-06 ledger (231 rows checked)","new"
"H029","10.1016/j.fusengdes.2019.01.070","fiber optic current sensor for plasma current on experimental advanced superconducting tokamak","no","no normalized-DOI or normalized-title match in folder-06 ledger (231 rows checked)","new"
"H030","10.1016/j.fusengdes.2020.111754","plasma current measurement at jet using polarimetry based fibre optic current sensor","no","no normalized-DOI or normalized-title match in folder-06 ledger (231 rows checked)","new"
"H031","10.1016/j.fusengdes.2021.112228","performance assessment of plasma current measurement at jet using fibre optics current sensor","no","no normalized-DOI or normalized-title match in folder-06 ledger (231 rows checked)","new"
"H032","10.3390/s25061646","a current sensing cross component induction magnetometer for use in time domain borehole geophysical electromagnetic surveys","no","no normalized-DOI or normalized-title match in folder-06 ledger (231 rows checked)","new"
"H033","10.1080/09398368.1993.11463318","wide bandwidth rogowski current transducers part ii the integrator","no","no normalized-DOI or normalized-title match in folder-06 ledger (231 rows checked)","new"
"H034","10.1016/0924-4247(89)80069-x","a low offset spinning current hall plate","S0033","same normalized DOI as folder-06 row S0033","reused"
"H035","10.1109/icsens.2004.1426372","limits of offset cancellation by the principle of spinning current hall probe","S0041","same normalized DOI as folder-06 row S0041","reused"
"H036","10.1109/iedm.1997.650529","double hall sensor with self compensated offset","no","no normalized-DOI or normalized-title match in folder-06 ledger (231 rows checked)","new"
"H037","10.1109/jssc.2005.847488","a chopped hall sensor with small jitter and programmable true power on function","no","no normalized-DOI or normalized-title match in folder-06 ledger (231 rows checked)","new"
"H038","10.1016/s0924-4247(01)00857-3","reference magnetic actuator for self calibration of a very small hall sensor array","no","no normalized-DOI or normalized-title match in folder-06 ledger (231 rows checked)","new"
"H039","10.1109/smicnd.2009.5336656","self test system for integrated hall effect sensors","no","no normalized-DOI or normalized-title match in folder-06 ledger (231 rows checked)","new"
"H040","10.1063/1.4808366","in situ artificial plasma calibration of tokamak magnetic sensors","no","no normalized-DOI or normalized-title match in folder-06 ledger (231 rows checked)","new"
"H041","10.1063/1.1149831","high accuracy magnetic field measurements with a hall probe","no","no normalized-DOI or normalized-title match in folder-06 ledger (231 rows checked)","new"
"H042","10.5194/jsss-9-391-2020","traceably calibrated scanning hall probe microscopy at room temperature","S0051","same normalized DOI as folder-06 row S0051","reused"
"H043","10.1109/tns.1977.4329095","the zero flux dc current transformer a high precision bipolar wide band measuring device","no","no normalized-DOI or normalized-title match in folder-06 ledger (231 rows checked)","new"
"H044","10.3390/s22124649","degradation detection in a redundant sensor architecture","no","no normalized-DOI or normalized-title match in folder-06 ledger (231 rows checked)","new"
"H045","10.3390/s22207979","contactless ac dc wide bandwidth current sensor based on composite measurement principle","no","no normalized-DOI or normalized-title match in folder-06 ledger (231 rows checked)","new"
"H046","10.1109/tim.2008.2007031","onsite calibration of a current transformer using a rogowski coil","no","no normalized-DOI or normalized-title match in folder-06 ledger (231 rows checked)","new"
"H047","10.1109/tmag.2018.2873238","impact of contact misalignment on magnetic cross sensitivity of integrated vertical hall sensors","no","no normalized-DOI or normalized-title match in folder-06 ledger (231 rows checked)","new"
"H048","10.1063/5.0244636","exploring the operational limits of poloidal and helical arrays of mirnov coils in stellarators by means of a synthetic diagnostic","S0074","same normalized DOI as folder-06 row S0074","reused"
"H049","10.1063/1.3246785","design construction and calibration of a three axis high frequency magnetic probe b dot probe as a diagnostic for exploding plasmas","S0076","same normalized DOI as folder-06 row S0076","reused"
"H050","10.1109/tia.2015.2506139","hall effect sensor fault detection identification and compensation in brushless dc drives","no","no normalized-DOI or normalized-title match in folder-06 ledger (231 rows checked)","new"
"H051","10.3390/en7074571","saturation detection based blocking scheme for transformer differential protection","no","no normalized-DOI or normalized-title match in folder-06 ledger (231 rows checked)","new"
"H052","10.1016/j.heliyon.2024.e37960","restoration of the current transformer secondary current under core saturation conditions based on ann","no","no normalized-DOI or normalized-title match in folder-06 ledger (231 rows checked)","new"
"H053","10.1109/acc.2005.1470607","fusion of time delayed measurements with uncertain time delays","no","no normalized-DOI or normalized-title match in folder-06 ledger (231 rows checked)","new"
"H054","10.1134/s1061830913080044","comparative evaluation of coil and hall probes in hole detection and thickness measurement on aluminum plates using eddy current testing","no","no normalized-DOI or normalized-title match in folder-06 ledger (231 rows checked)","new"
"H055","10.1109/ispsd.1999.764117","a new current measuring principle for power electronic applications hoka","no","no normalized-DOI or normalized-title match in folder-06 ledger (231 rows checked)","new"
"H056","10.1016/j.sna.2007.08.030","an ac dc magnetometer for space missions improvement of a hall sensor by the magnetic flux concentration of the magnetic core of a searchcoil","no","no normalized-DOI or normalized-title match in folder-06 ledger (231 rows checked)","new"
"H057","10.1109/aupec.2013.6725460","ac motor instrumentation and main air gap flux measurement for fault diagnostics","no","no normalized-DOI or normalized-title match in folder-06 ledger (231 rows checked)","new"
"H058","10.1049/elp2.12157","airgap and stray magnetic flux monitoring techniques for fault diagnosis of electrical machines an overview","no","no normalized-DOI or normalized-title match in folder-06 ledger (231 rows checked)","new"
"H059","10.1109/tasc.2018.2801325","measurement and analysis of the dynamic effects in an hts dipole magnet","no","no normalized-DOI or normalized-title match in folder-06 ledger (231 rows checked)","new"
"H060","10.1088/1361-6668/ab9ef3","corc cable terminations with integrated hall arrays for quench detection","no","no normalized-DOI or normalized-title match in folder-06 ledger (231 rows checked)","new"
"H061","10.1109/tasc.2014.2374536","axial field magnetic quench antenna for the superconducting accelerator magnets","no","no normalized-DOI or normalized-title match in folder-06 ledger (231 rows checked)","new"
"H062","10.1016/s0168-9002(00)01008-1","an instrument for precision magnetic measurements of large magnetic structures","no","no normalized-DOI or normalized-title match in folder-06 ledger (231 rows checked)","new"
"H063","10.1109/cicc.2018.8357028","a fully integrated dc to 75 mhz current sensing circuit with on chip rogowski coil","no","no normalized-DOI or normalized-title match in folder-06 ledger (231 rows checked)","new"
"H064","10.1088/1748-0221/16/12/p12041","high accuracy absolute magnetometry with application to the fermilab muon g 2 experiment","no","no normalized-DOI or normalized-title match in folder-06 ledger (231 rows checked)","new"
"H065","10.1016/j.fusengdes.2019.01.013","prospects for the steady state magnetic diagnostic based on antimony hall sensors for future fusion power reactors","S0067","same normalized DOI as folder-06 row S0067","reused"
"H066","10.1029/2020ja027813","a merged search coil and fluxgate magnetometer data product for parker solar probe fields","no","no normalized-DOI or normalized-title match in folder-06 ledger (231 rows checked)","new"
"R001","10.1063/1.3479115","irradiation tests of iter candidate hall sensors using two types of neutron spectra","no","no normalized-DOI or normalized-title match in folder-06 ledger (231 rows checked)","new"
"R002","10.1109/tns.2019.2912720","toward the development of an insb based neutron resistant hall sensor","no","no normalized-DOI or normalized-title match in folder-06 ledger (231 rows checked)","new"
"R003","10.3390/s22145258","the comparison of insb based thin films and graphene on sic for magnetic diagnostics under extreme conditions","no","no normalized-DOI or normalized-title match in folder-06 ledger (231 rows checked)","new"
"R004","10.1016/j.apsusc.2022.152992","graphene on sic as a promising platform for magnetic field detection under neutron irradiation","no","no normalized-DOI or normalized-title match in folder-06 ledger (231 rows checked)","new"
"R006","10.1134/s1063783414010089","application of reactor neutrons to the investigation of the radiation resistance of semiconductor materials of group iii v and sensors","no","no normalized-DOI or normalized-title match in folder-06 ledger (231 rows checked)","new"
"R007","10.1016/0168-9002(94)01710-7","hall effect analysis on neutron irradiated high resistivity silicon","no","no normalized-DOI or normalized-title match in folder-06 ledger (231 rows checked)","new"
"R008","10.1016/j.nimb.2008.06.017","effects of irradiation with gamma and beta rays on semiconductor hall effect devices","no","no normalized-DOI or normalized-title match in folder-06 ledger (231 rows checked)","new"
"R009","10.1109/sibcon.2013.6693581","radiation characteristics of hall sensor on the base of gallium arsenide","no","no normalized-DOI or normalized-title match in folder-06 ledger (231 rows checked)","new"
"R010","10.1088/1757-899x/81/1/012027","stability of the gaas based hall sensors irradiated by gamma quanta","no","no normalized-DOI or normalized-title match in folder-06 ledger (231 rows checked)","new"
"R011","10.1109/tns.2024.3362999","design and implementation of a high voltage radiation hard hall switch sensor","no","no normalized-DOI or normalized-title match in folder-06 ledger (231 rows checked)","new"
"R012","10.1063/1.4805357","effect of proton irradiation on algan gan micro hall sensors","no","no normalized-DOI or normalized-title match in folder-06 ledger (231 rows checked)","new"
"R013","10.1063/1.4861902","partial recovery of the magnetoelectrical properties of algan gan based micro hall sensors irradiated with protons","no","no normalized-DOI or normalized-title match in folder-06 ledger (231 rows checked)","new"
"R014","10.1109/led.2014.2358613","proton irradiation enhancement of low field negative magnetoresistance sensitivity of algan gan based magnetic sensor at cryogenic temperature","no","no normalized-DOI or normalized-title match in folder-06 ledger (231 rows checked)","new"
"R015","10.1063/1.4866629","effect of annealing on proton irradiated algan gan based micro hall sensors","no","no normalized-DOI or normalized-title match in folder-06 ledger (231 rows checked)","new"
"R016","10.1088/1742-6596/433/1/012011","effect of proton irradiation on 2deg in algan gan heterostructures","no","no normalized-DOI or normalized-title match in folder-06 ledger (231 rows checked)","new"
"R017","10.1063/1.3074513","high sensitivity and multifunctional micro hall sensors fabricated using inalsb inassb inalsb heterostructures","no","no normalized-DOI or normalized-title match in folder-06 ledger (231 rows checked)","new"
"R018","10.1109/tns.2016.2615888","radiation hard contactless angular position sensor based on hall effect","no","no normalized-DOI or normalized-title match in folder-06 ledger (231 rows checked)","new"
"R019","10.1109/redw.2008.33","tid and see response of optek hall effect sensors","no","no normalized-DOI or normalized-title match in folder-06 ledger (231 rows checked)","new"
"R020","10.1016/j.nimb.2014.08.007","defect analysis in fast electron irradiated silicon by hall and magnetoresistivity means","no","no normalized-DOI or normalized-title match in folder-06 ledger (231 rows checked)","new"
"R021","10.1016/j.mssp.2025.109926","hall and magnetoresistivity measurements in high energy electron irradiated p type silicon","no","no normalized-DOI or normalized-title match in folder-06 ledger (231 rows checked)","new"
"R022","10.1063/1.4929583","degradation mechanisms of 2 mev proton irradiated algan gan hemts","no","no normalized-DOI or normalized-title match in folder-06 ledger (231 rows checked)","new"
"R023","10.1109/tns.2008.2001705","electrostatic mechanisms responsible for device degradation in proton irradiated algan aln gan hemts","no","no normalized-DOI or normalized-title match in folder-06 ledger (231 rows checked)","new"
"R024","10.1109/tns.2013.2278314","total ionizing dose radiation effects in algan gan hemts and mos hemts","no","no normalized-DOI or normalized-title match in folder-06 ledger (231 rows checked)","new"
"R025","10.1038/s41598-020-72862-2","thermal neutron transmutation doping of gan semiconductors","no","no normalized-DOI or normalized-title match in folder-06 ledger (231 rows checked)","new"
"R026","10.1016/j.nimb.2017.05.032","deep level transient spectroscopy characterisation of xe irradiated gan","no","no normalized-DOI or normalized-title match in folder-06 ledger (231 rows checked)","new"
"R027","10.1016/s0921-5107(00)00746-7","deep levels introduced in n gan grown by the elog technique by high energy electron irradiation","no","no normalized-DOI or normalized-title match in folder-06 ledger (231 rows checked)","new"
"R028","10.3390/nano12132126","research on the synergistic effect of total ionization and displacement dose in gan hemt using neutron and gamma ray irradiation","no","no normalized-DOI or normalized-title match in folder-06 ledger (231 rows checked)","new"
"R029","10.3390/ma16155225","study of the influence of the irradiation flux density on the formation of a defect structure in aln in the case of the effect of overlapping of the heavy ion motion trajectories in the near surface layer","no","no normalized-DOI or normalized-title match in folder-06 ledger (231 rows checked)","new"
"R030","10.1016/j.solidstatesciences.2020.106367","the influence of the energy of incident protons on the defect formation and radiation resistance of aln ceramics","no","no normalized-DOI or normalized-title match in folder-06 ledger (231 rows checked)","new"
"R031","10.1016/s0168-583x(98)00722-8","electrical characterization of low temperature he ion irradiated gan","no","no normalized-DOI or normalized-title match in folder-06 ledger (231 rows checked)","new"
"R032","10.1016/j.nimb.2023.165228","threshold displacement energies and primary radiation damage in aln from molecular dynamics simulations","no","no normalized-DOI or normalized-title match in folder-06 ledger (231 rows checked)","new"
"R033","10.1149/06104.0171ecst","invited effect of annealing on electronic carrier transport properties of gamma irradiated algan gan high electron mobility transistors","no","no normalized-DOI or normalized-title match in folder-06 ledger (231 rows checked)","new"
"R034","10.1063/5.0279267","review of radiation induced defects in gaas","no","no normalized-DOI or normalized-title match in folder-06 ledger (231 rows checked)","new"
"R035","10.1088/0022-3719/18/20/012","irradiation induced defects in gaas","no","no normalized-DOI or normalized-title match in folder-06 ledger (231 rows checked)","new"
"R036","10.1103/physrevb.37.4760","mechanism of fermi level stabilization in semiconductors","no","no normalized-DOI or normalized-title match in folder-06 ledger (231 rows checked)","new"
"R037","10.1134/1.1568456","electrical properties of inas irradiated with protons","no","no normalized-DOI or normalized-title match in folder-06 ledger (231 rows checked)","new"
"R038","10.1134/1.1777597","electrical properties and limiting position of the fermi level in insb irradiated with protons","no","no normalized-DOI or normalized-title match in folder-06 ledger (231 rows checked)","new"
"R039","10.1134/1.1427970","electrical properties of the proton irradiated semi insulating gaas cr","no","no normalized-DOI or normalized-title match in folder-06 ledger (231 rows checked)","new"
"R040","10.1016/s0168-9002(98)01475-2","leakage current of hadron irradiated silicon detectors material dependence","no","no normalized-DOI or normalized-title match in folder-06 ledger (231 rows checked)","new"
"R041","10.1109/23.273529","damage correlations in semiconductors exposed to gamma electron and proton radiations","no","no normalized-DOI or normalized-title match in folder-06 ledger (231 rows checked)","new"
"R042","10.1063/5.0318998","damage generation efficiency of protons and 60co gammas in iii v infrared semiconductors","no","no normalized-DOI or normalized-title match in folder-06 ledger (231 rows checked)","new"
"R043","10.1109/sim.2002.1242720","electrical properties of semi insulating gaas irradiated with neutrons","no","no normalized-DOI or normalized-title match in folder-06 ledger (231 rows checked)","new"
"R044","10.3390/s20143946","investigation of radiation effects on fd soi hall sensors by tcad simulations","no","no normalized-DOI or normalized-title match in folder-06 ledger (231 rows checked)","new"
"R045","10.1016/j.nima.2014.01.052","investigation of unique total ionizing dose effects in 0 2 micron partially depleted silicon on insulator technology","no","no normalized-DOI or normalized-title match in folder-06 ledger (231 rows checked)","new"
"R046","10.1016/j.nima.2016.05.072","synergistic effect of mixed neutron and gamma irradiation in bipolar operational amplifier op07","no","no normalized-DOI or normalized-title match in folder-06 ledger (231 rows checked)","new"
"R047","10.1016/j.microrel.2014.07.091","influence of temperature and dose rate on the degradation of bicmos operational amplifiers during total ionizing dose testing","no","no normalized-DOI or normalized-title match in folder-06 ledger (231 rows checked)","new"
"R048","10.1016/j.fusengdes.2007.05.024","induced voltages and currents in copper and stainless steel core mineral insulated cables due to radiation and thermal gradients","no","no normalized-DOI or normalized-title match in folder-06 ledger (231 rows checked)","new"
"R049","10.1016/j.fusengdes.2005.06.010","experimental study of radiation induced currents in copper and stainless steel core mineral insulated cables in the br2 research reactor","no","no normalized-DOI or normalized-title match in folder-06 ledger (231 rows checked)","new"
"R050","10.3390/electronics7120429","a radiation hardened instrumentation amplifier for sensor readout integrated circuits in nuclear fusion applications","no","no normalized-DOI or normalized-title match in folder-06 ledger (231 rows checked)","new"
"R051","10.1088/1748-0221/10/08/p08009","evaluation of commercial adc radiation tolerance for accelerator experiments","no","no normalized-DOI or normalized-title match in folder-06 ledger (231 rows checked)","new"
"R052","10.1109/tns.2004.839196","investigation of millisecond long analog single event transients in the lm6144 op amp","no","no normalized-DOI or normalized-title match in folder-06 ledger (231 rows checked)","new"
"R053","10.1016/j.rinp.2021.104672","radiation induced conductivity in polyethyleneterephthalate and polyimide trap distribution effects","no","no normalized-DOI or normalized-title match in folder-06 ledger (231 rows checked)","new"
"R054","10.1016/j.fusengdes.2017.12.001","in vessel electrical integration in iter requirements solutions","no","no normalized-DOI or normalized-title match in folder-06 ledger (231 rows checked)","new"
"R055","10.1109/radecs53308.2021.9954538","total ionizing dose effects on current sense amplifiers","no","no normalized-DOI or normalized-title match in folder-06 ledger (231 rows checked)","new"
"R056","10.1016/s0920-3796(03)00328-4","study of the radiation induced electromotive force effect on mineral insulated cables for magnetic diagnostics in iter","no","no normalized-DOI or normalized-title match in folder-06 ledger (231 rows checked)","new"
"R057","10.1016/j.jnucmat.2004.04.253","riemf in mgo and al2o3 insulated mi cable iter magnetic diagnostic coils","no","no normalized-DOI or normalized-title match in folder-06 ledger (231 rows checked)","new"
"R058","10.1016/s0168-583x(96)00786-0","radiation induced electromotive force in mineral insulated cable under reactor irradiation","no","no normalized-DOI or normalized-title match in folder-06 ledger (231 rows checked)","new"
"R059","10.1063/1.1622976","theoretical study of radiation induced electromotive force effects on mineral insulated cables","no","no normalized-DOI or normalized-title match in folder-06 ledger (231 rows checked)","new"
"R060","10.1063/1.1622977","experimental study of radiation induced electromotive force effects on mineral insulated cables","no","no normalized-DOI or normalized-title match in folder-06 ledger (231 rows checked)","new"
"R061","10.1016/s0022-3115(97)00012-3","low temperature fast neutron and gamma irradiation of kapton polyimide films","no","no normalized-DOI or normalized-title match in folder-06 ledger (231 rows checked)","new"
"R062","10.1016/s0011-2275(97)00116-1","low temperature fast neutron and gamma irradiation of alumina","no","no normalized-DOI or normalized-title match in folder-06 ledger (231 rows checked)","new"
"R063","10.3390/s25216552","assessment of neutron radiation effects on the fiber optics current sensor performance during jet dte2 experimental campaign","no","no normalized-DOI or normalized-title match in folder-06 ledger (231 rows checked)","new"
"R064","10.3390/photonics13030277","gamma irradiation effect on the verdet constant of standard single mode ge doped optical fibre","no","no normalized-DOI or normalized-title match in folder-06 ledger (231 rows checked)","new"
"R065","10.1016/j.fusengdes.2025.115011","radiation effects in optical fibres measured during jet dt plasma experiments","no","no normalized-DOI or normalized-title match in folder-06 ledger (231 rows checked)","new"
"R066","10.1016/j.fusengdes.2019.02.123","fault analysis and improved design of jet in vessel mirnov coils","S0082","same normalized DOI as folder-06 row S0082","reused"
"R067","10.1109/wisee44079.2020.9262639","study of radiation induced frequency shifts in quarz crystal oscillators","no","no normalized-DOI or normalized-title match in folder-06 ledger (231 rows checked)","new"
"R068","10.1016/j.radphyschem.2022.110372","study on irradiation effect of insulating materials for fusion superconducting magnets interlaminar shear strength at liquid helium temperature","no","no normalized-DOI or normalized-title match in folder-06 ledger (231 rows checked)","new"
"R069","10.1016/j.fusengdes.2015.04.047","development of the iter continuous external rogowski from conceptual design to final design","S0151","same normalized DOI as folder-06 row S0151","reused"
"R070","10.1016/j.fusengdes.2023.113984","procedure qualification and integration of the continuous external rogowski diagnostics to the superconducting magnets of iter tokamak","no","no normalized-DOI or normalized-title match in folder-06 ledger (231 rows checked)","new"
"R071","10.1016/j.fusengdes.2013.02.055","performance of metal hall sensors based on copper","no","no normalized-DOI or normalized-title match in folder-06 ledger (231 rows checked)","new"
"R072","10.1016/j.fusengdes.2019.01.002","improved neutron activation dosimetry for fusion","no","no normalized-DOI or normalized-title match in folder-06 ledger (231 rows checked)","new"
"R073","10.1016/j.fusengdes.2012.02.129","neutronics diagnostics for european iter tbms activation foil spectrometer for short measurement cycles","no","no normalized-DOI or normalized-title match in folder-06 ledger (231 rows checked)","new"
"R074","10.1016/j.fusengdes.2011.02.090","test facility for a neutron flux spectrometer system based on the foil activation technique for neutronics experiments with the iter tbm","no","no normalized-DOI or normalized-title match in folder-06 ledger (231 rows checked)","new"
"R075","10.1016/j.fusengdes.2021.112286","application of verdi detectors for neutron fluence measurements during the jet 2019 deuterium deuterium campaign","no","no normalized-DOI or normalized-title match in folder-06 ledger (231 rows checked)","new"
"R076","10.1016/j.fusengdes.2019.03.055","verdi detector benchmark experiment at the enea 14 mev frascati neutron generator","no","no normalized-DOI or normalized-title match in folder-06 ledger (231 rows checked)","new"
"R078","10.1088/1748-0221/7/05/c05009","diagnostic neutron activation system for kstar","no","no normalized-DOI or normalized-title match in folder-06 ledger (231 rows checked)","new"
"R079","10.1016/j.fusengdes.2015.06.108","development of magnetic sensors for jt 60sa","no","no normalized-DOI or normalized-title match in folder-06 ledger (231 rows checked)","new"
"P001","10.1016/j.fusengdes.2013.02.018","r d on iter in vessel magnetic sensors","no","no normalized-DOI or normalized-title match in folder-06 ledger (231 rows checked)","new"
"P002","10.1016/j.fusengdes.2019.01.106","design and development of the mechanical support structure for iter in vessel magnetic sensors","no","no normalized-DOI or normalized-title match in folder-06 ledger (231 rows checked)","new"
"P003","10.1063/1.4964435","high magnetic field test of bismuth hall sensors for iter steady state magnetic diagnostic","no","no normalized-DOI or normalized-title match in folder-06 ledger (231 rows checked)","new"
"P004","10.1063/1.5036537","the new magnetic diagnostics in the west tokamak","no","no normalized-DOI or normalized-title match in folder-06 ledger (231 rows checked)","new"
"P005","10.1016/j.fusengdes.2008.12.014","design and stress analysis of in vessel saddle coils for mhd control in asdex upgrade","no","no normalized-DOI or normalized-title match in folder-06 ledger (231 rows checked)","new"
"P006","10.1016/j.fusengdes.2017.03.010","progress of the magnetic sensor development for jt 60sa","no","no normalized-DOI or normalized-title match in folder-06 ledger (231 rows checked)","new"
"P007","10.1016/j.fusengdes.2007.07.045","design developments for the iter in vessel equilibrium pick up coils and halo current sensors","no","no normalized-DOI or normalized-title match in folder-06 ledger (231 rows checked)","new"
"P008","10.1063/1.4932545","halo current diagnostic system of experimental advanced superconducting tokamak","no","no normalized-DOI or normalized-title match in folder-06 ledger (231 rows checked)","new"
"P009","10.1016/j.fusengdes.2025.115070","advanced magnetic diagnostic coils based on tpc technology for compass u and eu demo","no","no normalized-DOI or normalized-title match in folder-06 ledger (231 rows checked)","new"
"P010","10.1016/j.fusengdes.2025.115486","preliminary validation of iter magnetic diagnostic algorithms by using jt 60sa magnetic measurements","no","no normalized-DOI or normalized-title match in folder-06 ledger (231 rows checked)","new"
"P011","10.1088/1361-6587/ae7719","bayesian experimental design of magnetic diagnostics on the west tokamak","no","no normalized-DOI or normalized-title match in folder-06 ledger (231 rows checked)","new"
"P012","10.1016/j.fusengdes.2005.06.124","correction possibilities of magnetic field errors in wendelstein 7 x","no","no normalized-DOI or normalized-title match in folder-06 ledger (231 rows checked)","new"
"P013","10.1088/1361-6587/aae96b","error fields in the wendelstein 7 x stellarator","no","no normalized-DOI or normalized-title match in folder-06 ledger (231 rows checked)","new"
"P014","10.1016/j.fusengdes.2017.03.104","the wendelstein 7 x trim coil system commissioning and first operational results","no","no normalized-DOI or normalized-title match in folder-06 ledger (231 rows checked)","new"
"P015","10.1109/tasc.2016.2527245","wendelstein 7 x commissioning of the superconducting magnet system","no","no normalized-DOI or normalized-title match in folder-06 ledger (231 rows checked)","new"
"P016","10.1016/0920-3796(93)90027-f","requirements for accuracy of superconducting coils in the large helical device","no","no normalized-DOI or normalized-title match in folder-06 ledger (231 rows checked)","new"
"P017","10.1063/5.0102037","measurements of magnetic field fluctuations in tj ii plasmas with new in vessel helical arrays of magnetic coils","no","no normalized-DOI or normalized-title match in folder-06 ledger (231 rows checked)","new"
"P018","10.1063/1.5100744","mapping of the hidra stellarator magnetic flux surfaces","no","no normalized-DOI or normalized-title match in folder-06 ledger (231 rows checked)","new"
"P019","10.1109/lawpp.2017.8692203","vacuum magnetic flux surface measurements on the scr 1 stellarator","no","no normalized-DOI or normalized-title match in folder-06 ledger (231 rows checked)","new"
"P020","10.1109/tps.2008.920215","magnetic surface visualizations in the columbia non neutral torus","no","no normalized-DOI or normalized-title match in folder-06 ledger (231 rows checked)","new"
"P021","10.1063/5.0123448","radiation optical power flow and electrical diagnostics at the z facility layout and techniques utilized to operate in the harsh environment","no","no normalized-DOI or normalized-title match in folder-06 ledger (231 rows checked)","new"
"P022","10.1103/physrevstab.11.100401","differential output b dot and d dot monitors for current and voltage measurements on a 20 ma 3 mv pulsed power accelerator","no","no normalized-DOI or normalized-title match in folder-06 ledger (231 rows checked)","new"
"P023","10.1063/1.5028142","megagauss level magnetic field production in cm scale auto magnetizing helical liners pulsed to 500 ka in 125 ns","no","no normalized-DOI or normalized-title match in folder-06 ledger (231 rows checked)","new"
"P024","10.1063/1.5089468","implosion of auto magnetizing helical liners on the z facility","no","no normalized-DOI or normalized-title match in folder-06 ledger (231 rows checked)","new"
"P025","10.1063/5.0076741","bdot probe and rogowski coil cross calibration and sensor fusion in pulsed direct current capacitor discharges","no","no normalized-DOI or normalized-title match in folder-06 ledger (231 rows checked)","new"
"P026","10.1063/5.0218390","neutron producing gas puff z pinch experiments on a fast low impedance 0 5 ma linear transformer driver","no","no normalized-DOI or normalized-title match in folder-06 ledger (231 rows checked)","new"
"P027","10.1063/5.0084550","investigating radiatively driven magnetized plasmas with a university scale pulsed power generator","no","no normalized-DOI or normalized-title match in folder-06 ledger (231 rows checked)","new"
"P028","10.3390/electronics8111310","hall effect current sensors susceptibility to emi experimental study","no","no normalized-DOI or normalized-title match in folder-06 ledger (231 rows checked)","new"
"P029","10.1063/5.0220464","current loss experiments of a conical mitl and phc system on a megaampere class ltd module","no","no normalized-DOI or normalized-title match in folder-06 ledger (231 rows checked)","new"
"P030","10.1063/1.4921217","diagnosing magnetized liner inertial fusion experiments on z","no","no normalized-DOI or normalized-title match in folder-06 ledger (231 rows checked)","new"
"P031","10.1063/1.5024374","design and testing of a magnetically driven implosion peak current diagnostic","no","no normalized-DOI or normalized-title match in folder-06 ledger (231 rows checked)","new"
"P032","10.1063/1.3509400","note zeeman splitting measurements in a high temperature plasma","no","no normalized-DOI or normalized-title match in folder-06 ledger (231 rows checked)","new"
"P033","10.1088/1742-6596/1115/2/022012","using of b dot probe for z pinch plasma diagnostics","no","no normalized-DOI or normalized-title match in folder-06 ledger (231 rows checked)","new"
"P034","10.1017/s0022377814001184","laboratory plasma physics experiments using merging supersonic plasma jets","no","no normalized-DOI or normalized-title match in folder-06 ledger (231 rows checked)","new"
"P035","10.1063/5.0004228","z pinch fusion","no","no normalized-DOI or normalized-title match in folder-06 ledger (231 rows checked)","new"
"P036","10.1063/1.4773320","experimental characterization of railgun driven supersonic plasma jets motivated by high energy density physics applications","no","no normalized-DOI or normalized-title match in folder-06 ledger (231 rows checked)","new"
"P037","10.1080/15361055.2025.2532331","century zap energy s 100 kw scale repetitive sheared flow stabilized z pinch system with liquid metal cooling","no","no normalized-DOI or normalized-title match in folder-06 ledger (231 rows checked)","new"
"P038","10.1088/1361-6668/ab5e12","composite stacks for reliable 17 t trapped fields in bulk superconductor magnets","no","no normalized-DOI or normalized-title match in folder-06 ledger (231 rows checked)","new"
"P039","10.1088/1361-6668/ab66e7","flux jumps in ring shaped and assembled bulk superconductors during pulsed field magnetization","no","no normalized-DOI or normalized-title match in folder-06 ledger (231 rows checked)","new"
"P040","10.1088/1361-6668/aad34c","a trapped field of 17 7 t in a stack of high temperature superconducting tape","no","no normalized-DOI or normalized-title match in folder-06 ledger (231 rows checked)","new"
"P041","10.1088/0953-2048/27/8/082001","a trapped field of 17 6 t in melt processed bulk gd ba cu o reinforced with shrink fit steel","no","no normalized-DOI or normalized-title match in folder-06 ledger (231 rows checked)","new"
"P042","10.1088/1361-6668/ac2120","development of a persistent mode nmr magnet with superconducting joints between high temperature superconductors","no","no normalized-DOI or normalized-title match in folder-06 ledger (231 rows checked)","new"
"P043","10.1088/1361-6668/ac74e7","portable desktop high field magnet systems using bulk single grain re ba cu o high temperature superconductors","no","no normalized-DOI or normalized-title match in folder-06 ledger (231 rows checked)","new"
"P044","10.1088/1361-6668/acfcdf","magnetisation and demagnetisation of trapped field stacks in a superconducting machine for electric aircraft","no","no normalized-DOI or normalized-title match in folder-06 ledger (231 rows checked)","new"
"P045","10.1088/1361-6668/abda5b","stability model of bulk hts field pole of a synchronous rotating machine under load conditions","no","no normalized-DOI or normalized-title match in folder-06 ledger (231 rows checked)","new"
"P046","10.1109/tasc.2020.2976603","testing of surface mounted superconducting stacks as trapped flux magnets in a synchronous machine","no","no normalized-DOI or normalized-title match in folder-06 ledger (231 rows checked)","new"
"P047","10.1109/77.919740","high field scanning hall probe imaging of high temperature superconductors","no","no normalized-DOI or normalized-title match in folder-06 ledger (231 rows checked)","new"
"P048","10.1088/0953-2048/22/2/025011","assessing the spatial and field dependence of the critical current density in ybco bulk superconductors by scanning hall probes","no","no normalized-DOI or normalized-title match in folder-06 ledger (231 rows checked)","new"
"P049","10.1016/s0921-4526(00)00748-1","high precision pick up coils for pulsed field magnetization measurements","no","no normalized-DOI or normalized-title match in folder-06 ledger (231 rows checked)","new"
"P050","10.1016/j.tsf.2006.07.023","hall sensors made of n insb gaas epitaxial layers for low temperature applications","no","no normalized-DOI or normalized-title match in folder-06 ledger (231 rows checked)","new"
"P051","10.1016/j.sna.2006.03.037","temperature coefficients of hall sensors made of insb gaas epitaxial layers","no","no normalized-DOI or normalized-title match in folder-06 ledger (231 rows checked)","new"
"P052","10.1038/s41598-018-37371-3","a rotating coil magnetometer for scanning transversal field harmonics in accelerator magnets","no","no normalized-DOI or normalized-title match in folder-06 ledger (231 rows checked)","new"
"P053","10.3390/s22218359","rotating coil measurement system for small bore diameter magnet characterization","no","no normalized-DOI or normalized-title match in folder-06 ledger (231 rows checked)","new"
"P054","10.1109/tmag.2020.3005722","a rotating coil scanner for the precise magnetic characterization of superconducting accelerator magnets at ambient temperature","no","no normalized-DOI or normalized-title match in folder-06 ledger (231 rows checked)","new"
"P055","10.3390/electronics10172140","development of a real time magnetic field measurement system for synchrotron control","no","no normalized-DOI or normalized-title match in folder-06 ledger (231 rows checked)","new"
"P056","10.3390/metrology5020022","portable magnetic field mapping measurement system based on large scale dipole magnets in hiaf","no","no normalized-DOI or normalized-title match in folder-06 ledger (231 rows checked)","new"
"P057","10.1063/1.3675578","in situ calibration of rotating sensor coils for magnet testing","no","no normalized-DOI or normalized-title match in folder-06 ledger (231 rows checked)","new"
"P058","10.1016/0168-9002(96)37493-7","a high precision magnetometer based on pulsed nmr","no","no normalized-DOI or normalized-title match in folder-06 ledger (231 rows checked)","new"
"P059","10.1016/j.measurement.2019.107228","using proton nuclear magnetic resonance nmr as a calibrating reference for magnetic field measurement instruments sensitive volume and magnetic field homogeneity","no","no normalized-DOI or normalized-title match in folder-06 ledger (231 rows checked)","new"
"P060","10.1029/2023ja031369","on the impact of thermal gradients across fluxgate sensors on in situ magnetic field measurements","no","no normalized-DOI or normalized-title match in folder-06 ledger (231 rows checked)","new"
"P061","10.3390/s21041500","recent progress of fluxgate magnetic sensors basic research and application","no","no normalized-DOI or normalized-title match in folder-06 ledger (231 rows checked)","new"
"P062","10.3390/s120404447","gamma irradiation of magnetoresistive sensors for planetary exploration","no","no normalized-DOI or normalized-title match in folder-06 ledger (231 rows checked)","new"
"P063","10.1007/s11433-025-2784-y","radiation tolerance of tunneling magnetoresistance sensors under bias voltage","no","no normalized-DOI or normalized-title match in folder-06 ledger (231 rows checked)","new"
"P064","10.1016/j.sna.2024.116174","a comprehensive review of tmr current sensors for smart grids materials optimization methods and applications","no","no normalized-DOI or normalized-title match in folder-06 ledger (231 rows checked)","new"
"P065","10.3390/s24134384","planar hall effect magnetic sensors with extended field range","no","no normalized-DOI or normalized-title match in folder-06 ledger (231 rows checked)","new"
"P066","10.1016/j.fusengdes.2018.11.011","effect of faraday mirror imperfections in a fiber optic current sensor dedicated to iter","no","no normalized-DOI or normalized-title match in folder-06 ledger (231 rows checked)","new"
"P067","10.1134/s1063778825130101","fiber optic current sensor concept for the t 15md tokamak","no","no normalized-DOI or normalized-title match in folder-06 ledger (231 rows checked)","new"
"P068","10.1063/5.0258240","precision magnetometry at cryogenic temperatures with gaseous 3he nmr probes","no","no normalized-DOI or normalized-title match in folder-06 ledger (231 rows checked)","new"
"P069","10.1063/1.2354545","superconducting quantum interference device instruments and applications","no","no normalized-DOI or normalized-title match in folder-06 ledger (231 rows checked)","new"
"P070","10.1029/rg014i004p00591","magnetometers using rf driven squids and their applications in rock magnetism and paleomagnetism","no","no normalized-DOI or normalized-title match in folder-06 ledger (231 rows checked)","new"
"P071","10.1088/0034-4885/77/5/056503","magnetometry with nitrogen vacancy defects in diamond","no","no normalized-DOI or normalized-title match in folder-06 ledger (231 rows checked)","new"
"P072","10.1016/j.physrep.2013.02.001","the nitrogen vacancy colour centre in diamond","no","no normalized-DOI or normalized-title match in folder-06 ledger (231 rows checked)","new"
"P073","10.1109/jsen.2010.2043429","advances in magnetic field sensors","no","no normalized-DOI or normalized-title match in folder-06 ledger (231 rows checked)","new"
"P074","10.1088/1741-4326/ac2dbe","an overview of magneto inertial fusion on the z machine at sandia national laboratories","no","no normalized-DOI or normalized-title match in folder-06 ledger (231 rows checked)","new"
"P075","10.1088/0954-3899/43/12/125004","precision magnetic field mapping for cern experiment na62","no","no normalized-DOI or normalized-title match in folder-06 ledger (231 rows checked)","new"
"P076","10.1088/1361-6668/ace2ef","optimisation of stacked bulk high temperature superconductors for trapped field magnet applications","no","no normalized-DOI or normalized-title match in folder-06 ledger (231 rows checked)","new"
"H067","10.1016/j.fusengdes.2021.112398","calibration of the iter outer vessel steady state magnetic sensors","S0148","same normalized DOI as folder-06 row S0148","reused"
"H068","10.1016/j.fusengdes.2017.03.043","final design of the iter outer vessel steady state magnetic sensors","S0149","same normalized DOI as folder-06 row S0149","reused"
"P077","10.1016/j.fusengdes.2010.07.021","tokamak field error measurements with an electron beam in kstar","no","no normalized-DOI or normalized-title match in folder-06 ledger (231 rows checked)","new"
