idea_id,role,application,phd_leverage,missing_capabilities,buyer,proof_experiment,safety_certification,capital,moat,confidence,falsifier,disposition
P3R2-C-01,"full end product (safety-certified 800VDC rack power-path protection shelf: solid-state breaker + precharge/inrush + insulation monitoring + hot-swap sequencing; consolidates P3R2-E-01 per A30 SEM-01)","800VDC AI-datacenter rack power distribution; NVIDIA's own technical blog (opened live, S-B25-03) states full-scale 800VDC production coincides with Kyber rack systems in 2027 and names overcurrent protection ('fuse-and-disconnect combinations or emerging solid-state devices or safety breakers') as a boundary function where 'innovations will still be required', with Eaton/Schneider/Vertiv already named ecosystem partners; cross-corpus refinement: the STARTUP corpus's independent 800VDC analysis (record-vintage 2026-07-04, S-B25-12) reports ABB SACE Infinitus and Siemens SENTRON 3QD2 SSCBs already shipping and accordingly killed its own breaker idea, pivoting to the protection-intelligence layer (see ST01-C06P) — record-vintage, not re-verified live, but it presses directly on this venture's window","speculative transfer, sliver only (B20 class WEAK): condition-monitoring telemetry (leakage trend, precharge drift) and series-arc discrimination are weak-signal-detection-under-EMI problems (EV27 class; demonstrated bench readout C03/C13); the estimator methodology behind any smart-trip/discrimination claim is proposed-only (C23/C31, pre-redteam C40); B10's demonstrated ledger contains NO power-conversion or protection hardware — B20's founder-fit correction of new06 D02 §14 carried verbatim","microsecond SiC fault-interruption design; fault-energy absorption and let-through coordination; kA busbar/thermal design; arc-discrimination validated at power scale; IEC 62477-1-class safety-certification campaign execution; DFMEA, manufacturing, reliability, field-service engineering; hyperscaler/OCP spec design-in — none of these appear anywhere in B10's demonstrated or proposed ledger","hyperscaler data-center operators and OCP-ecosystem rack/power integrators (venture record); NVIDIA's named power ecosystem (S-B25-03) shows incumbents (Eaton, Schneider Electric, Vertiv) already inside the spec process","founder-relevant sliver proof = PB-1 (calibrated DC-capable current telemetry holding a stated uncertainty budget under WBG switching EMI) plus PB-3 (pre-registered series-arc/ground-fault discrimination statistics at low-voltage bench scale); the venture-level proof (800VDC interruption + certification pass) requires a hired power-electronics/certification team and is not a founder experiment","IEC 62477-1:2022 — safety requirements for power electronic converter systems, rated voltages <=1000VAC/1500VDC, so 800VDC is in scope (scope page opened live, S-B25-01) — plus UL/regional equivalents, abnormal-condition and arc testing; certification campaign 2027-2029 per corpus-dated venture record","high — power lab, certification campaign, rack-scale productization (corpus-dated venture record; no independent re-estimate)","certification lead plus design-in lock with hyperscaler specs; the telemetry/data layer is secondary and contestable by whoever owns the breaker","medium-high (that founder-fit is weak and the missing-capability list is real)","a paid design-in that specifically prices the telemetry/condition-monitoring layer rather than the breaker would upgrade the sliver to adjacent leverage (B20's falsifier); certified merchant 800VDC SSCB shelves already shipping at volume would collapse the venture's own window — the ST01-C06P record claims exactly this (record-vintage; live verification would settle it)","not a founder-led wedge; retain as the application context in which a measurement/qualification/telemetry offering (preferred wedge W1, POWER.md §9) could serve whoever builds the breaker; the surviving PhD-adjacent layer is what ST01-C06P independently scopes as a standalone module"
P3R2-C-13,"subsystem (merchant OEM module: nanosecond-class programmable GaN pump-driver / precision laser-power current drive)","pump-driver and precision current-drive modules for industrial/ultrafast and directed-energy-adjacent laser OEMs; paid evaluations 2028, design-in 2028-2029 (corpus-dated venture record)","speculative transfer (B20 class WEAK): the GaN overlap is vocabulary not mechanism — the PhD uses AlGaN/GaN as a Hall-sensing 2DEG, the product uses GaN HEMTs as power switches, different device physics and failure modes (EV31); B15 adjudicates topology/control as the differentiator with measurement as supporting infrastructure (EV30); single adjacent sliver: calibrated pulse-current sensing and diode-health telemetry under switching EMI (EV27/P0050 class; C03 bench discipline)","GaN gate-drive design (a genuine open engineering burden per EV08 — review-level evidence whose headline figures remain untraced, PB-6/BT-8 hygiene applies); nanosecond pulse-shaping power stages and low-inductance layout; magnetics; EMI/EMC compliance; laser-diode application engineering; OEM qualification and reliability; export-compliance handling for defense-adjacent variants (corpus-recorded)","laser OEMs; the venture's own record states the unproven core is the OEM merchant socket, gated by an unpassed $72k make-vs-buy study (old06 DD_P3R2_C_13 via B20)","venture gate = the record's own $72k make-vs-buy socket study (unpassed); founder-relevant sliver proof = PB-1 (calibrated wideband pulse-current measurement with uncertainty budget against P0048/P0056-class reference sensors) plus PB-4 (transducer-aliasing characterization under switching edges)","module-level EMC and OEM qualification dominate; laser-safety certification sits at the OEM system level; possible export-control regime for defense-adjacent business (corpus-recorded); lighter formal safety-cert burden than C-01 but still not PhD-evidenced","moderate — module-scale bench plus the record's $72k first gate (corpus-dated)","edge speed and BOM cost per the venture record — power-electronics engineering moats; the PhD-adjacent telemetry/qualification-data layer is a sliver, not the socket","medium-high (that the transfer is weak)","a paid OEM evaluation that specifically prices the calibrated-telemetry layer rather than edge speed or BOM cost would upgrade the sliver to adjacent leverage (B20's falsifier)","deprioritize as a founder-led module business; if the family is ever pursued, the calibrated-telemetry/qualification-data lane is the only PhD-adjacent element and it is not the product's socket"
P3R2-F-06,"measurement-qualification tool (precision wideband DC current/voltage sensing platform — optical FOCS + zero-flux hybrid — sold as instrument plus open qualification protocol for DC assets)","HVDC converter stations, electrolyzer plants, magnet systems; demand refreshed live this run: Pattern Energy's Southern Spirit page still targets construction start 2029 / in-service 2032 (S-B25-17, page content appears not updated since ~2023 — disclosed) and NERC PRC-028-1 is in effect since 2025-04-01 with 50% compliance by 2028-04-01 and 100% by 2030-01-01 (S-B25-16, secondary source; official NERC PDF returned HTTP 403); the old06 record's full read (S-B25-10) confirms US demand is real but pre-order (no named OEM/EPC evaluation; the 2029 binding gate is the venture's own test) and CN is license-royalty-only (State Grid domestic-only procurement, record-fetched tender); merchant-magnet buyer class verified current at B20 (S-B20-02)","adjacent leverage (B20 class MEDIUM-boundary): the only frontier-universe idea whose entire product IS precision current metrology; the proposed WP-C traceable-calibration/uncertainty methodology (C06 — proposed only, gated by the unresolved ~109x anomaly C04) maps onto the venture's core differentiator, and demonstrated bench weak-signal discipline (C03) maps onto supporting elements; BUT the chosen modalities — FOCS and zero-flux DCCT — are not Hall and are not PhD-evidenced hardware (EV20/EV28)","FOCS (Faraday-effect) fiber-optic sensor physics; zero-flux DCCT electronics at incumbent grade — merchant zero-flux units ship at 1 ppm-linearity class (Danisense DQ500ID, S-B25-02) and LEM markets ppm-class HVDC-targeted fluxgate lines to 24 kA (old06 record's own vendor fetch, S-B25-10); HV insulation coordination; utility/station qualification and field service; instrument manufacturing at reliability grade","HVDC protection-OEMs/EPCs (the record's binding gate is an evaluation agreement, not yet cleared), electrolyzer plant EPCs, magnet laboratories (S-B20-02)","PB-1 (Hall vs TMR vs zero-flux-reference benchmark under WBG switching EMI — simultaneously this idea's modality-choice test and B20's named falsifier) plus PB-2 (uncertainty-budgeted acceptance-dossier exercise on purchased transducers — the wedge's own product motion) plus PB-5 (trusted current/field excursion chain, the BT-3/FT-05 linkage the PhD's coil-referenced tests require)","instrument-class electrical safety plus utility acceptance/qualification protocols; station deployment inherits site safety regimes; certification burden far below converter end products, but the qualification-authority burden is high because the qualification IS the product","moderate-high — instrument platform plus multi-year utility qualification cycles; both baselines rated the venture weak commercially (old rank 23, NEW cut) — carried honestly","traceable-uncertainty authority plus an open qualification protocol (the record's own wedge framing) — NOT sensor novelty, where incumbents are strong (S-B25-10/S-B25-02)","medium","if the venture's value concentrates in optical-fiber sensor physics rather than calibration/qualification authority, the PhD bridge downgrades to speculative (B20); a PB-1-class benchmark decisively unfavorable to magnetics-adjacent methods cuts the bridge; incumbents publishing open uncertainty-budgeted qualification protocols would erase the wedge","carry as the discipline-nearest embodiment of preferred wedge W1 (POWER.md §9) — the full-set retest CONFIRMS the wedge class (measurement/qualification authority) while keeping this specific venture's weak commercial evidence and pre-order demand on the record; the wedge survives even if this venture's HVDC form does not"
P3R2-E-10,"reference design (standardized rad-tolerant GaN PPU platform for smallsat electric propulsion — a qualified reference architecture replicated across EP integrators; BLIND-only pool record, canonical A-13 killed by both baselines per A30 SEM-03)","smallsat electric-propulsion power processing units (corpus-dated market window; pool-record evidence depth only, disclosed)","speculative transfer (B20 class WEAK) — the designated GaN+radiation vocabulary trap: the PPU's radiation problem is SET/SEB mitigation in power switching topologies (device-level power reliability engineering, EV31), while the PhD's radiation question is Hall-plate sensitivity drift, for which zero GaN/AlGaN data exists (C29/EV09/M1) and wrong-species extrapolation fails ~14x (C29); the one genuine channel is REVERSE and unplanned — a qualification campaign's irradiation access could host AlGaN/GaN Hall-plate coupons (PB-7/BT-5/FT-11 class, collaborator-led per C09)","space power-electronics design (PPU topologies, HV isolation in vacuum); single-event-effect mitigation and rad-hard qualification flows (ECSS/AIAA class per its own record); derating/reliability and flight-heritage building; thermal-vacuum design — none PhD-evidenced","smallsat EP thruster makers and satellite integrators (pool-record depth only, disclosed)","venture-level proof (qualification campaign + EP integration) is not founder-executable; founder-relevant proof = PB-7 piggyback: add AlGaN/GaN Hall-plate coupons plus a material-diverse witness channel to any scheduled irradiation campaign, closing B15 gap M1 as a side effect — explicitly never on the PhD critical path (C09)","space qualification (ECSS/AIAA class per the pool record) plus launch-provider/range requirements; not a consumer/industrial safety-cert regime; entirely outside PhD evidence","high — space qualification campaigns (pool-record depth; no independent estimate)","qualification data plus flight heritage; venture evidence weak (canonical A-13 independently killed by both baselines)","high (that the transfer is weak)","a scheduled irradiation campaign that includes AlGaN/GaN Hall-plate coupons would convert the reverse channel from speculative to adjacent and close M1 (B20/BT-5)","retire as a venture candidate; PRESERVE the irradiation-piggyback channel (PB-7, BRIDGE_TESTS.md) per B20's explicit handoff note; P3R2-D-16 shares the identical reverse channel"
P3R2-A-02,"full end product (modular MVDC 1-35 kV hybrid solid-state circuit breaker)","MV DC distribution buildout (grid/campus/industrial DC); killed/cut idea: OLD P4 survivor 55.2 then P5 KILL (82%), NEW survivor 64.8 but selection near-miss, BLIND rank 19 (B20 row, records read by B20)","speculative transfer (B20 class WEAK): same discipline family as C-01's core at higher voltage, minus even the telemetry sliver's proximity (grid/campus scale, not rack scale); EV30/EV31 loose analogy; no PhD asset maps onto MV interruption","MV solid-state/hybrid interruption design; MV insulation coordination; switchgear certification campaigns; grid/utility qualification; manufacturing at switchgear reliability grade — none in B10's ledger","utility, campus-microgrid, and industrial-DC integrators (record level)","venture-level only (MV interruption demo + certification); no founder-shaped sliver identified beyond the generic PB-1 telemetry class; the record's own red team found DG Matrix/Amperesand already shipping SST-class hardware","MV switchgear safety-certification regime and utility acceptance (record level; specific standards not named in records read — not invented here); IEC 62477-1's <=1.5 kVDC scope does NOT cover this class (S-B25-01)","high — new06's own near-miss note flags the $1.5M first experiment as a capital misfit","incumbent hybrid-breaker programs and shipping SST-class hardware per the record's red team; no PhD-adjacent moat","high (that the transfer is weak)","same falsifier as C-01 one tier weaker: a paid engagement pricing calibrated telemetry/condition monitoring rather than interruption would create a thin sliver","retire from founder consideration; keep only as family context for the DC-protection lane (C-01/F-12/C-15/ST01-C06P) in POWER.md §8"
P3R2-C-07,"full end product (retrofit low-ripple active-front-end rectification for electrochemical plants — hydrogen electrolyzers / copper electrowinning)","kA-class plant rectification retrofits with energy-savings M&V; killed idea (OLD P4 G7 kill 60.0; NEW gates-clean 61.6 but below survivor cut; BLIND 10); A30 DIS-C07 verified the kill facts on opened primaries: US 45V construction-start deadline pulled to before 2028-01-01 (PL 119-21) and Ingeteam INGECON H2 shipping since 2023 at <3% harmonic distortion","speculative transfer (B20 class WEAK): kA-class AFE/IGBT rectifier engineering and performance-contract M&V share no instrument, method, dataset, or buyer with Hall metrology (EV30/EV31); plant energy metering is commodity metrology, not the WP-C traceable-field niche; ripple metering inside such plants is the one measurement-flavored surface — served by DCCT/shunt incumbency (EV28)","kA rectifier design (AFE/IGBT topologies); plant electrical integration at MW scale; harmonics/power-quality compliance engineering; performance-contract M&V structuring; electrochemical process knowledge — none PhD-evidenced","electrolyzer and electrowinning plant owners/EPCs (record); window structurally impaired per A30-verified primaries","venture-level retrofit pilot only; no founder-shaped proof identified; PB-2-class uncertainty-budgeted M&V would be the only conceivable sliver and no record shows a buyer for it","plant electrical safety and utility interconnection; harmonic/power-quality compliance (incumbent benchmark <3% THD, A30-verified); no PhD-relevant certification surface","moderate-high — plant retrofit projects (record level)","none durable: category already merchant-served (Ingeteam, A30-verified)","high","a named US electrowinning tender explicitly demanding third-party measurement-grade M&V from a metrology-credentialed vendor would create a thin adjacent link (none found in any record read by B20)","retire; both baselines reject it and A30 verified the kill facts — retained here as the killed-idea exemplar of the rectifier/electrolyzer family (with C-22/F-23)"
P3R2-C-09,"platform + reference design (standardized solid-state pulsed-power platform: stackable Marx/modulator modules, digital droop control, open interface standard for e-beam/X-ray/accelerator RF)","modular pulsed power for cargo NII, isotope production, accelerator RF; split decision (OLD P4 kill 64.4 + P5 revival re-kill 52.2; NEW FINAL/DEEP D09 selected rank 12; BLIND 4); A30 DIS-C09 verified the split on opened primaries — BLIND's EtO-regulatory leg reversed (EPA proposal), cargo NII + isotope legs verified","speculative transfer (B20 class WEAK): stacked solid-state switching at tens-to-hundreds of kV with droop/jitter control is power-conversion platform engineering (EV30/EV31); B10's ledger contains no high-voltage or pulsed-power hardware; slivers: module acceptance testing against IEC 60060-1-class HV test technique (B20-recorded) and fleet telemetry — measurement-flavored but non-core","high-voltage pulsed-power engineering (Marx/modulator design, HV insulation, jitter/droop control); HV test-lab practice; open-standard governance; OEM platform economics; manufacturing — none PhD-evidenced","accelerator/e-beam/X-ray OEMs and facilities (record); venture gate is OEM design-in by 2033 (its own kill)","venture-level (module + interface standard demo); founder-shaped sliver = PB-2-class acceptance metrology (droop/jitter qualification as a purchased deliverable) — B20's stated thin-link condition","HV pulsed-power safety regimes and facility acceptance; IEC 60060-1-class HV test technique for module acceptance (B20-recorded); radiation-generating-device rules sit at the system/facility level","high — platform build 2027-2030 (record level)","interface standard + modularity per the record; contested by incumbent pulsed-power houses; no PhD-adjacent moat","medium-high (that the transfer is weak)","a paid acceptance-metrology engagement (droop/jitter qualification as the purchased deliverable) would create a thin adjacent link (B20)","treat as PhD-independent; its reference-design/open-standard posture is the corpus's clearest non-space example of that role — retained for the role comparison in POWER.md §7"
P3R2-C-14,"full end product (modular MW-class industrial plasma power supplies — torch-agnostic 250 kW blocks with millisecond restrike control; BLIND-only)","industrial plasma torch power (waste destruction, materials processing); BLIND rank 13, elegance REJECT with duplicate_of null, never on the frozen longlist (A30 NON-MATCH-C14 keeps it distinct from A-22); pool-record depth only, disclosed","speculative transfer (B20 class WEAK): MW arc/RF supply engineering with millisecond restrike control is power conversion (EV30/EV31); 'plasma' is the host application, not a shared method; no calibration asset, dataset, or buyer overlaps the PhD; the STARTUP corpus independently reached the same verdict on its own plasma-torch PSU candidate (V01: NO-GO standalone, no reachable merchant buyer pool, S-B25-12) — cross-corpus convergence","MW power-supply design; arc physics and restrike control; industrial EMC and plant integration; torch-OEM qualification; manufacturing/service at industrial scale — none PhD-evidenced","torch OEMs and industrial waste/materials processors (pool-record level)","venture-level only; no founder-shaped sliver; pool-record depth insufficient for a proof design beyond the generic PB-1 telemetry class","industrial power-equipment safety/EMC regimes; DoD/environmental procurement compliance where remediation-facing (record level)","high — MW-class product line (pool-record depth; no estimate adopted)","none identified in the pool record; the startup corpus's V01 analysis found every channel occupied/integrated/bundled (record-vintage)","high (that the transfer is weak)","none realistic identified (B20); a torch-OEM engagement buying calibrated pulse/arc measurement would be the only conceivable sliver","retire; double-killed across independent corpora (BLIND elegance REJECT; startup V01 NO-GO) — kept as the sweep's completeness row for the plasma-PSU family"
P3R2-C-15,"full end product (megawatt charge/swap DC power infrastructure for mines and ports; BLIND-only; documented duplicate of longlist canonical A-21, itself killed by both baselines per A30 SEM-04)","heavy-fleet electrification charging infrastructure (corpus-dated port/mine electrification grants)","speculative transfer (B20 class WEAK): MW charging cabinets, station DC backbones, and protocol integration are power infrastructure (EV30/EV31); shares nothing with Hall metrology beyond the word DC; pulsed-load grid buffering is power-systems engineering","MW charging-converter design; charging-protocol/interoperability engineering; site electrical works; infrastructure project development and financing; fleet-OEM partnerships — none PhD-evidenced","mine/port operators and fleet OEMs (pool-record level)","venture-level only; no founder-shaped sliver identified","charging-infrastructure certification and grid-interconnection regimes (record level; standards not named in records read — not invented here)","high — infrastructure-scale deployment","none identified; canonical A-21 killed by both baselines (A30 SEM-04)","high (that the transfer is weak)","none realistic identified (B20)","retire; kept as the sweep's completeness row for DC-infrastructure-scale power (family context with A-02/F-12)"
P3R2-C-22,"measurement-qualification platform (electrolyzer stack degradation-emulation and bankability test systems — programmable ripple/intermittency benches)","electrolyzer bankability testing for hydrogen project finance; OLD rank 2 / NEW 13 / BLIND 15 (winner-class venture evidence); bench sales cycle 2027-2029; hydrogen-market facts corpus-dated","speculative transfer (B20 class WEAK, held against the wedge-retest): the differentiator per its own record is stress synthesis (arbitrary-ripple power electronics, EV30 boundary) PLUS electrochemical degradation attribution — a domain discipline with no PhD evidence; the bankability/method-authority THEME parallels C-05 and the W1 wedge, but the load-bearing skill is electrochemistry, not traceable-uncertainty metrology, so the WP-C methodology bridge is weaker than C-05's (B20's explicit adjudication, adopted after retest)","arbitrary-waveform kW-to-MW stress-synthesis power electronics; impedance-spectroscopy/voltage-decay electrochemistry and degradation attribution; bankability/insurance protocol standing; bench productization — none PhD-evidenced","electrolyzer OEMs, project developers, lenders/insurers (record); gates: hydrogen FIDs surviving and Greenlight not adding stress synthesis (its own key_kill)","venture gate = its own round-robin/attribution campaigns; founder-shaped sliver = PB-2-class: if paid engagements price the uncertainty-budgeted measurement/acceptance layer (not stress synthesis), the forward mechanism upgrades toward adjacent — B20's stated condition, kept as the falsifier","bench electrical safety at stack power plus hydrogen handling in test context; acceptance-protocol authority is the commercial 'certification' surface (record level)","moderate-high — bench product line plus campaigns (record level)","stress-synthesis + attribution method authority per its record; measurement infrastructure inside the bench is supporting (EV30)","medium","if paid engagements price the uncertainty-budgeted acceptance layer, forward upgrades toward adjacent; hydrogen FID collapse kills the venture independent of alignment (B20)","PhD-independent despite OLD's rank 2 (venture quality and founder-mechanism fit are different axes); in the W1 wedge retest it LOSES to F-06/G-03/C-05-class plays because its scarce skill is electrochemical, not metrological — recorded in POWER.md §9"
P3R2-C-05,"measurement-qualification platform (standards-grade thermal emulation and conformance metrology for liquid cooling: programmable TTVs, rack load emulators, traceable calorimetry, round-robin protocol) — power-adjacent boundary case, included because its bench IS kW-class programmable electrical load plus traceable electrical-energy-balance metrology (inclusion boundary, POWER.md §1)","datacenter liquid-cooling conformance; BLIND 2 / NEW 3 / OLD killed-then-A30-verified-revival (DIS-C05 on opened primaries); eight-vendor Deschutes ecosystem live 2025-2026 (A30-verified); bench/protocol window 2027-2029","adjacent leverage (B20 class MEDIUM): the venture's moat is method authority — traceable calorimetry closing energy balances to reference-grade uncertainty plus round-robin statistics with published uncertainty budgets — structurally the same GUM/traceable-budget discipline the PhD proposes in WP-C (C06, proposed, gated by C04) and that B15 shows is scarce (EV01 single exemplar; EV35/G3); the measurement DOMAIN differs completely (thermal/fluid kW-class vs magnetic mT-T): calorimetry, two-phase fluids, and multi-kW heat handling are nowhere in B10's ledger — the transfer is methodology, not domain (B20 correction 3 carried: bench DAQ demonstrated, multi-kW calorimetric metrology not)","multi-kW calorimetry and thermal/fluids engineering; TTV die/emulator design; two-phase handling; round-robin governance and conformance-body standing; bench productization — none PhD-evidenced","cooling vendors, hyperscalers, conformance bodies in the Deschutes/OCP ecosystem (A30-verified current)","venture gate = the round-robin variance experiment (its own record); founder-shaped proof = PB-2 (uncertainty-budgeted acceptance-dossier exercise — the same methodology exercised on an electrical current chain first, where the PhD's instruments actually are)","laboratory-scale electrical/thermal safety; the commercial certification surface is conformance-protocol authority, not product safety certification (record level)","moderate — bench + protocol build (record level)","method authority with published uncertainty budgets (record); contestable if the differentiator proves to be thermal/fluids domain engineering (B20's falsifier)","medium","if the venture's actual differentiator proves to be TTV die design / two-phase handling rather than uncertainty-budget authority, forward downgrades to speculative; a lab-to-lab round-robin variance too large to discriminate products kills the method-authority premise (B20)","carry as a W1-family qualification play (POWER.md §9): methodology-nearest but domain-farthest of the wedge family; its role in this stage is to prove the wedge CLASS generalizes beyond current metrology — not to be the founder's first wedge"
P3R2-D-01,"subsystem (merchant quench-detection-and-protection subsystem for REBCO/HTS magnets: fiber-optic + RF + voltage fusion, energy extraction/dump)","HTS magnet protection across fusion/magnet programs; BLIND 3 / OLD 3 / NEW 7 (winner-class); 2027 university-lab campaign, 2030 launch, SPARC-results-driven schedule (corpus-dated); merchant magnet-owner buyer class verified current (S-B20-02)","adjacent leverage (B20 class MEDIUM): the venture's value is false-trigger statistics for fused multi-modal detection under EMI — structurally the same weak-signal-under-EMI problem class B15 documents for quench detection (<=9 mV signatures vs >100 mV residual EMI: EV06/EV23/P0033/P0038) and the same fusion-estimator methodology class as proposed Opt2 Elements 2/3 (C08/C10/C23/C31; EV34); BUT no Hall channel appears in the product, no Hall-based HTS-monitoring method exists in the corpus (EV26/M7, open and untested), C27 vetoes the persistent-mode static-field lane, and the fiber/RF/dump-electronics core is outside PhD evidence","fiber-optic (FBG) and RF/microwave detection hardware; dump/energy-extraction power electronics; magnet-protection reliability engineering and false-trip/missed-trip qualification; HTS magnet application knowledge (EV05/EV21 literature exists but is not founder capability) — none PhD-evidenced","fusion companies and magnet labs (S-B20-02 verified class); the record says demand is ecosystem-level pending a 2028 co-test","estimator-honesty methodology applied to quench false-trigger qualification (BT-1/FT-02 class — B20's stated honest bridge); PB-1's EMI discipline transfers; a bench demonstration that a Hall channel adds value in transient/charging HTS monitoring would close M7/EV26 and upgrade the bridge (B20)","magnet-protection reliability qualification (false-trip statistics ARE the safety case); lab electrical safety around stored magnetic energy; no consumer certification regime","moderate — subsystem-scale (record level)","false-trigger statistics + multi-modal fusion authority per the record; ST01-C11 (startup corpus) independently confirms detection as the genuinely unsolved layer and ASIPP's productized-QPS tender as demand evidence (S-B25-12, record-vintage)","medium","NI-winding dominance at pilot scale shrinks both venture and alignment; a Hall-transient-monitoring bench win upgrades it (B20)","carry as the strongest protection-subsystem candidate and the honest home of estimator-methodology transfer (wedge W2 family, POWER.md §9); the bridge is methodology, not Hall hardware — stated exactly that way"
P3R2-D-09,"measurement tool (charge-buildup-immune beam-current and dose metrology for FLASH and industrial electron beams — 'the traceable ammeter the field admits it lacks') — boundary case: measurand is beam current, not converter current; included under the inclusion boundary's precision-current-metrology clause (POWER.md §1)","FLASH radiotherapy and industrial e-beam dosimetry; killed-then-revived (OLD P4 kill 58.2; NEW 17; BLIND 23); FLASH clinical qualification 2028-2032 (corpus-dated); NCI SBIR topic instance expired (record's own caveat)","adjacent leverage (B20 class MEDIUM — elevated by B20 to the significant-coupling set as 'the strongest previously-unanalyzed forward mechanism after D-02'): the buyer's stated requirement is NIST traceability with tolerance budgets — exactly the WP-C/GUM methodology (C06, proposed, gated by C04) that B15 shows is scarce (EV01/EV35/G3/M3); non-intercepting beam-current monitoring is inductive/magnetic-family sensing whose documented FLASH failure mode (charge buildup corrupting BCTs, two independent 2025 papers per the record) needs cross-modality calibration-transfer discipline (EV12 class); harsh-environment survivability parallels C01/C46 though species/regime differ (M1 caveat: no GaN data transfers)","dosimetry/medical physics; accelerator beam physics; Faraday-cup/calorimetric reference engineering; medical-device regulatory pathway; instrument productization — none PhD-evidenced","FLASH clinical programs, e-beam sterilization/industrial operators, NMIs (record); market small and instrument-vendor-shaped (record's own words)","PB-2 (traceable acceptance-dossier exercise) is this idea's methodology rehearsal; PB-5's excursion-chain discipline transfers; venture gate = a funded reference-instrument engagement (record)","medical-device regulatory burden eventually (B20-recorded); metrology-instrument class otherwise; traceability authority is the product","low-moderate — instrument-scale (record level)","NIST-traceable authority in a niche with a documented failure mode and no incumbent reference instrument (record); small market honestly carried","medium","if the winning approach proves calorimetric/Faraday-cup engineering rather than magnetic-family non-intercepting sensing, the sensor-family leg drops and it degrades to the methodology-only C-05 pattern; PTW converting its research detector first kills the position (B20)","carry in the W1 wedge family as the sleeper current-metrology instrument play; small-market honesty must accompany any B40 use (B20's instruction carried)"
P3R2-D-10,"subsystem — power-adjacent boundary case (coherent-beam-combining phase-control engine for directed-energy/ultrafast lasers; electro-optic modulator front-ends and SPGD control, driving high-power laser systems) — included only because the task sweep names it; it is NOT a power converter/supply idea (inclusion boundary, POWER.md §1)","directed-energy and ultrafast laser programs; ADVERSE per B20: A30-verified JLWS awards executed 2026-07-09 with nLIGHT holding CBC as proprietary vertically-integrated technology; Navy JBCS awards from Q4-2026; decision window 2026-2028 collides with the PhD","negative interference both directions (B20 class ADVERSE): no shared hardware, method, dataset, calibration asset, or buyer; 'control/estimation' similarity is thematic and rejected as causation; prime-facing DE work runs under controlled-technical-data/classification regimes that structurally conflict with open-publication gates (G5/C49, C33/C34)","lambda/30 electro-optic phase locking; SPGD control loops; high-power photonics; prime-contractor qualification; classified-program compliance — none PhD-evidenced; B20 correction 5 applied (new06 D04's 'founder's home ground' rejected)","defense primes (A30-verified structure: awardees hold the technology proprietary)","none founder-relevant; pursuing it seriously implies pausing or leaving the PhD (B20's disposition)","classification/controlled-technical-data regimes — the certification surface here is clearance and compliance, not product safety; direct conflict with the PhD's publication gates","program-scale; not founder-relevant","proprietary vertical integration by incumbent awardees (A30-verified)","high (ADVERSE)","a JBCS subsystem carve-out permitting open unclassified merchant participation PLUS a demonstrated PhD-derived electro-optic control asset would falsify ADVERSE; neither exists in any record read (B20)","retire; recorded as the sweep's boundary exemplar of power-adjacent-but-not-power and of adverse alignment — do not co-plan with the PhD"
P3R2-D-16,"full end product (merchant 100 kWe-class space closed-Brayton power conversion unit + high-voltage PMAD for fission surface power)","fission surface power programs (NSTM-3 window 2026-2034, April-2027 downselect, corpus-dated); killed-then-revived (OLD P4 survivor 56.2 + P5 KILL 88%; NEW 24; BLIND not selected)","speculative transfer (B20 class WEAK): closed-Brayton turbomachinery and HV space PMAD have no PhD evidence; the radiation-environment overlap is methodological only (EV15: species-separated methodology transfers, material data do not; M1: no GaN Hall irradiation data to leverage; C29's ~14x cross-species failure); reverse channel identical to E-10's — a qualification program could host GaN Hall coupons (unplanned)","space turbomachinery; HV PMAD design for space (vacuum insulation, thermal); rad-hard qualification flows; program capture (government downselect) — none PhD-evidenced","NASA/DOE program primes (record level); venture held as a cheap option until downselect per its own record","venture-level program capture; founder-relevant channel = PB-7 irradiation piggyback (same as E-10)","space qualification regimes plus government-program compliance; nothing PhD-relevant","high — program-scale (record level)","program incumbency if downselected; none PhD-adjacent","high (that the transfer is weak)","a funded qualification campaign explicitly including magnetic-sensor coupons would create the E-10-class thin reverse channel (B20)","retire as a venture; fold its reverse channel into PB-7 alongside E-10 (one irradiation-piggyback plan, two host-idea candidates)"
P3R2-D-19,"full end product (distributed composite-flywheel kinetic buffers — composite rotor + magnetic-bearing machine + bidirectional converter — for off-grid AI power plants) — boundary case: power-infrastructure product whose decisive risk is rotor/machine engineering, not the converter (inclusion boundary, POWER.md §1)","off-grid AI power plant buffering (corpus-dated procurement); killed-then-revived (OLD P4 survivor 60.4 + P5 HOLD; NEW 20; BLIND not selected); selection-entry record depth only, disclosed","speculative transfer (B20 class WEAK): magnetic-bearing flywheels involve machine-level electromagnetics (levitation control, rotordynamics) — not field metrology (EV30/EV31); bearing-gap sensing inside such machines is commodity position sensing, not the WP-C traceable-calibration niche; B20: no sliver worth naming","composite rotor design/manufacturing and burst containment; magnetic-bearing control; MW bidirectional converter integration; site engineering; project development — none PhD-evidenced","off-grid AI power plant developers (selection-entry level)","venture-level only; no founder-shaped sliver","machine-safety (rotor containment) plus grid/plant interconnection regimes (record level; standards not named in records read)","high — rotor manufacturing plus deployment","none identified at record depth","high (that the transfer is weak)","none realistic identified (B20)","retire; kept as the sweep's completeness row for power-infrastructure storage machines"
P3R2-E-14,"full end product + qualification platform (multi-terminal DC fault-discrimination protection relay + vendor-neutral HIL qualification platform — 'SEL of DC grids')","multi-terminal HVDC protection; BLIND 7 / OLD 7 / NEW 5 (winner-class); qualification phase 2027-2029, relay 2030+; US MTDC actually being built is the venture's own key_kill (point-to-point through 2034, corpus-dated)","speculative transfer (B20 class WEAK): traveling-wave/wavelet grid protection, real-time digital simulation, and utility qualification are kV/kA grid-protection engineering with no shared instrument/dataset/calibration asset/buyer (EV30/EV31); the one honest affinity — deterministic detection statistics under noise — is the proposed estimator-methodology class (C23/C31, pre-redteam C40), thematic until scheduled; DC station sensing (EV28 class) is a non-core sliver","protection-algorithm engineering (traveling-wave/wavelet firmware); real-time HIL simulation infrastructure; utility/lender-grade qualification authority; relay productization and grid certification — none PhD-evidenced","HVDC developers, protection OEMs, lenders (record); corpus-dated project schedule (GBX/Southern Spirit) — Southern Spirit's 2029/2032 targets re-confirmed live on a stale page (S-B25-17, disclosed)","venture gate = a funded HIL-qualification engagement; B20's thin-link condition = an engagement that specifically buys calibrated measurement-uncertainty work rather than protection-algorithm engineering (PB-2-class deliverable)","utility protection qualification and lender-grade acceptance (record); field/station safety regimes; no PhD-relevant surface","moderate (HIL platform) to high (relay product) — record level","HIL benchmark authority + relay design-in per the record; the 'neutral qualification authority' THEME recurs across C-05/G-03/C-22 but theme is not mechanism (B20)","medium-high (that the transfer is weak)","a funded HIL engagement pricing calibrated measurement-uncertainty work would create a thin adjacent link (B20)","PhD-independent as a venture; its HIL/qualification LEG is retained in the W1 wedge-family comparison (POWER.md §9) — the platform role is right, the domain skills are not the founder's"
P3R2-F-01,"subsystem (solid-state microsecond impedance-matching engines — switched SiC/PIN capacitor arrays — for pulsed/tailored-waveform RF plasma tools)","RF match retrofit/design-in for etch tool and generator vendors; OLD 4 / NEW 10 / BLIND 20; design-in window 2028-2029; venture kill = no generator/tool-vendor paid evaluation by end-2029 (its own rule)","speculative transfer (B20 class WEAK): switch-stack design, Smith-chart coverage, arc-safe transitions, insertion-loss/Q engineering are RF power electronics (EV30 boundary exactly; EV31 device layer); one real sliver: the controller estimates load state from calibrated RF measurements — calibrated directional-power sensing under RF EMI is measurement work adjacent to C03 bench discipline, but a supporting subsystem, not the socket","RF power switching (SiC/PIN stacks); RF network engineering; arc-safe transition sequencing; semiconductor-tool OEM co-qualification; EMC at RF — none PhD-evidenced","etch tool/generator vendors (record); same-lane buyer overlap with A-10 is business adjacency, not PhD mechanism (B20)","venture gate = OEM paid evaluation by end-2029; founder-shaped sliver = an OEM evaluation pricing the calibrated sensing/state-estimation layer (B20's condition); PB-1's calibrated-RF-adjacent measurement discipline is the rehearsal","OEM qualification and tool-level EMC; export-compliance restructuring on the CN leg (corpus-recorded); no PhD-relevant certification surface","moderate — module-scale (record level)","switch-stack + transition-sequencing engineering (record); no PhD-adjacent moat","medium-high (that the transfer is weak)","an OEM evaluation pricing the calibrated sensing/state-estimation layer as the differentiator would upgrade the sliver to adjacent leverage (B20)","PhD-independent; the calibrated-RF-sensing sliver is noted for completeness but no record shows a buyer for it separately"
P3R2-F-02,"subsystem + full product (superconducting-magnet electrical balance-of-plant platform: 10 ppm-class drive-and-dump skids, current leads, busbars)","magnet-lab and merchant-magnet electrical BoP; OLD 15 / BLIND 16 / NEW cut; nearer-term lab skids 2027-2029, merchant-magnet procurement mid-2030s (corpus-dated); buyer class verified current (S-B20-02)","speculative transfer with two honest slivers (B20 class WEAK): (a) 10 ppm-class regulation requires precision DC current metrology (DCCT/zero-flux class — not Hall, EV28), method-adjacent to C03 demonstrated bench discipline and C06 proposed methodology; (b) buyer-class overlap with the magnet community (S-B20-02) — buyer adjacency, not mechanism; reverse sliver: a precision-current vendor owns exactly the trusted excursion chains FT-05/BT-3 need (PB-5 linkage), unplanned by anyone","kA-class converter and energy-dump engineering (EV30: topology/control differentiates); precision power productization at incumbent grade — Danfysik SYSTEM 9700 verified live at 10 ppm / 0.75-100 kW catalog class (S-B25-15), OCEM/Danfysik-class incumbency per the record's own map; lab integration and site safety — none PhD-evidenced","magnet labs, fusion companies, merchant-magnet builders (S-B20-02); CFS bundling risk per its record","venture-level skid delivery; founder-shaped proof = PB-5 (trusted excursion-chain demonstration with a magnet-lab partner) and PB-2 (uncertainty-budgeted acceptance of a drive-and-dump chain) — a magnet-lab purchase order naming calibrated measurement uncertainty as the differentiator is B20's upgrade condition","lab electrical safety around stored magnet energy; skid acceptance testing; incumbent-grade reliability expectations (S-B25-15 shows the catalog bar); no consumer certification regime","moderate-high — skid product line (record level)","incumbents strong (OCEM/Danfysik/Magna-Power class, record + S-B25-15); the only contestable layer is measurement/qualification authority — same conclusion as the startup corpus's DD_C10 (S-B25-13: 'ppm lives in the measurement chain, not the switch')","medium","a magnet-lab purchase order that names calibrated measurement uncertainty (not converter capacity) as the differentiator would upgrade forward to adjacent leverage (B20)","keep visible as buyer-class-adjacent to the magnet cluster (D-01/D-02/ST01-C10); the frontier corpus's F-02 and the startup corpus's C10 describe the SAME market layer from two angles — reconciled in POWER.md §8; do not let shared buyers create a false synergy claim (B20's warning carried)"
P3R2-F-03,"full end product (high-speed PM turbo-generator + power-converter electrical cartridge, 0.3-20 MW, for waste-heat sCO2/geothermal/ORC)","waste-heat and geothermal power conversion; OLD-only rank 24 (NEW cut 58.3; BLIND not selected, INCUMBENT)","speculative transfer (B20 class WEAK): PM machine electromagnetics is 'magnetic' vocabulary at most — machine design (torque, cooling, rotordynamics) is a distinct discipline from field metrology (EV30/EV31); Calnetix-class incumbency per its own record; B20: no slivers worth naming","MW-class PM machine design; MW converter integration; rotordynamics; site/plant engineering; incumbent displacement — none PhD-evidenced","waste-heat/geothermal project developers and OEMs (record level)","venture-level only; none founder-shaped (B20: a machine-instrumentation role would be generic engineering services)","MW machine/converter certification and plant interconnection regimes (record level; standards not named in records read)","high — MW product development","none vs Calnetix-class incumbents (record)","high (that the transfer is weak)","none realistic identified (B20)","retire; completeness row for the machines family (with D-19)"
P3R2-F-12,"full end product (classification-certified DC power and protection stacks for battery-electric/battery-swap vessels; CCS Rules-native; CN-primary)","marine electrification (CN shipbuilding procurement; CCS 2025 rules in force, corpus-dated); OLD-only 17 (NEW cut 56.0; BLIND excluded on ACCESS)","speculative transfer (B20 class WEAK): marine DC protection and CCS classification certification are the C-01/E-14 discipline family transposed to a CN-regulated marine market; no instrument, dataset, calibration asset, or buyer overlaps the PhD; CN-primary structure adds access friction for a US-based founder (both baselines' records; BLIND ACCESS exclusion)","marine power-system design; CCS classification-certification execution; containerized-pack interface engineering; CN market access and shipyard relationships — none PhD-evidenced","CN shipyards and vessel operators (record level)","venture-level only; no founder-shaped sliver","CCS classification rules (record-cited, in force 2025); marine electrical safety regimes; entirely outside PhD evidence","high — marine product certification and CN operations","classification-native design per the record; none PhD-adjacent","high (that the transfer is weak)","a US-flag or classification-society-neutral variant with a paid metrology/acceptance role would create a thin sliver; none exists in the record (B20)","retire; completeness row for the DC-protection family under a foreign certification regime"
P3R2-F-23,"subsystem (PEM electrolyzer protective operating-envelope controllers with warranty-grade black-box logging)","electrolyzer fleet protection/warranty; OLD 22 / NEW 23; retrofit audits 2027-2029 (corpus-dated hydrogen window)","speculative transfer (B20 class WEAK): the product shapes electrical stress (current/OCV envelopes) and produces bankable degradation evidence — same electrochemistry-plus-power domain as C-22 (EV30 boundary), with the evidence layer being logging/attestation rather than traceable measurement; no PhD asset maps onto either (B20)","embedded plant-control engineering; electrochemical degradation economics; warranty/insurance structuring; fleet software — none PhD-evidenced","electrolyzer owners/insurers (record); venture gate = 2000h A/B showing measurable degradation-rate reduction (its own kill)","venture-level A/B trial; founder-shaped sliver = same as C-22: a paid uncertainty-budgeted acceptance-measurement role would create a sliver (B20)","functional-safety-class plant control expectations plus warranty/insurer acceptance (record level); no PhD-relevant surface","moderate — controller product plus trials (record level)","attestation/logging layer is data engineering, contestable; none PhD-adjacent","high (that the transfer is weak)","same as C-22's acceptance-layer condition (B20)","retire from founder consideration; completeness row closing the electrolyzer family (C-07/C-22/F-23)"
P3R2-G-03,"measurement tool (DC-conversion acceptance and commissioning instrumentation: portable measurement island + standardized protocols + signed dossiers)","'the measurement layer of the DC transition' — swept-impedance stability, insulation/ground-fault characterization, transient capture, signed acceptance dossiers for DC power rooms; OLD 20 / NEW 15 (BLIND near-miss); DC conversion wave 2026-2030 (corpus-dated; the NERC PRC-028 compliance wave refreshed live — 100% by 2030-01-01, S-B25-16 — is adjacent demand context)","speculative transfer at the weak/medium BOUNDARY (B20's explicit adjudication, carried): bench electrical metrology discipline is real (C03 demonstrated; C06 proposed — the same WP-C family as C-05), but field acceptance at power-system scale is a safety-rated electrical-trades domain with no PhD evidence, and the record read by B20 is selection-entry depth only — both reasons disclosed rather than smoothed","field commissioning competence (safety-rated trades domain); power-room electrical safety practice; protocol authority with operators; instrument-island productization; DC power-systems application knowledge — none PhD-evidenced","datacenter/industrial DC operators and integrators (record); gates: operator acceptance of vendor self-certification and instrument majors (Chroma/Keysight/Hioki) shipping DC suites first (record's own 2026-07 verification, corpus-internal)","PB-2 IS this idea's rehearsal at bench scale (uncertainty-budgeted signed acceptance dossier on a current chain); B20's resolution condition: read the full old06 record or land a paid engagement pricing traceable-uncertainty dossiers — either upgrades it to MEDIUM","safety-rated field electrical work (trades domain, B20's wording); dossier/protocol authority is the commercial surface; instrument-class product safety otherwise","low-moderate — portable instrument island (record level)","protocol + dossier authority; contested by instrument majors if they move first (record)","medium","if the metrology-authority layer dominates paid engagements, upgrade to MEDIUM; if instrument majors ship DC acceptance suites first, the wedge closes (record/B20)","carry in the W1 wedge family (POWER.md §9) as the nearest-term, lowest-capital qualification play — one tier below C-05/F-06 on record depth and domain fit, exactly as B20 classified it"
ST01-C10,"full end product family (fast-dynamics precision magnet power converters: bipolar 4Q SiC 'FastCoil' rack modules 5-50 kW, ±50-1000 A, <=10 ppm/8 h, >=2 kHz loop, N+1 paralleling to multi-kA; magnet test-stand systems; fleet software) — STARTUP corpus (startup/01 idea C10, deep-dived; Round-2 showdown rank 2 at 76.8, conviction MEDIUM; Round-3 locked as second lane, absorbing C11)","fusion fast/aux/trim magnet power + HTS magnet test stands + small accelerators/hadron therapy; demand context verified live this run: FIA's 2026 supply-chain report (published 2026-06-23) puts 2025 supply-chain spend at $538M with $681M projected 2026 and power systems/components the top bottleneck at 48% (S-B25-18, matching the record's DD-C10-14); incumbent grade verified live: Danfysik SYSTEM 9700 at 10 ppm, 0.75-100 kW, no stated dynamics figures on the page (S-B25-15); the record's own verdict: the ppm-catalog framing is dead (CAENels/Danfysik own it), the wedge is fast-dynamics + telemetry + weeks-lead-time modularity, unproductized per its JINST benchmark reading (record-vintage); China = radar/supply chain, NOT revenue (record's own retirement of the CN-procurement claim)","speculative transfer under this project's ground truth, with one genuine adjacent lane: the record's own physics finding is that ppm performance lives in the MEASUREMENT CHAIN (DCCT+ADC+reference+thermal), not the switch (DD-C10-06 class) — that chain is precision-current-metrology territory adjacent to C03 (demonstrated bench discipline) and C06 (proposed WP-C methodology, gated by C04); everything else (interleaved SiC stages, gate drive, magnetics, EMI, NRTL) is converter engineering absent from B10's ledger; DISCLOSURE: the startup corpus's FOUNDER_PROFILE_V3 asserts 'high-power-density power electronics' and applied-superconductivity capabilities — assertions with NO corroborating evidence in B10's accepted capability ground truth, NOT adopted here (B20 correction discipline, POWER_SKILLS.md §3)","interleaved SiC 4Q converter design; precision analog front ends at ppm grade; control firmware; kA test infrastructure ($300-700K per the record); NRTL/CE/EMC campaigns (UL 61010-class, $150-300K + 6-9 months per the record); 3-5 person team by first shipment (record's own honesty); willingness-to-pay for lead time UNPROVEN (record's strongest unresolved objection)","DOE-milestone fusion companies (8 awardees + expansion cohort), magnet test programs, small accelerators/hadron therapy (record); vertical-integration risk: CFS-Realta-style magnets-with-power bundling (record)","the record's own validation ladder: (1) <$40K 2-module 300 A benchmark vs a commercial DCCT (JINST-benchmark class); (2) ~$0 willingness-to-pay interviews with >=8 milestone companies ('what premium for 12-week delivery?'); (3) <$15K WHAM/HSX-adjacent reference deployment; founder-relevant subset under THIS project's discipline = the measurement-chain leg only: PB-1/PB-2/PB-4 exercise exactly the DCCT-chain qualification the record says carries the ppm claim","NRTL (UL 61010-class) + CE LVD/EMC per the record; no nuclear licensing (fusion supplies are conventional electrical equipment, record); ECCN 3A226 design-for-classification flag (threshold text snippet-level per the record, not independently verified — carried as the record's own caveat)","seed $2.5-4M, burn to Series A ~$3.5M, test floor $300-700K, compliance $150-300K (record's own figures, corpus-dated)","fast-dynamics + telemetry + lead-time wedge with EMI-vs-ppm co-design as the stated hard part; measurement-chain authority is the defensible layer per the record's own RT-4 concession; native-CN tender intelligence as radar (record)","medium (the record's own conviction, adopted; founder-fit portion downgraded per B10 ground truth)","the record's own kill gates: <2 fusion LOIs >=$100K by end-2027; bench cannot hold <=20 ppm/8 h at 300 A for <$40K BOM; incumbent ships a kA fast-dynamics catalog line; >=2 of 4 largest prospects announce in-house/bundled sourcing","the corpus's most serious converter-venture record and the anchor of wedge W2's application field (POWER.md §9) — but under B10 ground truth the founder-led form is the measurement-chain/qualification layer inside this market, not the converter company; the converter company requires the record's own 3-5 person team and unproven WTP"
ST01-C11,"subsystem / product line (detection-first magnet protection and management units — MPMU; STARTUP corpus startup/01 idea C11, rescoped by its own max-effort revision to 'a product line, not a company', rank 4 at 71.2, Med-Low; designated absorber = C10)","HTS magnet protection attach market; record's own physics honesty: sub-millisecond kA dump renounced ('dump speed is capped by insulation voltage; ITER extracts 41 GJ over ~30 s at <=10 kV'); detection is the genuinely unsolved layer; ASIPP's 2025 public tender for a productized 100 kA QPS switch proves the hardware layer is bought (record-vintage, S-B25-12); category ceiling <$150M/yr (record's own bottom-up)","adjacent leverage on the detection-statistics layer only: detection under EMI is the same weak-signal problem class as D-01 (EV06/EV23/EV26) and the estimator-honesty methodology (C23/C31, pre-redteam C40) is the PhD-adjacent asset; the actuation/dump side (ID_10's territory) is power-electronics engineering outside B10's ledger; DD_C11 itself was NOT opened this run — this row rests on the audited startup/01 executive summary plus ID_09/ID_10's problem-evidence sections (disclosed)","dump/absorber power hardware; protection reliability engineering at magnet scale; magnet application engineering; OEM channel building — none PhD-evidenced; detection-latency benchmarking is the one founder-adjacent element (the record itself calls it 'the cheapest validation experiment in the portfolio')","fusion/magnet programs buying protection as product (ASIPP tender class, record-vintage); OEM co-development channel per the record","the record's own cheapest experiment: a detection-latency benchmark (2027 class); maps onto BT-1/FT-02 estimator-honesty discipline and PB-1's EMI bench; venture gate = 2 non-fusion LOIs by end-2027 (record's kill gate)","magnet-protection reliability qualification (false-trip/missed-trip statistics as the safety case); lab safety around stored energy; no consumer regime","~$0.75-1.5M to v1 (record's own figure, corpus-dated)","detection authority + published latency contracts (the ID_09/ID_10 status-vocabulary seam); ceiling honestly <$150M/yr category-wide (record)","medium (record conviction Med-Low for standalone, higher as module — adopted)","the record's own gates: 2 non-fusion LOIs by end-2027 or fold into C10/C12; TE-style captive protection methods spreading would close the merchant socket","carry as W2's protection-detection leg: the PhD-adjacent element (detection statistics + honesty methodology) is exactly what D-01 needs too — one methodology serving both corpora's protection ideas; the dump/actuation hardware stays HIRE/PARTNER territory"
ST01-C06P,"subsystem (protection-intelligence modules for 800 VDC AI data centers: per-rack ground-fault LOCATION and series-arc discrimination on ungrounded 800 VDC buses, sold through power-system integrators; STARTUP corpus startup/01 idea C06-pivot, rank 3 at 74.8, Medium)","800VDC datacenter protection layer; the record's pivot logic (record-vintage 2026-07-04, S-B25-12): the original SSCB idea is dead because ABB SACE Infinitus and Siemens SENTRON 3QD2 ship today; what survives is the layer NVIDIA itself calls the open innovation area (consistent with the live S-B25-03 open: fault detection named 'a key area for innovation'); China window opened later than the US one per vendors' own filings (record-vintage); first revenue ~2031","adjacent-leaning sliver, stated carefully: ground-fault localization and series-arc discrimination on an ungrounded DC bus are weak-signal-detection-and-localization-under-EMI problems — EV27-class measurement physics plus EV16-class inverse-localization methods plus proposed estimator honesty (C23/C31, C40); this is the SAME sliver B20 identified inside P3R2-C-01, here scoped as the whole product rather than a breaker's afterthought; B10 still evidences no power-system deployment, datacenter integration, or product engineering — the mechanism is methodology-plus-bench-discipline, not domain capability","DC power-system fault physics at 800VDC scale; datacenter integration engineering; integrator channel building; productization to UL-class listing; validation on real rack infrastructure — none PhD-evidenced; arc-signature ground truth at power scale requires partner infrastructure","power-system integrators (Vertiv/Eaton/Schneider class per the 800VDC ecosystem, S-B25-03); hyperscalers downstream; record's kill check: if NVIDIA/OCP reference designs embed this in power-shelf firmware by end-2027, fold","PB-3 IS this idea's founder-scale proof (pre-registered ground-fault/series-arc discrimination statistics on a low-voltage DC bench with honesty-test discipline); the venture-level proof requires partner rack infrastructure at 800VDC; record gate = OCP/NVIDIA embed check end-2027","module-level product safety/listing within others' certified power path (record level; sold through integrators precisely to avoid owning the breaker's certification burden); the module must still not corrupt the host's safety case","~$1.5-3M to v1 (record's own figure, corpus-dated)","discrimination/localization algorithms + labeled fault data accumulated across deployments (record's framing); incumbents verifiably do not ship this layer (record-vintage claim)","medium (record conviction Medium, adopted; mechanism sliver rated honestly above C-01's because here the sliver IS the product)","the record's own kill: OCP/NVIDIA embedding the function in reference-design firmware by end-2027; a PB-3 result showing discrimination statistics cannot beat trivial thresholds would kill the technical premise","the sharpest cross-corpus triangulation in this stage: the startup corpus independently derived what B20 could only state as C-01's falsifier condition — that the protection-INTELLIGENCE layer is the survivable wedge; carry as W1/W2-adjacent applied lane and the primary application context for PB-3"
ST03-ID_08,"reference design / subsystem building block (FastCoil core invention: interleaved two-level SiC 4Q converter co-claimed with a PWM-locked, ripple-null-sampled zero-flux regulation chain; STARTUP corpus startup/03 invention ID_08, whitespace slot W-11 22/25 INVENT, red-teamed rev 2)","the C10 product family's core IP; problem evidence per the record: catalog true-4Q stops at 1.5-6 kW; ppm + kHz bandwidth + >=10 kW co-exist nowhere; Danfysik 9700 head-end conceded (10 ppm/8 h but 2-100 Hz loop per the record's NPL); merchant capacity consolidating away (record-vintage)","the inventive residue is MEASUREMENT PHYSICS, not switching: the claimed mechanism is that unsynchronized SiC edge fields alias into the fluxgate's second-harmonic detection band as a drifting false DC the loop servos onto — and the fix is a phase-locked measurement-chain clock domain with ripple-null sampling apertures; this is EMI-aware precision measurement-chain design, the discipline class nearest the PhD's demonstrated bench work (C03/C13) of ANY converter idea in either corpus; the converter stages themselves remain outside B10's ledger; the alias mechanism itself is asserted-by-record, not yet demonstrated (PB-4 tests it)","interleaved SiC power-stage design and coupled magnetics; gate drive; the record's own RTP ($19.3K home bench, ~270 h solo) presumes converter bring-up competence B10 does not evidence; Stanford/UIUC wall compliance is the record's own governing constraint (counsel-gated, its 4-prong test) — a research-planning fact, not legal advice","not a market row: the 'buyer' is the future C10 venture (IP assignable at incorporation per the record's Round-3 IP objective); indirect demand evidence = U-014/U-015/U-033 unsolved-problem register entries (record)","the record's own gate: >20 dB locked-vs-free in-band residue reduction and <=20 ppm-class 8 h relative tracking for <=$25K; PB-4 (this stage's ladder) extracts the founder-executable measurement core — characterize fluxgate excitation-band aliasing under an existing WBG switching cell, locked vs free-running — without building the full converter","bench-scale <=60 V home-lab practice per the record; product-level NRTL later (C10 row); provisional-before-publish sequencing is the record's own Rule 6 (research aid, not legal advice)","RTP ~$19.3K, STRETCH $25-60K (record's own BOM; corpus-dated)","claimed timing-architecture residue over JINST/PSI/Danisense prior art (record's charted analysis; NARROW residue, honestly conceded); trade-secret register for lock tables/coefficients (record)","medium (record red-teamed twice; mechanism plausible but undemonstrated; prior-art charting is the record's, not independently re-verified)","if free-running fluxgate residue at realistic SiC edge rates proves negligible or trivially filterable (PB-4's kill outcome), the invention's core mechanism — and part of ID_12's premise — loses value; formal ABB US10978948B2 chart could fence the topology (record's counsel question)","the single most PhD-discipline-proximate artifact in the startup corpus: its inventive step is EMI-aware measurement-chain timing, not switching — evidence FOR wedge W2 (measurement-chain authority inside magnet power) and the direct motivation for PB-4"
ST03-ID_10,"full end product (quench-safe magnet converter system, 0.5-20 kA class: pre-ramp stored-energy capacity-verification interlock, self-measured trip-latency contract, modular shared absorption; STARTUP corpus startup/03 invention ID_10, slot W-12 20/25 INVENT, rev 2)","magnet test-stand and fusion-lab converters, 10 kJ-10 MJ magnets; problem evidence per the record: catalog protection bundles stop at ±120 A/lab-kJ; DTT FDUs cost EUR 8M with 1-year design phase; ASIPP's 2025 tender for a productized 100 kA QPS switch proves the 0.5-20 kA band unserved (U-024, record-vintage); no vendor owns detection-to-dump latency (U-023)","speculative transfer with a real measurement seam: the LATENCY CONTRACT element — periodic masked test-trip self-measurement publishing machine-readable trip-to-clamp latency — is measurement/qualification thinking applied to protection (the same published-figure discipline as WP-C's uncertainty budgets, C06-proposed class), and the pre-ramp load-L measurement is instrumentation; the paralleled converter+absorber modules, dump grids, crowbars, and kA scale-up are protection power engineering outside B10's ledger; the ID_09/ID_10 published-latency seam is the vocabulary a qualification authority (W1) would audit","kA converter+absorber design; dump-grid/crowbar engineering; cryogenic test practice (the record's own RTP winds an NI pancake at 77 K — HTS/cryo practice B10 does not evidence; asserted undergrad experience in the startup corpus NOT adopted, POWER_SKILLS.md §3); scale-up enablement beyond module-pair bench (record's own honesty: kA/MJ demonstrated nowhere below product tier)","future C10 venture (absorbed C11 line); ASIPP-class labs as demand evidence (record-vintage)","the record's own campaign: >=1,000 automated low-current trips with per-module latency distributions (<=100 us clamp targets), >=50 full-energy dumps at 0.1-0.4 kJ, interlock block/derate matrix at 100%, single-module-kill continuity — ~$14.7K bench; founder-executable subset under B10 discipline = the latency-metrology and interlock-verification instrumentation, not the power hardware","bench <=60 V + LN2 cryo PPE per the record; product-level protection qualification later; the published-latency status is itself a safety-facing claim requiring qualification authority","RTP ~$14.7K (record BOM); product tier = C10 capital","claimed residue over Lake Shore 625 / AMI 601/430 / Cryomagnetics 4G catalog art: none measures load L pre-ramp, gates on absorber thermal state, publishes self-measured latency, or shares dump duty with fault continuity (record's charted analysis)","medium (record red-teamed; bench-provable elements honest; scale-up enablement flagged by the record itself)","if kA buyers' safety reviews reject a self-measured latency contract in favor of certified external protection relays, the product premise narrows to test stands; the record's own counsel questions (112(f), divided infringement) could gut the claim structure","carry as W2's protection-actuation exemplar and the honest boundary case: its measurement/qualification ELEMENTS (latency contracts, verification interlocks) are the PhD-adjacent layer; its power hardware is not — the two must never be conflated in B30/B40 use"
ST03-ID_12,"measurement tool (converter-embedded self-calibrating ppm chain: L-aware bounded-deviation calibration states + dissimilar-sensor divergence watchdog; STARTUP corpus startup/03 invention ID_12, slot W-17 20/25 INVENT, rev 2)","in-operation calibration of magnet-converter current-feedback chains (transducer+burden+ADC) without transfer-standard campaigns; problem evidence per the record: ppm without a DCCT stops at ±15 A; CERN circulates calibration hardware; US labs nurse 1970s Transrex fleets; 100-channel coil arrays would need 100 metrology events/year under portable-standard recal (U-033/U-018/U-032, record-vintage)","the closest thing to a WP-C product embodiment in either corpus: its two claim elements are (1) using the magnet's OWN inductance to synthesize bounded-deviation calibration excitations — excitation-design-under-constraints, the C08/C23 identifiability discipline in product form — and (2) a dissimilar-physics two-sensor divergence watchdog gating every correction 'because a self-correcting chain can self-corrupt' — an independent industrial rediscovery of exactly the C23/Theorem-1 lesson that mutual consistency is not absolute calibration (the watchdog detects divergence, and the record's own honesty note concedes absolute accuracy still routes through a DMM+shunt anchor at 10-20 ppm); the converter-product engineering around it is outside B10's ledger","converter product engineering; fluxgate/zero-flux head electronics at incumbent grade; reference/burn-in metrology infrastructure (the record's own RTP buys an 8.5-digit DMM at $7.5K); 90-day unattended campaign discipline; ownership/wall clearance (record's own counsel gates)","future C10 venture; retrofit pod embodiment targets legacy-supply fleets (Kepco/Transrex orphans per the record)","the record's own demo: bounded-deviation state synthesis holding current excursion <=0.1% of setpoint while extracting gain/offset observables, plus seeded-drift watchdog statistics over a 90-day campaign (~$19.8K, ~220 h); PB-2 rehearses the same uncertainty-budget discipline on purchased hardware first; PB-4 tests its companion premise (chain corruption under switching EMI)","bench-scale; the calibration RECORD it emits per channel (events, drift, uncertainty bound) is precisely the acceptance-dossier artifact class G-03/W1 sells — a convergence, not a coincidence","RTP ~$19.8K (record BOM; corpus-dated)","claimed conjunctive residue over TI/Denso/Systron-Donner/CN-CT calibration art (record's charted analysis); the deeper moat is the coefficients/thermal models kept as trade secrets (record)","medium (record red-teamed; concept coherent; no hardware exists; prior-art charting is the record's own)","if in-operation calibration proves unnecessary because fleets accept scheduled recal downtime (CERN's unpatented circulating-calibrator practice is the non-infringing status quo the record itself names), the product premise dies while the methodology remains publishable","the strongest single piece of cross-corpus evidence for the W1/W2 wedge thesis: an independent, red-teamed startup mission concluded the valuable, ownable layer of magnet power is the self-calibrating MEASUREMENT CHAIN with divergence honesty — the same conclusion B20/B25 reach from the PhD side; carry as W2's calibration exemplar"
ST03-ID_13,"subsystem (N-channel per-coil 4Q array drive with per-channel superconducting-load protection and coordinated fault sequencing; STARTUP corpus startup/03 invention ID_13, slot W-15 19/25 INVENT, rev 2; record read to §7 — disclosed)","coil-array power for planar-coil stellarators, mirrors, RMP/trim retrofits; problem evidence per the record: Thea's Canis ran nine independent supplies with mechanical relay H-bridges (a documented fault hazard, U-017); no catalog multi-channel bipolar drive exists; coil-array architectures convert magnet complexity into converter count (DD_C10's archetype 2)","speculative transfer: shared-bus energy recycling, freewheel continuity, and hardware trip crosslinks are converter/protection engineering outside B10's ledger; the PhD-adjacent surfaces are the per-channel measurement sockets (claim 5: DCCT-class vs shunt-grade interchangeable) and common-clock <=1 us timestamping of currents and trip events (claim 6) — fleet-scale synchronized measurement discipline of the C13/C14-proposed class; array current-measurement error engineering is an occupied literature field (EV17) any such product must meet","multi-channel converter productization; backplane/hot-swap engineering; array-scale protection choreography validation; magnet-array application partnerships — none PhD-evidenced","future C10 venture; Canis/Eos-class array builders and mirror programs as the archetype buyers (record + DD_C10)","the record's own RTP: 6-channel desktop demonstrator + single-path 140 A dwell rig; founder-executable subset = the measurement/timestamping layer only; PB-1's multi-sensor bench is the rehearsal","bench-scale; product-level protection qualification inherits ID_10's burden class","RTP bench-scale $ few K (record's BOM read to the first lines; total not captured — disclosed); product tier = C10 capital","claimed structural triad over Canis practice / Fanuc / GE-gradient / CN energy-storage art (record's charted analysis, including its own corrected Princeton-patent reading)","medium-low (partial record read, disclosed; concept coherent within the family)","if Thea-class integrators build array drives in-house (vertical integration, the family's recurring risk), the merchant socket closes; the Princeton/Thea continuation watch is the record's own FTO risk","carry as W2 family context (array-scale measurement/timestamping is the PhD-adjacent layer); no standalone founder path"
ST05-CF-4,"subsystem (cold-head-budget ramp governor for conduction-cooled HTS windings: live watt-unit thermal-headroom estimator + per-cycle inversion of a stored ramp-loss model, alpha<1; STARTUP corpus startup/05 candidate CF-4, disclosure ID_04; G-NOVEL NARROW-NOVEL, G-PHYS REVISE; ranked 2nd of the CryoFree survivors, 'strongest second bet' per the mission's own strategy)","charge/ramp control for cryogen-free HTS magnets (MRI-adjacent, rotating machines, lab magnets) composing explicitly with the C10 converter lane (the mission's own composition table); the record's physics: transient cryocooler lift is measurable and time-varying, static worst-case ramping surrenders time recoverable by Jensen's-inequality argument (~21.5% saving in the margin+lag probe — SIMULATED/prophetic, exogenous headroom curve, the record's own tautology caveat carried verbatim: the as-shipped zero-violations figure must NOT be cited as safety evidence)","speculative transfer: the governor is estimator-plus-model-inversion CONTROL design — thematically the estimator/identifiability family (C23/C31 class) applied to thermal state, but thermal/cryogenic modeling and cryocooler characterization are nowhere in B10's ledger; NOTE the record's own deliberate boundary: magnetic-field/Hall sensing is intentionally excluded from the independent claim (funded-lane-adjacency avoidance + FSU/NHMFL FTO differentiation) — so this invention by its own design does NOT use the PhD's sensor lane","cryocooler load-line characterization; conduction-cooled magnet thermal modeling; closed-loop validation (the record's own mandatory pre-filing work: cold-head ODE, alpha<1, sensor-lag modeling); HTS application engineering — none PhD-evidenced; served-model caveat on the gate verdicts is the record's own unresolved flag","cryogen-free magnet OEMs and the future C10/C12 venture family (record's composition note); no external buyer evidence beyond the mission's commercial-pull scoring","the record's own path: Phase-0 sim remediation (closed-loop ODE + alpha<1 + lag), then a sub-$1.5K bench demo on the shared 77 K rig comparing static vs dynamic ramp control in hardware; no PB-ladder slot (not a measurement experiment; noted in BRIDGE_TESTS.md §4)","controller subsystem; the record itself bars any safety representation until the sim rebuild completes (carried verbatim); magnet-safety qualification sits at system level","sub-$1.5K prototype after sim fixes (record); product tier folds into C10/C12","NARROW-NOVEL residue over expired Sumitomo/Toshiba genus art (estimator + per-cycle inversion + alpha<1); active FSU/NHMFL family is an FTO watch, not a patentability blocker (record's analysis)","medium-low (G-PHYS REVISE; sim evidence self-flagged as tautological pending rebuild; NARROW-NOVEL provisional pending native CN/JP/KR searches — all the record's own flags, carried)","the record's own kills: closed-loop rebuild erasing the time saving; the flagged prior-art harvest surfacing blocking art; FSU/NHMFL claims reading on NI implementations","carry as the startup corpus's converter-composing control invention and the clearest documented example of the corpus DESIGNING AROUND the PhD's sensor lane rather than building on it — direct evidence that even the founder's own startup missions do not treat Hall sensing as the power wedge; context for W2, no standalone founder path under B10 discipline"
