# B20_align FULL attempt-1 — 39 rows covering the complete A30 idea universe (41 union IDs; E-01 consolidated into C-01 per SEM-01 and B-01 into C-04 per SEM-02 — see ALIGNMENT.md §2). Direction cells use: direct leverage / adjacent leverage / speculative transfer / negative interference; overall classes and rubric in ALIGNMENT.md §3. Cxx = B10 PHD_FACTS claims; EVxx/Pxxxx = B15 evidence rows/papers; G1-G6/M1-M7/BT-x = B15 GAPS items; A30:* = A30-verified opened primaries; S-B20-xx = web sources opened (SOURCES.csv); NEW-SEL = new06 outputs/70_audit/FINAL/SELECTION.json entry; corpus-dated market facts are record-vintage, not asserted current.
idea_id,idea_name,source_version,phd_to_startup,startup_to_phd,mechanism,evidence,dependency,time_horizon,conflict,confidence,falsifier,action
P3R2-D-02,"Reel-to-reel contactless REBCO tape quality metrology (Hall-array Ic mapping + delamination screening)","old06+new06+blind (records: new06 FINAL/DEEP/D01.md; old06 40_DEEP_DIVES/DD_P3R2_D_02.md; A30 ranks BLIND 5 / OLD 1 / NEW 1)","direct leverage (demonstrated Hall readout-chain + harsh-environment packaging; the calibration credential itself is proposed-only per B10)","adjacent leverage (executing the scanner would exercise WP-C-class traceable calibration and multi-channel readout with industrial data; it does not advance the stellarator/hybrid thesis)","The product's core sensor is a Hall array reading tape remanent field at 77 K non-contact (verified merchant incumbent class: TapeStar; S-B20-01); the PhD demonstrably owns Hall readout-chain design (C03/C13) and in-vessel Hall packaging (C01/C46); the product's decisive risk — transport-calibrated Ic within 5% with a defensible uncertainty budget — is exactly the proposed WP-C traceable-calibration methodology (C06) whose niche B15 shows is under-published (EV35/G3/M3) with a transferable method template (EV01/P0008). Reverse: the venture's calibration campaigns and datasets feed Element-1 skills and possible instrument papers; the tape-QC data is not fusion-diagnostics data.","C01;C03;C06;C13;C46;EV01;EV11;EV13;EV35;P0008;S-B20-01;S-B20-02","C04 ~109x bench anomaly closure gates C06/WP-C (the calibration-credential leg); 77 K LN2 cryostat practice; array instrumentation and lock-in thermography are NOT in B10's demonstrated skill ledger","2027 decisive $120k experiment falls inside remaining PhD years; 2030 launch is post-PhD; REBCO volume-ramp market timing is corpus-dated (refresh-sensitive)","Time competition with the P1/SENSL revision critical path; Stanford OTL pre-disclosure gate (C33/C34) if instrument concepts overlap PhD IP; publication risk low","medium-high","If the C04 anomaly traces to a design-level readout error that resists closure, the demonstrated-readout-competence mechanism downgrades; if blind Ic correlation cannot reach 5% across producer architectures (the venture's own kill rule) the venture dies regardless of alignment","Carry to B25/B30/B40 as the primary alignment candidate; restate founder fit honestly (array instrumentation and thermography are not demonstrated PhD skills — corrects new06 D01 §14 overstatement); sequence WP-C so the traceability credential is demonstrated before 2030"
P3R2-C-01,"800-VDC rack power-path protection: solid-state breaker + precharge/inrush + insulation monitoring + hot-swap sequencing (consolidates P3R2-E-01 per A30 SEM-01)","old06+new06+blind-via-SEM-01 (records: new06 FINAL/DEEP/D02.md read this run incl. §14; old06 pool record P3R2_E_jptwkr_side.md E-01 entry; A30 ranks BLIND 1 via E-01 / OLD 5 / NEW 2)","speculative transfer (no demonstrated PhD asset maps onto the SiC breaker/certification core; slivers only: current/leakage telemetry under switching EMI and arc-signature detection statistics)","speculative transfer (no return channel to the thesis; nothing in an 800VDC protection shelf supplies C04/C45/P1 unblockers)","The venture's core is microsecond SiC fault interruption, energy absorption, arc discrimination, and IEC 62477-1 certification — power-electronics and safety-certification engineering that B15 adjudicates as a distinct specialization from Hall-sensor metrology (EV30/EV31); B10's demonstrated ledger contains no power-conversion or protection hardware (C03/C13 are small-signal instrumentation). Surviving slivers: the shelf's condition-monitoring telemetry (leakage trend, precharge drift) and series-arc discrimination are weak-signal-detection-under-EMI problems (EV27/P0050 class; estimator methodology C23/C31 proposed-only, pre-redteam C40) — non-core per the venture's own record. This is the corpus's top consensus idea (BLIND 1 / NEW 2 / OLD 5 per SEM-01), which demonstrates that cross-run consensus strength and PhD alignment are independent axes.","C03;C13;C23;C31;C40;EV27;EV30;EV31;P0050","None PhD-side; venture gates are certification path and NVIDIA/OCP spec absorption (its own key_kill)","800VDC generation ships 2027 per NVIDIA platform docs (corpus-dated); certification campaign 2027-2029 collides with remaining PhD years","High scope drift (power electronics + certification are fully off-thesis); no idea-specific publication conflict","medium-high (that the transfer is weak)","A paid design-in that specifically prices the telemetry/condition-monitoring layer (the EV27-class sliver) rather than the breaker would upgrade the sliver to adjacent leverage","Treat as PhD-independent; corrects new06 D02 §14, which calls 'instrumentation and power-electronics engineering' the 'founder's core stack' — B10's demonstrated ledger contains no power-electronics engineering"
P3R2-C-05,"Standards-grade thermal emulation and conformance metrology for liquid cooling (programmable TTVs, rack load emulators, traceable calorimetry, round-robin protocol)","new06+blind (record: new06 FINAL/DEEP/D03.md read this run; OLD P4 G7 kill at 67.4; A30 DIS-C05 verified the revival predicate on opened primaries; A30 ranks BLIND 2 / OLD killed / NEW 3)","adjacent leverage (proposed WP-C-class GUM/traceable-uncertainty methodology maps onto the venture's core differentiator — method authority with published uncertainty budgets; demonstrated bench DAQ/readout maps onto non-core instrumentation)","speculative transfer (metrology-practice exercise and possible measurement-methods publications; zero return to the magnetics thesis)","The venture's moat is method authority: traceable calorimetry closing energy balances 'to reference-grade uncertainty' plus round-robin statistics with published uncertainty budgets — structurally the same GUM/Monte-Carlo traceable-budget discipline the PhD proposes in WP-C (C06, proposed, gated by C04) and that B15 shows is the scarce skill in the corpus (EV01's single traceable-budget exemplar; EV35/G3). The measurement domain differs completely (thermal/fluid kW-class vs magnetic mT-T): calorimetry, two-phase fluids, and multi-kW heat handling are nowhere in B10's ledger, so the transfer is methodology, not domain. Deschutes-ecosystem market facts verified current by A30 on opened primaries (A30:C05-DIS-01/02); the OCP conformance-vacuum negative claim remains discovery-level (A30 unresolved issue).","C03;C04;C06;C13;C40;EV01;EV35;A30:C05-DIS-01;A30:C05-DIS-02","Opt2 Element-1 execution (WP-C) is what converts the methodology claim from proposed to demonstrated; without it the forward direction degrades to speculative; venture-side gate is the round-robin variance experiment","Eight-vendor Deschutes ecosystem live as of 2025-2026 (A30-verified); bench/protocol window 2027-2029 collides with PhD mid-years","Scope drift high (thermal metrology is off-thesis); publication risk low — metrology methods are publishable","medium","If the venture's actual differentiator proves to be thermal/fluids domain engineering (TTV die design, two-phase handling) rather than uncertainty-budget authority, forward downgrades to speculative; a lab-to-lab round-robin variance too large to discriminate products kills the method-authority premise","Carry as a metrology-methodology-cluster candidate; correct new06 D03's 'controls-and-DAQ problem squarely in the founder's stack' — bench DAQ is demonstrated (C03/C13) but multi-kW calorimetric/thermal metrology is not in B10's ledger"
P3R2-D-10,"Coherent-beam-combining phase-control engine for directed-energy and ultrafast lasers","split-decision (records: new06 FINAL/DEEP/D04.md; old06 P4 G7 kill at 73.4 quoted in A30; A30 ranks BLIND 14 / OLD killed / NEW 4; A30 DIS-D10 verified on opened primaries)","negative interference (no concrete mechanism in this direction; remaining PhD years sit exactly across the verified 2026-2028 design-in window — opportunity cost dominant)","negative interference (prime-facing directed-energy work runs under controlled-technical-data/classification regimes that structurally conflict with the PhD's open-publication gates; zero research value to the thesis)","No concrete mechanism exists in either direction: lambda/30 electro-optic phase locking, SPGD control loops, and modulator front-ends share no hardware, method, dataset, calibration asset, or buyer with Hall-sensor metrology; the 'control/estimation' similarity is thematic and is rejected as causation. A30-verified opened primaries show JLWS awards executed 2026-07-09 with awardee nLIGHT holding coherent beam combining as proprietary vertically-integrated technology and Navy JBCS awards from Q4-2026 — the decision window collides with, rather than benefits from, PhD completion. Reverse: controlled/classified work conflicts with G5 (accepted paper needed; C49 records zero) and the OTL disclosure gate (C33/C34). B15's four streams contain no photonic phase-control coverage — disclosed as corpus distance, not as evidence about the field.","C33;C34;C49;A30:D10-DIS-01;A30:D10-DIS-02;A30:D10-DIS-03","None — PhD-independent in both directions (itself the diagnostic signature of adverse alignment)","2026-2028 decision concentration (A30-verified); demos targeted 2028; overlaps the entire remaining PhD horizon","Classification/controlled technical data vs open publication; total scope divergence; new06 D04's founder-fit assertion ('the founder's home ground') is not supported by B10's demonstrated ledger","high","A JBCS subsystem carve-out permitting open unclassified merchant participation PLUS a demonstrated PhD-derived electro-optic control asset would falsify ADVERSE; neither exists in any record read","Treat as PhD-independent; do not co-plan with the PhD; pursuing it seriously implies pausing or leaving the PhD, and B40 should score it on that basis"
P3R2-E-14,"Multi-terminal DC fault-discrimination protection relay + vendor-neutral HIL qualification platform ('SEL of DC grids')","old06+new06+blind (record: new06 FINAL/DEEP/D05.md read this run; A30 ranks BLIND 7 / OLD 7 / NEW 5)","speculative transfer (no demonstrated PhD asset maps onto traveling-wave/wavelet grid protection, real-time digital simulation, or utility qualification; the detection-statistics affinity is methodological and unplanned)","speculative transfer (no return channel; HVDC developers supply nothing the thesis needs)","The venture's core is sub-millisecond fault discrimination in multi-terminal HVDC (traveling-wave/wavelet firmware, HIL benchmark authority, lender-grade acceptance) — grid-protection engineering at kV/kA scale with no shared instrument, dataset, calibration asset, or buyer with Hall metrology; B15's loose-analogy adjudication for power-systems engineering applies (EV30/EV31). The one honest affinity — deterministic detection statistics under noise — is the same estimator-methodology class as proposed Opt2 Elements 2/3 (C23/C31, pre-redteam C40), thematic until someone schedules work; DC current sensing in stations (EV28 class) is a non-core sliver. US HVDC developer capital facts are corpus-dated (not re-verified this run).","C23;C31;C40;EV28;EV30;EV31","None PhD-side; venture gate is US multi-terminal DC actually being built (its own key_kill: point-to-point through 2034)","Qualification phase 2027-2029; relay 2030+; corpus-dated project schedule (GBX/Southern Spirit) refresh-sensitive","High scope drift; no idea-specific publication conflict","medium-high (that the transfer is weak)","A funded HIL-qualification engagement that specifically buys calibrated measurement-uncertainty work (rather than protection-algorithm engineering) would create a thin adjacent link","Treat as PhD-independent within the alignment portfolio; the 'neutral qualification authority' business theme recurs across C-05/G-03/C-22 but theme is not mechanism"
P3R2-A-14,"300C-class mixed-signal instrumentation electronics platform (SiC/SOI) for superhot geothermal/downhole/turbine","old06+new06+blind (records: new06 FINAL/DEEP/D06.md; old06 40_DEEP_DIVES/DD_P3R2_A_14.md read this run — closes the pilot's disclosed gap; A30 ranks BLIND 6 / OLD 9 / NEW 6)","adjacent leverage (harsh-environment instrumentation credibility and drift discipline transfer; the differentiating 300C qualification capability is not PhD-evidenced)","speculative transfer (a 300C qualification lab could incidentally close the 15-year-stale AlGaN/GaN high-temperature Hall data gap — thin and unplanned)","Shared mechanism is instrumentation front-end design plus temperature-drift management: the PhD demonstrates in-vessel sensor packaging (LCC, wedge bonds, 150C vacuum bake — C46/C01) and bench readout design (C03/C13), and B15 shows temperature drift is the recognized central engineering axis (EV13). But the product's gate is 300C continuous SiC/SOI IC + packaging qualification — a distinct discipline (both deep dives make packaging the gating asset; old06 DD: 'packaging is the gating technical asset', first hire a packaging engineer), and a demonstrated 150C bake is not a 300C/1000h qualification. Materials-vocabulary overlap is not a mechanism (EV31). Reverse: EV13/P0017 note insufficient published AlGaN/GaN high-T data (2011-stale) — the startup's ovens/qualification rigs could characterize the PhD die as a side effect, but nothing plans this.","C01;C03;C13;C46;EV13;EV31;P0017","No PhD-side gate; the transfer claim rests on packaging/qualification skills the PhD evidences only at 150C-bake level (demonstrated once); CISSOID last-time-buy supply gap is corpus-dated","Buyers' superhot projects target 2030 operation; qualification campaigns 2027-2029 (corpus-dated, refresh-sensitive)","Scope drift high; capital-heavy first experiment ($850k per new06) misfits PhD-parallel work","medium","A concrete joint campaign qualifying both the platform packaging AND AlGaN/GaN Hall high-T drift would upgrade toward strong; if the venture's value proves to be pure IC-design + packaging IP, downgrade to weak","Carry with the loose-analogy caveat explicit; do not present GaN materials familiarity as a moat (EV31); the old06 deep dive read this run confirms rather than changes the pilot classification"
P3R2-D-01,"Merchant quench-detection-and-protection subsystem for REBCO/HTS magnets (fiber-optic + RF + voltage fusion, energy extraction)","old06+new06+blind (records: new06 FINAL/DEEP/D07.md; old06 40_DEEP_DIVES/DD_P3R2_D_01.md; A30 ranks BLIND 3 / OLD 3 / NEW 7)","adjacent leverage (weak-signal-under-EMI measurement discipline and proposed estimator-fusion/honesty methodology; the venture's core modalities are not PhD-evidenced)","speculative transfer (driven-quench campaigns could supply collaborators and a live application for FT-02-class estimator work; no current PhD experiment needs HTS magnets)","The venture's value is false-trigger statistics for fused fiber/RF/voltage detection under EMI — structurally the same weak-signal-under-EMI problem class B15 documents for quench detection (<=9 mV signatures, >100 mV residual EMI: EV06/EV23/P0033/P0038) and the same fusion-estimator methodology class as the PhD's proposed Element 2/3 (C08/C10/C23/C31; cross-domain convergence EV34). But no Hall channel appears in the product, no Hall-based HTS-monitoring method exists in the corpus (EV26/M7 — open and untested), and B10 C27 vetoes the persistent-mode static-field lane; the fiber/RF/dump-electronics core is outside PhD evidence. Merchant magnet-owner buyer class verified current (S-B20-02).","C03;C08;C10;C23;C27;C31;EV06;EV23;EV25;EV26;EV34;P0033;P0038;P0046;S-B20-02","Modality gap (fiber/RF, not Hall); Opt2 estimator claims are folder-08 pre-redteam (C40); the venture's own record says demand is ecosystem-level pending a 2028 co-test","2027 university-lab campaign; 2030 launch; SPARC results 2026-2027 drive the schedule (corpus-dated)","Scope drift high (fiber optics and dump power electronics are off-thesis); publication risk low; moderate time competition","medium","A bench demonstration that a Hall channel adds value in transient/charging HTS monitoring (closing B15 gap M7/EV26) would upgrade to strong; NI-winding dominance at pilot scale shrinks both the venture and the alignment","Carry as secondary candidate; the honest bridge is estimator-honesty methodology (BT-1/FT-02 class) applied to quench false-trigger qualification — not Hall hardware"
P3R2-A-10,"Vendor-neutral ion-energy-distribution metrology + tailored-waveform bias control retrofit for plasma etch","old06+new06+blind (record: new06 FINAL/DEEP/D08.md read this run incl. §14; A30 ranks BLIND 9 / OLD 19 / NEW 8)","adjacent leverage (demonstrated in-plasma/in-vacuum sensor packaging and EMI-robust weak-signal readout map onto the core production-hardened sensing layer; the closed-loop control engine and plasma-process domain depth are not PhD-evidenced)","speculative transfer (plasma-diagnostics practice, possible off-thesis instrument publications, plasma-tool collaborator base; nothing feeds C04/C45/P1)","Genuine mechanism, not theme: the venture's phase-one hard problem is a sensor that survives inside an operating plasma device while extracting eV-class energy resolution through RF interference — the PhD demonstrably packaged and deployed a semiconductor sensor at a stellarator plasma edge (LCC, encapsulation, grounded graphite shield against glow-discharge cleaning — C46/C01) and demonstrably built EMI-disciplined weak-signal readout (C03/C13). That is the same survivability-plus-signal-integrity discipline class, applied to a charged-particle (RFEA) rather than magnetic sensor. The merchant metrology incumbent is measurement-only with no closed-loop product (Impedans Semion, verified live this run: S-B20-03) — supporting the venture's stated gap. Honest limits: RFEA physics, sheath/IEDF process knowledge, and deterministic closed-loop control are NOT in B10's demonstrated ledger (control/estimation is proposed C23/C31, pre-redteam C40); new06 D08 §14's claim that 'system identification and deterministic closed-loop control are the founder's core' overstates B10 and is corrected here.","C01;C03;C13;C23;C31;C40;C46;S-B20-03","No PhD-side gate; venture gates are chamber access and the Entity-List-repaired CN structure (corpus-recorded Dec-2024 rule); the closed-loop premise is unproven anywhere per its own record","CHIPS-funded fab ramp 2026-2030 (corpus-dated); testbed campaigns 2027-2028 collide with PhD mid-years","Scope drift high (plasma-processing physics is off-thesis, though nearer than power electronics); publication risk low; fab-data NDAs could constrain publications at the margin","medium","If production-chamber RFEA hardening proves to be mainly process-chemistry materials engineering (not packaging/EMI discipline), forward downgrades to speculative; a generator vendor shipping good-enough integrated IEDF inference kills the venture independent of alignment","Carry as the strongest non-pilot addition to the significant-coupling set; the mechanism is packaging/readout discipline — not magnetics — and should be stated that way in B40"
P3R2-C-13,"Precision GaN pump-driver and laser-power modules (merchant nanosecond-class programmable current drive)","old06+new06+blind (records: old06 40_DEEP_DIVES/DD_P3R2_C_13.md; new06 SELECTION.json rank-9 entry — not deep-dived by new06; A30 ranks BLIND 24 / OLD 10 / NEW 9)","speculative transfer (the GaN overlap is vocabulary not mechanism; one narrow adjacent sliver in calibrated current-sense/telemetry)","speculative transfer (marginal bench-methods feedback at best; opportunity cost dominates the reverse direction)","The PhD uses AlGaN/GaN as a Hall-sensing 2DEG; the product uses GaN HEMTs as power switches — different device physics, design disciplines, and failure modes; B15 adjudicates power-device engineering as loose analogy (EV31) and shows topology/control differentiates converter work while measurement is supporting infrastructure (EV30). The only concrete shared mechanism is calibrated current sensing and diode-health telemetry under switching EMI (the EV27/P0050 problem class) — a sliver of the module — and the venture's own record says the unproven core is the OEM merchant socket, not metrology. No causal claim is made from the shared GaN label.","C03;EV27;EV30;EV31;P0050","The venture's own $72k make-vs-buy socket gate is unpassed; no PhD-side dependency","Paid evaluations 2028; design-in 2028-2029 — collides with PhD mid-years","Defense-adjacent export-control/compliance burden; scope drift; no idea-specific publication-risk mechanism identified","medium-high (that the transfer is weak)","A paid OEM evaluation that specifically prices the calibrated-telemetry layer (rather than edge speed or BOM cost) would upgrade the sliver to adjacent leverage","Deprioritize on alignment grounds; if pursued, the telemetry/qualification-data layer is the only PhD-adjacent lane"
P3R2-F-01,"Solid-state microsecond impedance-matching engines (switched SiC/PIN capacitor arrays) for pulsed/tailored-waveform RF plasma tools","old06+new06+blind (records: old06 40_DEEP_DIVES/DD_P3R2_F_01.md read this run; new06 SELECTION.json rank-10 entry; A30 ranks BLIND 20 / OLD 4 / NEW 10)","speculative transfer (RF power switching, Smith-chart coverage, and arc-safe transitions are power-electronics engineering outside all PhD evidence; the calibrated-RF-sensing state estimator is a non-core sliver)","speculative transfer (no return channel; RF-metrology bench habits at best)","The venture's differentiator is switch-stack design, safe transition sequencing, insertion-loss/Q engineering, and OEM co-qualification — EV30's boundary case exactly (topology/control differentiates; measurement is supporting infrastructure), plus EV31's loose-analogy adjudication for the device layer. The one real sliver: the controller 'estimates the present load from calibrated RF measurements' — calibrated directional-power sensing under RF EMI is measurement work the PhD's bench discipline (C03) is adjacent to, but it is a supporting subsystem, not the socket. Same-lane buyer overlap with A-10 (etch tool/generator vendors) is business adjacency, not PhD mechanism.","C03;EV30;EV31;EV27","No PhD-side dependency; venture gate is a generator/tool-vendor paid evaluation by end-2029 (its own kill rule)","Design-in window 2028-2029 (corpus-dated); collides with PhD mid-years","Scope drift high; CN leg carries export-compliance restructuring per new06 (corpus-recorded)","medium-high (that the transfer is weak)","An OEM evaluation pricing the calibrated sensing/state-estimation layer as the differentiator would upgrade the sliver to adjacent leverage","Treat as PhD-independent; no founder-fit claim appears in the old06 deep dive to correct"
P3R2-C-09,"Standardized solid-state pulsed-power platform (stackable Marx/modulator modules, digital droop control) for e-beam/X-ray/accelerator RF","old06-killed+new06+blind (record: new06 FINAL/DEEP/D09.md read this run; OLD P4 G7 kill 64.4 + P5 revival re-kill 52.2; A30 DIS-C09 verified the split on opened primaries; A30 ranks BLIND 4 / OLD killed / NEW 12)","speculative transfer (modular high-voltage pulsed-power engineering, interface standardization, and OEM platform economics are outside all PhD evidence; pulse-fidelity metrology and acceptance protocols are a non-core sliver)","speculative transfer (accelerator-lab collaborator adjacency only; nothing feeds the thesis)","The venture's core is stacked solid-state switching at tens-to-hundreds of kV with droop/jitter control and an open interface standard — power-conversion platform engineering per EV30/EV31's loose-analogy boundary; B10's demonstrated ledger contains no high-voltage or pulsed-power hardware. Slivers: module acceptance testing against IEC 60060-1-class high-voltage test technique and fleet telemetry are measurement-flavored but non-core. BLIND's rank 4 rested partly on an EtO-regulatory leg that A30-verified primaries show reversed (EPA proposal, A30:C09-DIS-02) — alignment analysis inherits the corrected, non-EtO-led demand picture (cargo NII + isotope legs verified: A30:C09-DIS-01/03).","EV30;EV31;A30:C09-DIS-01;A30:C09-DIS-02;A30:C09-DIS-03","No PhD-side dependency; venture gate is OEM design-in (no design-in by 2033 = kill per its own record)","Cargo/isotope procurement dated 2025-2026 (A30-verified); platform build 2027-2030","Scope drift high; no idea-specific publication conflict","medium-high (that the transfer is weak)","A paid acceptance-metrology engagement (droop/jitter qualification as the purchased deliverable) would create a thin adjacent link","Treat as PhD-independent; the interoperable-module thesis stands or falls on power-electronics execution, not on any PhD asset"
P3R2-C-22,"Electrolyzer stack degradation-emulation and bankability test systems (programmable ripple/intermittency benches)","old06+new06+blind (record: new06 FINAL/DEEP/D10.md read this run; old06 DD_P3R2_C_22.md exists, not read this run; A30 ranks BLIND 15 / OLD 2 / NEW 13)","speculative transfer (the differentiator is stress-synthesis power electronics plus electrochemical degradation attribution — both outside PhD evidence; precision electrical measurement and protocol discipline are supporting, non-core slivers)","speculative transfer (no return channel to the magnetics thesis)","The venture's wedge per its own record is 'stress synthesis plus attribution': arbitrary-ripple power electronics (EV30 boundary — topology/control differentiates) plus impedance-spectroscopy/voltage-decay electrochemistry — a domain discipline with no PhD evidence. The bankability/method-authority theme parallels C-05 but the load-bearing skill here is electrochemical mechanism attribution, not traceable-uncertainty metrology, so the WP-C methodology bridge is weaker; measurement infrastructure inside the bench is supporting per EV30. Hydrogen-hub cost-share and CN tender facts are corpus-dated.","C06;EV30;EV31","No PhD-side dependency; venture gates are hydrogen FIDs surviving and Greenlight not adding stress synthesis (its own key_kill; incumbent-gap re-verified 2026-07 per the record itself — corpus-internal, not independently reopened)","Bench sales cycle 2027-2029; corpus-dated hydrogen-market facts refresh-sensitive","Scope drift high; no idea-specific publication conflict","medium","If paid engagements price the uncertainty-budgeted measurement/acceptance layer (not stress synthesis), forward upgrades toward adjacent; hydrogen FID collapse kills the venture independent of alignment","Treat as PhD-independent despite old06's rank 2; OLD's high rank reflected venture quality, not founder-mechanism fit — the axes must not be conflated in B40"
P3R2-C-08,"Thermal-shock-tolerant printed-circuit heat exchangers (PCHE) — merchant diffusion-bonded recuperators for sCO2/heat pumps/H2 precooling","old06+new06+blind (records: old06 30_SCREENING/EVIDENCE/P3R2-C-08.md read this run; new06 SELECTION.json rank-14 entry; A30 ranks BLIND 8 / OLD 11 / NEW 14)","speculative transfer (no mechanism: diffusion-bonded manufacturing, thermal-transient qualification, and ASME code work share no instrument, method, dataset, or buyer with Hall metrology)","speculative transfer (no return channel identified)","Mechanism absence: the venture is metallurgy/manufacturing plus thermal-hydraulic qualification of heat-exchanger cores — no measurement-electronics, magnetics, or estimator content anywhere in its record; the closest hook (transient-qualification test protocols) is thermal-mechanical test engineering, a different discipline from electrical metrology. One-line adjacency honestly stated: none beyond generic engineering literacy. NRC Part 53 / STEP / Chaotan One demand facts are corpus-dated (record's own fetches, 2026-07).","EV30 (by analogy: domain-specific engineering differentiates);EV31","No PhD-side dependency; venture gate is a >=10MW-class merchant order by 2033 (its own kill)","Corpus-dated 2026 regulatory/pilot triggers; capital-heavy build 2027-2030","Scope drift total; $600k first experiment misfits PhD-parallel work; no publication conflict","high (that the transfer is weak)","A named buyer demanding third-party instrumented transient-qualification metrology (data acquisition as the purchased value) would create a thin adjacent sliver","Retire from alignment consideration in B40's synergy axis; assess purely as a standalone venture if at all"
P3R2-E-04,"High-density cryogenic interconnect loader with co-packaged 4K readout front-end (superconducting flex + cryo-CMOS mux + cryo-LNA)","old06+new06+blind (records: old06 30_SCREENING/EVIDENCE/P3R2-E-04.md read this run; new06 SELECTION.json rank-16 entry; A30 ranks BLIND 21 / OLD 13 / NEW 16)","adjacent leverage (demonstrated readout-chain design and multi-channel packaging discipline map onto the venture's system-integration layer — non-core; the core cryo-CMOS/superconducting-flex differentiators are not PhD-evidenced)","speculative transfer (cryo-electronics practice; quantum-lab collaborators are irrelevant to the HSX thesis)","Functionally the nearest venture to the PhD's readout work: the product IS a multi-channel readout front-end (mux + LNA + harness) for a harsh environment, and the PhD demonstrates readout-chain design (C03: AD8429 chain, spinning demodulation; C13: bench-verified boards/firmware) plus a proposed synchronized three-board multi-channel architecture (C14) and one-shot harsh-environment packaging (C46). But the environment axis inverts (4 K cryo vs 150C bake) and the core differentiators — cryo-CMOS IC design, superconducting flex, dilution-fridge heat budgets — are distinct specializations with zero PhD evidence, exactly the A-14 structure (EV31-class loose analogy on the environment-specific layer; EV13's lesson that drift/stability engineering is material-specific). Export-control finding from the record: BIS Sept-2024 quantum/cryo ECCNs (incl. 3A904) impose license burdens even for allies and deemed-export exposure for non-US-person researchers — directly relevant to an international-student founder-researcher (C42) if pursued during the PhD.","C03;C13;C14;C46;C42;EV13;EV31","No PhD-side gate; venture gates are Delft/Bluefors absorption and IBM-style chip-to-chip links obviating harness density (record's own risks)","DOE QIS program window 2028-2032 (corpus-dated); collides with PhD tail years","Deemed-export/licensing exposure for cryo-CMOS technology work by non-US persons (record-cited BIS rule) — an idea-specific friction for this founder; scope drift high","medium","If the venture's buyable unit proves to be the cryo-IC itself (not the integrated loader), forward downgrades to speculative; a joint program using the PhD's packaging line for cryo-qualification would upgrade toward strong","Carry at the medium/weak boundary; flag the deemed-export/international-student interaction explicitly to B40 — it is a conflict short of ADVERSE because the mechanism remains positive"
P3R2-C-04,"PFAS-free pumped two-phase direct-to-chip cooling loop (hermetic fluid-agnostic evaporator/condenser subsystem; consolidates P3R2-B-01 per A30 SEM-02)","old06+new06+blind, B-01 old06-only (records: old06 30_SCREENING/EVIDENCE/P3R2-C-04.md and P3R2-B-01.md headers read this run; new06 SELECTION.json rank-19 entry; A30 ranks C-04 BLIND 11 / OLD 16 / NEW 19; B-01 OLD 12, absorbed by BLIND and NEW into C-04)","speculative transfer (no mechanism: two-phase thermal-fluids engineering and fluid co-qualification share nothing with Hall metrology)","speculative transfer (no return channel)","Mechanism absence: hermetic evaporator/condenser design, low-GWP fluid qualification, and leak-safe loop engineering are thermal/fluids and materials-compatibility disciplines with no electrical-metrology, magnetics, or estimator content; the regulatory driver (AIM Act step-down, EU F-gas — corpus-dated record fetches) is orthogonal to any PhD asset. B-01 (sealed negative-pressure water variant, CN-primary) is the same loop thesis per new06's own merge note and both A10 and new06 collapsed it into C-04 — consolidated here with no separate mechanism.","EV30 (domain-engineering boundary);EV31","No PhD-side dependency; venture gate is a non-PFAS fluid reaching datacenter-scale qualification by 2031 (its own kill)","Fluid-qualification window 2027-2031 (corpus-dated regulation timeline)","Scope drift total; no publication conflict","high (that the transfer is weak)","A buyer paying specifically for instrumented two-phase metrology (flow/void-fraction measurement) would create a thin sliver; none appears in any record read","Retire from alignment consideration; note the SEM-02 consolidation explicitly in any downstream count reconciliation"
P3R2-F-02,"Superconducting-magnet electrical balance-of-plant platform (10 ppm-class drive-and-dump skids, current leads, busbars)","old06+blind (records: old06 30_SCREENING/EVIDENCE/P3R2-F-02.md header read this run; NEW P4 score-cut at 59.4; A30 ranks BLIND 16 / OLD 15 / NEW cut)","speculative transfer (precision high-current DC conversion and energy-dump engineering are power electronics outside PhD evidence; the 10 ppm current-metrology enabler and the magnet-community buyer overlap are real but non-core slivers)","speculative transfer (magnet-lab collaborator channel, weaker than D-01's; a trusted high-current reference bench could in principle serve coil-chain calibration needs — concrete but unplanned)","The venture's core is kA-class converter/dump engineering (EV30: topology/control differentiates); no PhD hardware evidence applies. Two honest slivers: (a) 10 ppm-class regulation requires precision DC current metrology (DCCT/zero-flux class — not Hall, EV28's contested ground), method-adjacent to the PhD's precision-measurement discipline (C03 demonstrated; C06 proposed); (b) the buyer class (CFS/Realta/WHAM merchant-magnet world, verified current via S-B20-02) is the same community as D-02/D-01 — buyer adjacency, not mechanism. Reverse sliver: FT-05/BT-3 (coil-referenced gain recovery) needs a trusted current/field excursion chain — a precision-current vendor owns exactly such references, but nothing plans this linkage.","C03;C06;EV28;EV30;S-B20-02;BT-3","No PhD-side gate; venture faces OCEM/Danfysik-class incumbents (its own binding map) and CFS bundling risk","Merchant-magnet procurement mid-2030s per the record (corpus-dated); nearer-term lab skids 2027-2029","Scope drift high; no publication conflict","medium","A magnet-lab purchase order that names calibrated measurement uncertainty (not converter capacity) as the differentiator would upgrade forward to adjacent leverage","Keep visible to B40 as buyer-class-adjacent to the D-02/D-01 cluster despite WEAK mechanism; do not let the shared buyer create a false synergy claim"
P3R2-F-12,"Classification-certified DC power and protection stacks for battery-electric/battery-swap vessels (CCS Rules-native; CN-primary)","old06-only final (record: old06 30_SCREENING/EVIDENCE/P3R2-F-12.md header read this run; NEW P4 score-cut at 56.0; BLIND not selected (ACCESS); A30 ranks OLD 17 only)","speculative transfer (no mechanism: marine DC protection, CCS classification certification, and containerized-pack interfaces share nothing with Hall metrology)","speculative transfer (no return channel)","Mechanism absence: CCS rules-native protection engineering is the C-01/E-14 discipline family (EV30/EV31 loose analogy) transposed to a CN-regulated marine market; no instrument, dataset, calibration asset, or buyer overlaps the PhD. CN-primary market structure adds access friction for a US-based founder (both baselines' own records; BLIND excluded it on ACCESS grounds).","EV30;EV31","None PhD-side","CCS 2025 rules in force (corpus-dated); CN shipbuilding procurement cycle","CN-primary access friction for a US-domiciled international student; scope drift total","high (that the transfer is weak)","A US-flag or classification-society-neutral variant with a paid metrology/acceptance role would create a thin sliver; none exists in the record","Retire from alignment consideration"
P3R2-G-01,"Closed-loop UHV chamber conditioning and acceptance-certification systems for China's big-science vacuum supply chain (CN-only)","old06-only final (record: old06 30_SCREENING/EVIDENCE/P3R2-G-01.md header read this run; NEW P4 G1 kill — CEPC excluded from 15th FYP per A30; BLIND not selected (ACCESS+PROGRAM); A30 ranks OLD 18 only)","speculative transfer (UHV practice is a real but component-level PhD asset; chamber-scale conditioning/acceptance and CN big-science procurement are outside all PhD evidence)","speculative transfer (no return channel; CN-facility collaboration is implausible for this founder profile)","The PhD demonstrates component-level UHV discipline (C46: UHV packaging, vacuum bake, in-vessel deployment) — genuine vocabulary-plus-practice overlap with vacuum engineering, but the venture's core is chamber-scale bakeout/conditioning process control and CN-tender acceptance certification, neither PhD-evidenced; and the anchor demand trigger (CEPC) was A30-recorded as negated by new06's refresh (G1 kill). CN-only market plus a US DOE-funded researcher profile makes the access structure adverse-leaning but generic, not an idea-specific interference mechanism.","C46;EV30 (domain boundary)","None PhD-side; venture anchor trigger negated per new06 refresh (A30 rank-delta note)","CN facility construction windows (BEST 2025-2030, corpus-dated); CEPC negated","CN-only access friction; potential US-person/technology-transfer sensitivities around CN big-science (generic, not idea-specific); scope drift high","high (that the transfer is weak)","A US-facility variant (EIC/PIP-II acceptance metrology) would re-open a thin adjacent lane — that variant is A-05-adjacent, not this record","Retire from alignment consideration; both baselines and the blind run independently declined it"
P3R2-G-03,"DC-conversion acceptance and commissioning instrumentation (portable measurement island + standardized protocols + signed dossiers)","old06+new06 (record: new06 SELECTION.json rank-15 entry read this run — the canonical audited record; old06 EVIDENCE file exists, not read; BLIND not selected (CONTINGENT near-miss); A30 ranks OLD 20 / NEW 15)","speculative transfer (bench electrical metrology discipline is real but the field-acceptance domain at power-system scale, safety-rated field work, and protocol authority are unevidenced; boundary case toward adjacent)","speculative transfer (no return channel to the thesis)","The venture is 'the measurement layer of the DC transition' — swept-impedance stability analysis, insulation/ground-fault characterization, transient capture, signed acceptance dossiers. Method-family adjacency to the PhD is real (bench instrumentation C03 demonstrated; uncertainty/documentation discipline C06 proposed — the same WP-C methodology family as C-05), but the deployment context is field commissioning of kV/kA power rooms, a safety-rated electrical-trades domain with no PhD evidence, and the record read is selection-entry depth only, thinner than C-05's deep dive. Classified WEAK at the weak/medium boundary rather than MEDIUM for exactly these two reasons — disclosed rather than smoothed.","C03;C06;EV30","No PhD-side gate; venture gates are operator acceptance of vendor self-certification and instrument majors shipping DC suites first (its own key_kill; Chroma/Keysight/Hioki gap is the record's own 2026-07 verification, corpus-internal)","DC conversion wave 2026-2030 (corpus-dated)","Scope drift high; field-electrical safety certification burden; no publication conflict","medium","Reading the full old06 evidence record or a paid engagement pricing traceable-uncertainty dossiers as the product would resolve the boundary — upgrade to MEDIUM if the metrology-authority layer dominates","Revisit in B40 alongside C-05: same method-authority family, one tier weaker on both record depth and domain fit"
P3R2-D-12,"Electrohydrodynamically-pumped two-phase cold plates (field-driven per-chip flow control)","old06-only final (record: old06 30_SCREENING/EVIDENCE/P3R2-D-12.md header read this run; NEW near-miss (repair-bound, EHD research-only); BLIND not selected (PHYSICS-OPT); A30 ranks OLD 21 only)","speculative transfer (no mechanism: EHD pumping physics and two-phase thermal management share nothing with Hall metrology)","speculative transfer (no return channel)","Mechanism absence: electrohydrodynamic flow control is applied electrostatics/fluids; the venture's own screening verdict records the EHD demand bridge as nonexistent and the fluid triple-intersection unsolved. No electrical-metrology, magnetics, or estimator content. High-voltage drive electronics inside the product is the only electrical element — EV30/EV31 loose analogy.","EV30;EV31","None PhD-side; venture blocked on its own fluid-intersection and demand-bridge gates","Corpus-dated; research-maturity per new06 refresh","Scope drift total","high (that the transfer is weak)","A funded EHD co-development with instrumented flow metrology as the purchased deliverable would create a thin sliver; none exists","Retire from alignment consideration"
P3R2-F-23,"PEM electrolyzer protective operating-envelope controllers with warranty-grade black-box logging","old06+new06 (records: new06 SELECTION.json rank-23 entry read this run; old06 EVIDENCE file exists, not read; BLIND not selected (CONTINGENT); A30 ranks OLD 22 / NEW 23)","speculative transfer (embedded plant control plus electrochemical degradation economics — outside PhD evidence; the notarized-evidence/logging layer is data engineering, not metrology)","speculative transfer (no return channel)","Mechanism absence with one nuance: the product shapes electrical stress (current/OCV envelopes) and produces bankable degradation evidence — the same electrochemistry-plus-power domain as C-22 (EV30 boundary), with the evidence layer being logging/attestation rather than traceable measurement; no PhD asset maps onto either. Hydrogen-market facts corpus-dated.","EV30;EV31","None PhD-side; venture gate is the 2000h A/B showing measurable degradation-rate reduction (its own kill)","Corpus-dated hydrogen window; retrofit audits 2027-2029","Scope drift total","high (that the transfer is weak)","Same as C-22: a paid uncertainty-budgeted acceptance-measurement role would create a sliver","Retire from alignment consideration"
P3R2-F-06,"Precision wideband DC current/voltage sensing platform (optical + zero-flux hybrid) for HVDC stations, electrolyzer plants, and magnet systems","old06-only final (record: old06 30_SCREENING/EVIDENCE/P3R2-F-06.md header read this run; NEW P4 score-cut at 59.5; BLIND not selected; A30 ranks OLD 23 only; US-only per elegance downgrade)","adjacent leverage (proposed WP-C traceable-calibration/uncertainty methodology maps onto the venture's core differentiator — precision + qualification of DC sensing; demonstrated weak-signal bench discipline maps onto supporting elements; the chosen modalities — FOCS and zero-flux DCCT — are not Hall and not PhD-evidenced hardware)","speculative transfer (a precision-current vendor's calibrated reference chains are mechanistically what the PhD's coil-referenced tests (FT-05/BT-3) require — a concrete, unplanned reverse channel; otherwise no thesis return)","The only universe idea whose entire product IS precision magnetic/current metrology — the PhD's own discipline class. B15 maps the exact problem family: DC-capable current sensing is contested ground (EV28: TMR/GMR incumbency; P0050's Hall drift/bandwidth critique), FOCS already owns the radiation total-current niche (EV20; consistent with B10 C27's veto of Hall there), and the cross-domain fused-channel convergence (EV34) is the venture's architecture. Forward transfer is methodology (traceable calibration, uncertainty budgets, drift characterization — C06 proposed, C03 demonstrated at bench scale), not hardware: the venture's optical/zero-flux stack shares no component with the GaN Hall program. Both baselines rate the venture weak commercially (old rank 23; new cut) — alignment and viability diverge here in the opposite direction from C-22.","C03;C06;C27;EV20;EV28;EV34;P0050;BT-3","No PhD-side gate; venture faces mature metrology incumbents (Hitachi/ABB zero-flux lineage per its record) and was demand-downgraded to US-only","HVDC construction window 2029-2032 (corpus-dated)","Scope drift moderate (nearest-discipline venture); no publication conflict — precision-metrology work is publishable","medium","If the venture's value concentrates in optical-fiber sensor physics (not calibration/qualification authority), forward downgrades to speculative; a Hall-vs-TMR-vs-FOCS benchmark (BT-6 class) decisively unfavorable to magnetics-adjacent methods would cut the bridge","Carry at the medium/weak boundary as the discipline-nearest low-viability case; B40 must weigh weak venture evidence against strongest-in-class discipline fit honestly"
P3R2-F-03,"High-speed PM turbo-generator + power-converter electrical cartridge (0.3-20 MW) for waste-heat sCO2/geothermal/ORC","old06-only final (record: old06 30_SCREENING/EVIDENCE/P3R2-F-03.md header read this run; NEW P4 score-cut at 58.3; BLIND not selected (INCUMBENT); A30 ranks OLD 24 only)","speculative transfer (no mechanism: rotating-machine design and MW-class power conversion share nothing with Hall metrology)","speculative transfer (no return channel)","Mechanism absence: PM machine electromagnetics is 'magnetic' vocabulary at most — machine design (torque, cooling, rotordynamics) is a distinct discipline from field metrology (EV30/EV31 boundary); Calnetix-class incumbency per its own record. No slivers worth naming.","EV30;EV31","None PhD-side","Corpus-dated","Scope drift total","high (that the transfer is weak)","None realistic identified — a machine-instrumentation role would be generic engineering services","Retire from alignment consideration"
P5-USSCI2-S01,"Diamond transmission-dynode cartridge for hybrid MCP-PMTs (EIC/fast-photon programs)","old06-only final — P5 supplemental, never in BLIND/NEW universes (record: old06 40_DEEP_DIVES/DD_P5_USSCI2_S01.md read this run; A30 ranks OLD 6 only)","speculative transfer (UHV/bake/acceptance-dossier discipline and big-physics community adjacency are real but peripheral; the core — CVD diamond processing, NEA surface chemistry, electron-emission physics — has zero PhD evidence)","speculative transfer (BNL detector-group collaborators; off-thesis instrument-physics publications at best)","The venture is thin-film materials processing and vacuum-electronics qualification: membrane thinning, surface termination, electron-yield metrology, 200C bake and helium-leak acceptance. The PhD's demonstrated UHV packaging/bake practice (C46) and serialized-acceptance mindset overlap the qualification periphery, not the diamond/surface-science core; timing-physics constraints (<=50 ps budgets) are a specialist detector discipline outside all PhD and B15 evidence streams (disclosed as corpus distance). Buyer world (DOE detector programs) is community-adjacent to fusion diagnostics but purchases none of the PhD's assets.","C46","No PhD-side dependency; venture dies 2029-12-31 without a paid qualification per its own record; upgrade-only timing thesis","EIC Detector II funding uncommitted (record's own); 2027-2028 experiment window","Scope drift total; no publication conflict","high (that the transfer is weak)","A detector-program engagement that specifically buys packaged-sensor qualification metrology from the founder would create a thin sliver","Retire from alignment consideration; the P5-supplemental provenance (old06-only, post-longlist) already limits its cross-run support"
P5R2-CN-01,"Retrofit X-ray computed-laminography kit for advanced-packaging failure analysis (CN-primary)","old06-only final — P5 supplemental, never in BLIND/NEW universes (record: old06 40_DEEP_DIVES/DD_P5R2_CN_01.md read this run; A30 ranks OLD 8 only; red-team 65% kill probability per the record)","speculative transfer (the load-bearing engineering — geometric calibration, sparse-view inverse reconstruction, uncertainty discipline — is method-class adjacent to the PhD's proposed estimator/reconstruction package and named fallback direction, but nothing is demonstrated in imaging and the domain/market are far)","speculative transfer (reconstruction-methods practice could feed the OPT3 fallback skillset; concrete but unplanned and off-thesis)","The venture's decisive problem is calibrated inverse reconstruction: projection-matrix estimation with residuals, repeated-registration error <2 um, artifact-honest sparse-view algorithms, blind validation — the same method family B15 documents as established and advancing (EV16: inverse reconstruction with quantified error scaling) and the same class as Opt2 Element 3's estimator/reconstruction package (C10, proposed) and the corpus's named fallback direction (C47: physics-informed reconstruction). The honesty rules the record itself imposes (learned priors can hallucinate; every defect must survive blind trials) mirror FT-02/BT-1 estimator-honesty discipline (C31/C48). All of this is methodology-class adjacency on proposed-only PhD assets, in a far domain (X-ray imaging) with a CN-primary market — hence speculative, not adjacent.","C10;C31;C47;C48;EV16;BT-1","No PhD-side gate; venture gates are two-cabinet-brand repeatability and incumbent retrofit absorption (ZEISS/Fraunhofer VOLEX/TRI per its record)","JCET Lingang ramp 2028+ (corpus-dated); CN failure-analysis demand cycle","CN-primary access friction; scope drift total","medium (that the transfer is speculative, not absent)","A US-lab variant purchasing calibrated-reconstruction methodology would upgrade toward adjacent; the 65% kill probability is the venture-side dominant fact","Retire from B40's synergy shortlist but record the reconstruction-methods bridge — it is the concrete evidence that Element-3/OPT3 skills have merchant value in far domains"
P5R2-CN-03,"Field-deployable industrial high-temperature heat-pump commissioning and M&V island (CN+US)","old06-only final — P5 supplemental, never in BLIND/NEW universes (record: old06 30_SCREENING/P5_SUPPLEMENTAL_CANDIDATES.json entry read this run; no deep dive exists; A30 ranks OLD 14 only)","speculative transfer (no mechanism: thermal M&V and heat-pump commissioning are commodity thermal/electrical metering, not the PhD's traceable-field-calibration niche)","negative interference (opportunity-cost only — no idea-specific conflict and no return channel; the thinnest record in the universe)","Mechanism absence: performance M&V of industrial heat pumps uses commodity flow/temperature/power metering — the same adjudication as C-07's M&V leg (commodity metrology is not the PhD's WP-C niche); diagnostic_test product role is thematically 'measurement' but nothing in the record requires precision-electrical or magnetic competence. Record depth is a screening JSON entry only — the weakest evidentiary basis in this universe, disclosed.","C06 (contrast);EV35 (contrast)","None","Corpus-dated CN industrial-electrification window","CN-leg access friction; scope drift total","medium (limited by record thinness)","A regulator mandating traceable third-party M&V with published uncertainty budgets would create the same thin sliver contemplated for C-07","Retire from alignment consideration; flag record thinness to B40"
P3R2-C-07,"Low-ripple active-front-end rectification retrofits for electrochemical plants (hydrogen electrolyzers / copper electrowinning)","killed/cut idea (record: old06 30_SCREENING/EVIDENCE/P3R2-C-07.md; OLD P4 G7 kill at 60.0; NEW gates-clean 61.6 but first-excluded below the survivor cut; BLIND rank 10; A30 DIS-C07 verified the kill facts on opened primaries)","speculative transfer (no concrete mechanism; kA-class plant rectifier engineering and energy-savings M&V are outside all PhD evidence)","negative interference (generic opportunity cost only — no idea-specific conflict mechanism and no identified return channel to the PhD)","kA-class AFE/IGBT rectifier retrofits and performance-contract M&V share no instrument, method, dataset, or buyer with Hall metrology; the 'power electronics' link is the same loose analogy B15 adjudicates (EV30/EV31), and plant-scale energy metering is commodity metrology, not the PhD's traceable-field-calibration niche. A30-verified opened primaries show the US hydrogen leg structurally impaired (45V construction-start deadline pulled to before 2028-01-01, PL 119-21) and the AFE category already merchant-served (Ingeteam INGECON H2 shipping since 2023, <3% harmonic distortion) — so time spent here buys neither durable startup position nor PhD progress. No credible reverse channel identified.","EV30;EV31;A30:C07-DIS-01;A30:C07-DIS-02","None","Window impaired now (2027 construction-start deadline verified); largely moot for a founder on a PhD-completion timeline","Opportunity cost only","high","A named US electrowinning tender explicitly demanding third-party measurement-grade M&V from a metrology-credentialed vendor would create a thin adjacent link (none found in any record read)","Retire from alignment consideration; both baselines reject it and A30 verified the kill facts on primary sources"
P3R2-C-12,"kW-class 20-80 K turbo-Brayton cryocoolers (gas-bearing modular cryogenic engines; US-only)","killed/cut idea (record: old06 30_SCREENING/EVIDENCE/P3R2-C-12.md header read this run; OLD P4 G1+G7 kill 44.4; NEW gates-clean 54.9 but cut; BLIND rank 22; A30 records the gate-flip-without-membership-change)","speculative transfer (no mechanism: turbomachinery, gas bearings, and cryogenic thermodynamics share nothing with Hall metrology)","speculative transfer (cryocooler access would serve HTS/quantum labs the PhD does not need; no thesis return)","Mechanism absence with one buyer-adjacency note: 20-80 K cryocoolers serve the HTS-magnet and quantum worlds (the D-01/D-02/E-04 buyer communities), but community co-location is not mechanism; the venture's differentiators (gas-bearing rotordynamics, thermodynamic cycle engineering) have zero PhD evidence and no B15 stream coverage (disclosed as corpus distance).","EV30 (domain boundary)","None PhD-side; venture gated by its own staged-capex/LOI discipline per the record","Corpus-dated","Scope drift total","high (that the transfer is weak)","None realistic identified","Retire from alignment consideration"
P3R2-A-02,"Modular MVDC (1-35 kV) hybrid solid-state circuit breaker","killed/cut idea (record: old06 30_SCREENING/EVIDENCE/P3R2-A-02.md read this run; OLD P4 survivor 55.2 + P5 KILL (82%); NEW survivor 64.8 but selection near-miss; BLIND rank 19)","speculative transfer (no mechanism: MV solid-state interruption is the C-01 discipline family at higher voltage; no PhD asset maps onto it)","speculative transfer (no return channel)","Mechanism absence: same adjudication as C-01's core minus even the telemetry sliver's proximity (grid/campus scale, not rack scale); EV30/EV31 loose analogy; the record's own red-team finding (DG Matrix/Amperesand already shipping SST-class hardware) plus the $1.5M first experiment misfit (new06's own near-miss note) dominate. Alignment adds nothing to what C-01's row already establishes for this family.","EV30;EV31","None PhD-side","Corpus-dated DC buildout wave","Scope drift total; capital misfit named by new06 itself","high (that the transfer is weak)","Same as C-01's falsifier, one tier weaker","Retire from alignment consideration"
P3R2-A-05,"US merchant NEG-coating and low-outgassing surface engineering line for UHV/XHV chambers","killed/cut idea revived by NEW (records: old06 30_SCREENING/EVIDENCE/P3R2-A-05.md read this run; new06 SELECTION.json rank-11 entry; OLD P4 survivor 63.2 + P5 KILL (82%); A30 ranks BLIND 17 / OLD killed / NEW 11)","speculative transfer (component-level UHV practice is demonstrated PhD experience but the venture's core — NEG thin-film sputter process engineering at chamber scale — is a distinct materials-process discipline with zero PhD evidence)","speculative transfer (accelerator-lab collaborator adjacency; conceivable outgassing/vacuum-qualification learning; nothing feeds the thesis)","The PhD demonstrably works in UHV (C46: UHV-compatible packaging, vacuum bake, in-vessel deployment at HSX) — real practice, component scale. The venture's differentiator is CERN-lineage NEG coating process transfer (sole global merchant incumbent SAES per the record) — sputter-deposition process engineering and big-chamber logistics, not sensor packaging; the overlap is working-culture familiarity with vacuum specs and big-physics buyers (EIC/PIP-II — the same DOE ecosystem the PhD's facility belongs to), a credibility asset short of mechanism. Big-physics procurement facts corpus-dated.","C46;EV30 (domain boundary)","None PhD-side; venture kill is SAES announcing US capacity (its own record)","EIC long-lead approved, PIP-II completes 2028 (corpus-dated)","Scope drift high; no publication conflict","medium-high (that the transfer is weak)","A paid role where sensor/instrument-grade vacuum qualification (outgassing metrology with uncertainty budgets) is the purchased deliverable would upgrade the sliver toward adjacent","Treat as PhD-independent with the honest note that this is the venture whose daily working environment most resembles the PhD's lab practice — familiarity, not leverage"
P3R2-D-09,"Charge-buildup-immune beam-current and dose metrology for FLASH and industrial electron beams ('the traceable ammeter the field admits it lacks')","killed/cut idea revived by NEW (records: old06 30_SCREENING/EVIDENCE/P3R2-D-09.md read this run; new06 SELECTION.json rank-17 entry; OLD P4 G1+G7 kill at 58.2; A30 ranks BLIND 23 / OLD killed / NEW 17)","adjacent leverage (proposed WP-C traceable-calibration methodology maps onto the core differentiator — a NIST-traceable reference instrument with cross-calibration against Faraday/calorimetric standards; demonstrated weak-signal-under-EMI bench discipline maps onto the sensing element; non-intercepting beam-current sensing is magnetic-sensing-family instrumentation)","speculative transfer (medical-physics/NMI collaborator base and dosimetry instrument papers — off-thesis but publishable; nothing feeds C04/C45/P1)","The sleeper alignment case: the product is a traceable precision current-metrology instrument for a harsh pulsed-EMI radiation environment. Mechanism chain: (a) the buyer's stated requirement is NIST traceability with tolerance budgets (NCI SBIR contract topic per the record — instance expired, disclosed) — exactly the GUM/traceable-budget methodology of WP-C (C06, proposed) that B15 shows is scarce (EV01/EV35/G3/M3); (b) non-intercepting beam-current monitoring is inductive/magnetic sensing whose documented failure mode at FLASH dose rates (charge buildup corrupting BCTs, two independent 2025 papers per the record) is a measurement-physics problem in the PhD's sensor family — the fix requires exactly cross-modality calibration-transfer discipline (EV12-class procedure/algorithm literature); (c) radiation environment sensor survivability parallels the PhD's deployment experience (C01/C46) though species/regime differ (M1 caveat: no GaN data transfers). Core caveat: dosimetry/medical-physics domain and accelerator beam physics are not PhD-evidenced; market is small and instrument-vendor-shaped (record's own words).","C01;C03;C06;C46;EV01;EV12;EV35;G3;M3","Opt2 Element-1 (WP-C) execution is the credential that makes the traceability claim demonstrable — same dependency structure as D-02's calibration leg (C04 gates C06)","FLASH clinical qualification 2028-2032 (corpus-dated); NCI vehicle recurrence unverified this run (record's own caveat)","Scope drift moderate; medical-device regulatory burden eventually; publication risk low — metrology papers are the product's marketing","medium","If the winning technical approach proves to be calorimetric/Faraday-cup engineering rather than magnetic non-intercepting sensing, the sensor-family leg of the mechanism drops and forward degrades toward the methodology-only C-05 pattern; PTW converting its research detector first kills the venture position","Elevate to the significant-coupling set for B25/B30 consideration — the strongest previously-unanalyzed forward mechanism in the universe after D-02; small-market honesty must accompany any B40 use"
P3R2-A-22,"Modular plasma destruction units for concentrated PFAS waste streams (DoD/water utilities)","killed/cut idea revived by NEW (record: new06 SELECTION.json rank-18 entry read this run — canonical audited record; old06 EVIDENCE exists, not read; OLD P4 survivor 61.0 + P5 KILL (90%); BLIND not selected (CONTINGENT, preferred C-14); A30 ranks NEW 18 only)","speculative transfer (no mechanism: 'plasma' is vocabulary — process plasma torch chemistry for waste destruction shares no instrument, method, or buyer with plasma-confinement magnetics)","speculative transfer (no return channel)","Mechanism absence stated plainly: destruction-plasma chemistry (energy per kg, destruction efficiency, effluent verification) is process engineering; the PhD's plasma exposure is as a diagnostics host environment, not plasma chemistry; A30's own NON-MATCH-C14 note documents that even the two 'plasma equipment' ideas (A-22 vs C-14) are different products — a fortiori neither maps onto Hall metrology. DoD AFFF deadline (2026-10) is corpus-dated.","EV31 (vocabulary-not-mechanism adjudication class)","None PhD-side; venture gate is the SCWO-vs-plasma modality race (its own key_kill)","AFFF statutory deadline 2026-10 (corpus-dated); demonstration window now","Scope drift total; DoD procurement compliance burden (unclassified environmental remediation — no D-10-class publication conflict identified)","high (that the transfer is weak)","Effluent-verification metrology sold as a traceable measurement service would be a different company","Retire from alignment consideration"
P3R2-D-19,"Distributed composite-flywheel kinetic buffers for off-grid AI power plants","killed/cut idea revived by NEW (record: new06 SELECTION.json rank-20 entry read this run; old06 EVIDENCE exists, not read; OLD P4 survivor 60.4 + P5 HOLD; BLIND not selected (CONTINGENT near-miss); A30 ranks NEW 20 only)","speculative transfer (no mechanism: composite rotor engineering and magnetic-bearing machine design are distinct disciplines; 'magnetic' is vocabulary)","speculative transfer (no return channel)","Mechanism absence: magnetic-bearing flywheels involve machine-level electromagnetics (levitation control, rotordynamics) — not field metrology; EV30/EV31 boundary. Bearing-gap sensing inside such machines is commodity position sensing, not the PhD's traceable-calibration niche. One-line honesty: no sliver worth naming.","EV30;EV31","None PhD-side","Corpus-dated off-grid AI plant procurement","Scope drift total","high (that the transfer is weak)","None realistic identified","Retire from alignment consideration"
P3R2-F-16,"Inline-metrology plasma surface-treatment machines for PCB/advanced-packaging substrates (CN-primary)","killed/cut idea revived by NEW (record: new06 SELECTION.json rank-21 entry read this run; old06 EVIDENCE exists, not read; OLD P4 G7 kill 57.4 + P5 near-miss re-kill; BLIND not selected (INCUMBENT); A30 ranks NEW 21 only)","speculative transfer (closed-loop treat-to-spec is process control with surface-energy/residue metrology — optical/chemical surface metrology, not electrical/magnetic measurement; 'plasma' and 'metrology' are both vocabulary here)","speculative transfer (no return channel)","Mechanism absence: the metrology in this venture measures surface energy and residues (wetting, spectroscopy) on substrates after atmospheric/vacuum plasma treatment — no shared instrument class, calibration asset, or buyer with Hall-sensor work; closed-loop process control is generic controls engineering. CN-primary market (US beachhead false per new06) adds access friction for this founder.","EV30 (domain boundary);EV31","None PhD-side; venture gate is a paid premium beta by 2028 (its own kill)","CN tender cadence 2026+ (corpus-dated)","CN-primary access friction; scope drift total","high (that the transfer is weak)","None realistic identified","Retire from alignment consideration"
P3R2-F-19,"In-service coolant-health monitoring and side-stream conditioning skids for liquid-cooled AI fleets","killed/cut idea revived by NEW — the corpus's largest score reversal, unverified per A30 (record: new06 SELECTION.json rank-22 entry read this run; old06 EVIDENCE exists, not read; OLD P4 G1+G4+G7 kill at 36.6; BLIND not selected (WEAK-EV); A30 ranks NEW 22 only; +28.0 swing not web-verified by A30)","speculative transfer (no mechanism: coolant chemistry, particulate/bio-fouling sensing, and fluid conditioning are analytical-chemistry and fluids disciplines)","speculative transfer (no return channel)","Mechanism absence: chemistry/particulate/wear-metal telemetry uses electrochemical, optical, and particle-counting sensor classes — none in the PhD's evidence base; 'monitoring skid' is thematic instrumentation vocabulary without a shared measurement physics. A30 flags this idea's old-to-new reversal as the largest unverified swing — alignment analysis is unaffected (mechanism absence holds under either commercial verdict) but B40 should treat its venture facts cautiously.","EV30 (domain boundary)","None PhD-side; venture facts carry A30's unverified-reversal flag","Fluid mid-life wave ~2030 (corpus-dated)","Scope drift total","high (that the transfer is weak)","None realistic identified","Retire from alignment consideration"
P3R2-D-16,"Merchant 100 kWe-class space closed-Brayton power conversion unit + high-voltage PMAD for fission surface power","killed/cut idea revived by NEW (record: new06 SELECTION.json rank-24 entry read this run; old06 EVIDENCE exists, not read; OLD P4 survivor 56.2 + P5 KILL (88%); BLIND not selected (PROGRAM); A30 ranks NEW 24 only)","speculative transfer (space power conversion and radiation-tolerant PMAD are power-electronics/turbomachinery disciplines; the radiation vocabulary does not transfer — methodology yes, data no)","speculative transfer (a space-radiation qualification program could in principle host GaN Hall coupons — the same thin unplanned channel as E-10/A-14; nothing plans it)","Mechanism absence at the core: closed-Brayton turbomachinery and high-voltage space PMAD have no PhD evidence; the radiation-environment overlap is methodological only (EV15: species-separated radiation methodology transfers, material data do not; M1: no GaN Hall irradiation data exists to leverage; C29's ~14x cross-species scaling failure warns against pretending otherwise). Program risk (April-2027 downselect, corpus-dated) dominates the venture side.","C29;EV15;EV31;M1","None PhD-side; venture held as a cheap option until downselect per its own record","NSTM-3 program window 2026-2034 (corpus-dated)","Scope drift total; government-program dependency","high (that the transfer is weak)","A funded qualification campaign explicitly including magnetic-sensor coupons would create the E-10-class thin reverse channel","Retire from alignment consideration"
P3R2-E-10,"Standardized rad-tolerant GaN PPU platform for smallsat electric propulsion (BLIND-only; documented duplicate of longlist canonical A-13, itself killed by both baselines)","blind-only (record: old06 20_OPPORTUNITY_POOL/P3R2_E_jptwkr_side.md E-10 entry read this run; A30 SEM-03: duplicate_of P3R2-A-13 — OLD P4 survivor rank 25 then P5 KILL, NEW P4 cut at 59.5; BLIND rank 12)","speculative transfer (the designated GaN+radiation vocabulary trap: GaN power switching under space radiation is power-device single-event engineering, not Hall-sensor physics; the radiation-methodology sliver is real but thin)","speculative transfer (an irradiation-campaign-running venture could piggyback GaN Hall-plate coupons — the concrete but unplanned M1-closing channel; otherwise nothing)","Tested and rejected chain: 'PhD is GaN + cares about radiation; PPU is GaN + radiation-tolerant; therefore synergy.' The PPU's radiation problem is SET/SEB mitigation in power topologies (its record cites SET-mitigated topologies and ECSS/AIAA qualification) — device-level power reliability engineering (EV31 loose analogy); the PhD's radiation question is Hall-plate sensitivity drift, for which no GaN dataset exists anywhere (C29/EV09/M1) and wrong-species extrapolation fails ~14x (C29). Shared vocabulary, disjoint failure physics, disjoint buyers. The one genuine channel is reverse: a PPU qualification campaign buys irradiation access that could host Hall coupons (BT-5/FT-11 class, collaborator-led per C09) — unplanned by anyone. Both baselines independently killed the canonical (A-13), so the venture evidence is also weak.","C09;C20;C29;EV09;EV15;EV31;M1;BT-5","None PhD-side; canonical A-13 killed by both baselines (A30 SEM-03)","Corpus-dated smallsat EP market window","Scope drift high; space-qualification burden","high (that the transfer is weak)","A scheduled irradiation campaign that includes AlGaN/GaN Hall-plate coupons would convert the reverse channel from speculative to adjacent and close B15 gap M1 as a side effect","Retire from alignment consideration; preserve the BT-5 piggyback note for B25's experiment planning"
P3R2-C-14,"Modular MW-class industrial plasma power supplies (torch-agnostic 250 kW blocks; BLIND-only)","blind-only (record: old06 20_OPPORTUNITY_POOL/P3R2_C_dual_us_cn.md C-14 entry read this run; elegance REJECT with duplicate_of null — A30 NON-MATCH-C14 keeps it distinct from A-22; BLIND rank 13; never on the frozen longlist)","speculative transfer (no mechanism: MW-class arc/RF supply engineering with millisecond restrike control is power conversion — EV30/EV31; 'plasma' is the host application, not a shared method)","speculative transfer (no return channel)","Mechanism absence: torch power supplies are the C-09/C-01 power-platform family applied to plasma torches; arc-restrike control is fast power control, not measurement; no calibration asset, dataset, or buyer overlaps the PhD. Kept as its own row (not merged with A-22) per A30's documented NON-MATCH — different products in the same demand space.","EV30;EV31","None PhD-side; pool-record-only evidence depth (pre-longlist reject), disclosed","Corpus-dated DoD/remediation demand","Scope drift total","high (that the transfer is weak)","None realistic identified","Retire from alignment consideration"
P3R2-C-15,"Megawatt charge/swap DC power infrastructure for mines and ports (BLIND-only; documented duplicate of longlist canonical A-21, itself killed by both baselines)","blind-only (record: old06 20_OPPORTUNITY_POOL/P3R2_C_dual_us_cn.md C-15 entry read this run; A30 SEM-04: duplicate_of P3R2-A-21 — OLD P4 survivor rank 29 then P5 KILL, NEW P4 cut at 58.7; BLIND rank 18)","speculative transfer (no mechanism: MW charging cabinets, station DC backbones, and protocol integration are power infrastructure — EV30/EV31)","speculative transfer (no return channel)","Mechanism absence: heavy-fleet charging infrastructure shares nothing with Hall metrology beyond the word 'DC'; pulsed-load grid buffering is power-systems engineering. Both baselines independently killed the canonical (A-21, A30 SEM-04); pool-record-only depth disclosed.","EV30;EV31","None PhD-side","Corpus-dated port/mine electrification grants","Scope drift total","high (that the transfer is weak)","None realistic identified","Retire from alignment consideration"
