source_id,citation,title,authors,year,venue,doi,url,source_type,peer_review_status,quality_tier,topic_tags,claims_supported,verification_basis,access_level,notes
A0001,"O. Ambacher et al., ""Two-dimensional electron gases induced by spontaneous and piezoelectric polarization charges in N- and Ga-face AlGaN/GaN heterostructures,"" J. Appl. Phys., vol. 85, no. 6, pp. 3222-3233, 1999, doi: 10.1063/1.369664.",Two-dimensional electron gases induced by spontaneous and piezoelectric polarization charges in N- and Ga-face AlGaN/GaN heterostructures,"O. Ambacher, J. Smart, J. R. Shealy, N. G. Weimann, K. Chu, M. Murphy, W. J. Schaff, L. F. Eastman, R. Dimitrov, L. Wittmer, M. Stutzmann, W. Rieger, J. Hilsenbeck",1999,Journal of Applied Physics,10.1063/1.369664,https://doi.org/10.1063/1.369664,journal_article,verified_peer_reviewed,A,AlGaN/GaN;2DEG;polarization charge;carrier density;III-V heterostructure,Foundational 2DEG-formation physics cited by the manuscript itself (ref9); establishes the polarization-charge/carrier-density basis underlying all AlGaN/GaN Hall sensitivity claims.,Independently re-verified via Crossref works/<doi> record (title/authors/journal/vol/issue/pages/year match); manuscript-cited reference.,abstract_metadata,Manuscript ref9. Re-verified independently in this stage (not merely copied from the manuscript bibliography).
A0002,"U. K. Mishra, P. Parikh, and Y.-F. Wu, ""AlGaN/GaN HEMTs-an overview of device operation and applications,"" Proc. IEEE, vol. 90, no. 6, pp. 1022-1031, 2002, doi: 10.1109/JPROC.2002.1021567.",AlGaN/GaN HEMTs-an overview of device operation and applications,"U. K. Mishra, P. Parikh, Yi-Feng Wu",2002,Proceedings of the IEEE,10.1109/jproc.2002.1021567,https://doi.org/10.1109/jproc.2002.1021567,journal_article,verified_peer_reviewed,A,AlGaN/GaN;HEMT;device physics;III-V semiconductor,Baseline AlGaN/GaN HEMT device-physics reference cited by the manuscript (ref7); establishes the heterostructure/device context the Hall sensor is built on.,Independently re-verified via Crossref works/<doi> record.,abstract_metadata,Manuscript ref7.
A0003,"H. Lu, P. Sandvik, A. Vertiatchikh, J. Tucker, and A. Elasser, ""High temperature Hall effect sensors based on AlGaN/GaN heterojunctions,"" J. Appl. Phys., vol. 99, no. 11, art. 114510, 2006, doi: 10.1063/1.2201339.",High temperature Hall effect sensors based on AlGaN/GaN heterojunctions,"Hai Lu, Peter Sandvik, Alexei Vertiatchikh, Jesse Tucker, Ahmed Elasser",2006,Journal of Applied Physics,10.1063/1.2201339,https://doi.org/10.1063/1.2201339,journal_article,verified_peer_reviewed,A,AlGaN/GaN;2DEG;Hall sensor;high temperature;novelty comparison;performance table,"One of the earliest reported AlGaN/GaN 2DEG Hall sensors; directly substantiates Reviewer 2's claim (C010) that GaN 2DEG Hall devices were reported previously, and is a first comparison-table entry answering the AE's C011 request.",Independently re-verified via Crossref works/<doi> record; also independently confirmed by two of the five lane-search subagents.,abstract_metadata,Manuscript ref12. Directly supports C009/C010 (novelty dispute) and C011 (AE comparison-table request).
A0004,"S. Koide, H. Takahashi, A. Abderrahmane, I. Shibasaki, and A. Sandhu, ""High Temperature Hall sensors using AlGaN/GaN HEMT Structures,"" J. Phys.: Conf. Ser., vol. 352, art. 012009, 2012, doi: 10.1088/1742-6596/352/1/012009.",High Temperature Hall sensors using AlGaN/GaN HEMT Structures,"S. Koide, H. Takahashi, A. Abderrahmane, I. Shibasaki, A. Sandhu",2012,Journal of Physics: Conference Series,10.1088/1742-6596/352/1/012009,https://doi.org/10.1088/1742-6596/352/1/012009,peer_reviewed_conference_paper,verified_peer_reviewed,B,AlGaN/GaN;HEMT;Hall sensor;high temperature;novelty comparison;performance table,Prior AlGaN/GaN HEMT Hall-sensor sensitivity-vs-temperature data (RT-400 degC); supports C009/C010 novelty dispute and C011 comparison-table request.,Independently re-verified via Crossref works/<doi> record (IOP peer-reviewed conference-series proceedings).,metadata_only,"Harvested from ../04_Magnetic_Sensor_Review_Sensors2026/outputs/references.bib (GaNHEMThall2012jpcs), re-verified independently this stage. Also independently rediscovered by two lane-search subagents."
A0005,"H. S. Alpert et al., ""Effect of Geometry on Sensitivity and Offset of AlGaN/GaN and InAlN/GaN Hall-Effect Sensors,"" IEEE Sensors J., vol. 19, no. 10, pp. 3640-3646, 2019, doi: 10.1109/JSEN.2019.2895546.",Effect of Geometry on Sensitivity and Offset of AlGaN/GaN and InAlN/GaN Hall-Effect Sensors,"Hannah S. Alpert, Karen M. Dowling, Caitlin A. Chapin, Ananth Saran Yalamarthy, Savannah R. Benbrook, Helmut Koeck, Udo Ausserlechner, Debbie G. Senesky",2019,IEEE Sensors Journal,10.1109/jsen.2019.2895546,https://doi.org/10.1109/jsen.2019.2895546,journal_article,verified_peer_reviewed,A,AlGaN/GaN;InAlN/GaN;Hall geometry;sensitivity;offset;repeatability;novelty comparison,"Manuscript ref10; directly supports C016 (octagonal 200um Hall-plate geometry basis) and, by comparing offset/sensitivity across fabricated devices, speaks to the reviewer's repeatability request C008.",Independently re-verified via Crossref works/<doi> record; same paper independently confirmed by three lane-search subagents.,abstract_metadata,Manuscript ref10; Senesky-group (Tim's own PI) prior work on the identical material system.
A0006,"H. S. Alpert, C. A. Chapin, K. M. Dowling, S. R. Benbrook, H. Koeck, U. Ausserlechner, and D. G. Senesky, ""Sensitivity of 2DEG-based Hall-effect sensors at high temperatures,"" Rev. Sci. Instrum., vol. 91, no. 2, art. 025003, 2020, doi: 10.1063/1.5139911.",Sensitivity of 2DEG-based Hall-effect sensors at high temperatures,"Hannah S. Alpert, Caitlin A. Chapin, Karen M. Dowling, Savannah R. Benbrook, Helmut Koeck, Udo Ausserlechner, Debbie G. Senesky",2020,Review of Scientific Instruments,10.1063/1.5139911,https://doi.org/10.1063/1.5139911,journal_article,verified_peer_reviewed,A,AlGaN/GaN;InAlN/GaN;2DEG;Hall sensor;high temperature;temperature coefficient;novelty comparison,"Manuscript ref11; the manuscript's Introduction cites this paper directly for the 576 degC thermal-stability claim, i.e. this source IS the evidentiary basis for claim C013.",Independently re-verified via Crossref works/<doi> record; same paper independently confirmed by three lane-search subagents.,abstract_metadata,"Manuscript ref11; Senesky-group prior work; published in Rev. Sci. Instrum., the same venue targeted by project 03 (RSI 2026-27)."
A0007,"M. Yuan et al., ""Enhancement-Mode GaN Transistor Technology for Harsh Environment Operation,"" IEEE Electron Device Lett., vol. 44, no. 7, pp. 1068-1071, 2023, doi: 10.1109/LED.2023.3279813.",Enhancement-Mode GaN Transistor Technology for Harsh Environment Operation,"Mengyang Yuan, John Niroula, Qingyun Xie, Nitul S. Rajput, Kai Fu, Shisong Luo, Sagar Kumar Das, Abdullah Jubair Bin Iqbal, Bejoy Sikder, Mohamed Fadil Isamotu, Minsik Oh, Savannah R. Eisner, Debbie G. Senesky, Gary W. Hunter, Nadim Chowdhury, Yuji Zhao, Tomas Palacios",2023,IEEE Electron Device Letters,10.1109/led.2023.3279813,https://doi.org/10.1109/led.2023.3279813,journal_article,verified_peer_reviewed,A,GaN transistor;harsh environment;high temperature;device reliability,Manuscript ref8; co-authored by Senesky (Tim's PI); establishes GaN device harsh-environment operation baseline supporting the extreme-environment coverage bullet.,Independently re-verified via Crossref works/<doi> record.,abstract_metadata,Manuscript ref8; Senesky-group co-authorship overlap.
A0008,"H. Zhang, H. Huang, K. Ma, N. Ding, J. Dai, Z. Sun, N. Sun, and K. Qin, ""AlGaN/GaN magnetic sensors featuring heterojunction 2DEG channel,"" Meas. Sci. Technol., vol. 32, no. 12, art. 125111, 2021, doi: 10.1088/1361-6501/ac12fe.",AlGaN/GaN magnetic sensors featuring heterojunction 2DEG channel,"Hui Zhang, Huolin Huang, Kaiming Ma, Nannan Ding, Jianxun Dai, Zhonghao Sun, Nan Sun, Kairong Qin",2021,Measurement Science and Technology,10.1088/1361-6501/ac12fe,https://doi.org/10.1088/1361-6501/ac12fe,journal_article,verified_peer_reviewed,B,AlGaN/GaN;2DEG;Hall effect;magnetic sensor;novelty comparison,Device-level AlGaN/GaN heterojunction Hall/magnetic sensor exploiting 2DEG channel properties; additional prior-art comparator for C009/C010 novelty dispute.,Verified via Crossref bibliographic-query match (title/authors/journal/year confirmed) by lane-search subagent; spot-checked.,abstract_metadata,
A0009,"S. Kumar, R. Muralidharan, and G. Narayanan, ""Hall-effect sensors based on AlGaN/GaN heterojunctions on Si substrates for a wide temperature range,"" IET Circuits Devices Syst., vol. 15, no. 4, pp. 366-374, 2021, doi: 10.1049/cds2.12067.",Hall-effect sensors based on AlGaN/GaN heterojunctions on Si substrates for a wide temperature range,"Sagnik Kumar, R. Muralidharan, G. Narayanan",2021,"IET Circuits, Devices & Systems",10.1049/cds2.12067,https://doi.org/10.1049/cds2.12067,journal_article,verified_peer_reviewed,B,AlGaN/GaN;Hall sensor;Si substrate;wide temperature range;novelty comparison;performance table,AlGaN/GaN-on-Si Hall sensor stable across a wide temperature range; comparator for GaN-on-Si integration and for the AE-requested comparison table (C011).,Verified via Crossref works/<doi> record confirmed by lane-search subagent.,abstract_metadata,
A0010,"T. P. White, S. Shetty, M. E. Ware, H. A. Mantooth, and G. J. Salamo, ""AlGaN/GaN Micro-Hall Effect Devices for Simultaneous Current and Temperature Measurements From Line Currents,"" IEEE Sensors J., vol. 18, no. 8, pp. 3169-3175, 2018, doi: 10.1109/JSEN.2018.2794264.",AlGaN/GaN Micro-Hall Effect Devices for Simultaneous Current and Temperature Measurements From Line Currents,"Thomas P. White, Satish Shetty, Morgan E. Ware, H. Alan Mantooth, Gregory J. Salamo",2018,IEEE Sensors Journal,10.1109/jsen.2018.2794264,https://doi.org/10.1109/jsen.2018.2794264,journal_article,verified_peer_reviewed,B,AlGaN/GaN;2DEG;micro-Hall;carrier mobility;novelty comparison,MBE-grown AlGaN/GaN micro-Hall device with reported 2DEG mobility/sensitivity; additional device-physics comparator and prior-art point for novelty discussion.,Verified via Crossref works/<doi> record confirmed by lane-search subagent.,abstract_metadata,
A0011,"V. Marsic, S. Faramehr, I. Maini, D. A. J. Moran, and P. Igic, ""Study of GaN Hall Effect Magnetic Sensors,"" IEEE Access, vol. 13, pp. 27441-27450, 2025, doi: 10.1109/ACCESS.2025.3539435.",Study of GaN Hall Effect Magnetic Sensors,"Vlad Marsic, Soroush Faramehr, Isha Maini, David A. J. Moran, Petar Igic",2025,IEEE Access,10.1109/access.2025.3539435,https://doi.org/10.1109/access.2025.3539435,journal_article,verified_peer_reviewed,B,GaN;Hall effect;magnetic sensor;device characterization;novelty comparison,Very recent (2025) GaN Hall magnetic sensor device study establishing current state of the art; important recency anchor for the novelty/comparison-table argument (C009-C011).,Verified via Crossref works/<doi> record confirmed by lane-search subagent.,abstract_metadata,
A0012,"K. Togawa, H. Sanbonsugi, A. Lapicki, M. Abe, H. Handa, and A. Sandhu, ""High-sensitivity InSb thin-film micro-Hall sensor arrays for simultaneous multiple detection of magnetic beads for biomedical applications,"" IEEE Trans. Magn., vol. 41, no. 10, pp. 4116-4118, 2005, doi: 10.1109/TMAG.2005.854789.",High-sensitivity InSb thin-film micro-Hall sensor arrays for simultaneous multiple detection of magnetic beads for biomedical applications,"K. Togawa, H. Sanbonsugi, A. Lapicki, M. Abe, H. Handa, A. Sandhu",2005,IEEE Transactions on Magnetics,10.1109/tmag.2005.854789,https://doi.org/10.1109/tmag.2005.854789,journal_article,verified_peer_reviewed,B,InSb;III-V semiconductor;micro-Hall;carrier mobility,III-V (InSb) thin-film Hall device physics; non-GaN comparator platform for the requested cross-material sensitivity comparison.,Verified via Crossref works/<doi> record confirmed by lane-search subagent.,abstract_metadata,
A0013,"A. Kumar, R. Muralidharan, and G. Narayanan, ""Comparison of GaN and GaAs based Hall Magnetic Sensor for Power Applications,"" in Proc. 2022 IEEE Int. Symp. Smart Electron. Syst. (iSES), 2022, pp. 328-331, doi: 10.1109/ISES54909.2022.00071.",Comparison of GaN and GaAs based Hall Magnetic Sensor for Power Applications,"Anuj Kumar, R. Muralidharan, G. Narayanan",2022,2022 IEEE International Symposium on Smart Electronic Systems (iSES),10.1109/ises54909.2022.00071,https://doi.org/10.1109/ises54909.2022.00071,peer_reviewed_conference_paper,verified_peer_reviewed,B,GaN;GaAs;Hall sensor;III-V semiconductor;novelty comparison;performance table,Direct device-level GaN-vs-GaAs Hall sensor comparison; models exactly the format of comparison table the Associate Editor requested (C011).,Verified via Crossref works/<doi> record confirmed independently by two lane-search subagents.,abstract_metadata,"Directly answers the AE's comparison-table request (C011) in structure, though for a different device pair than GaN-vs-GaN."
A0014,"H. Huang, H. Zhang, Y. Cao, Y. Liu, K. Ma, K. Liu, and Y. C. Liang, ""High-temperature three-dimensional GaN-based hall sensors for magnetic field detection,"" J. Phys. D: Appl. Phys., vol. 54, no. 7, art. 075002, 2021, doi: 10.1088/1361-6463/abc4ab.",High-temperature three-dimensional GaN-based hall sensors for magnetic field detection,"Huolin Huang, Hui Zhang, Yaqing Cao, Yanhong Liu, Kaiming Ma, Kun Liu, Yung C. Liang",2021,Journal of Physics D: Applied Physics,10.1088/1361-6463/abc4ab,https://doi.org/10.1088/1361-6463/abc4ab,journal_article,verified_peer_reviewed,B,GaN;heterojunction;3D Hall sensor;2DEG;high temperature;novelty comparison,GaN heterojunction 2DEG Hall device operated to 650 K with multi-axis sensitivities reported; strengthens both the harsh-environment and novelty-comparison coverage.,Verified via Crossref works/<doi> record confirmed by lane-search subagent.,abstract_metadata,
A0015,"Y.-Q. Cao, H.-L. Huang, Z.-H. Sun, F.-Y. Li, H.-L. Bai, H. Zhang, N. Sun, and Y. C. Liang, ""Demonstration of wide-bandgap GaN-based heterojunction vertical Hall sensors for high-temperature magnetic field detection,"" Acta Phys. Sin., vol. 68, no. 20, art. 208501, 2019, doi: 10.7498/aps.68.20190413.",Demonstration of wide-bandgap GaN-based heterojunction vertical Hall sensors for high-temperature magnetic field detection,"Ya-Qing Cao, Huo-Lin Huang, Zhong-Hao Sun, Fei-Yu Li, Hong-Liang Bai, Hui Zhang, Nan Sun, Yung C. Liang",2019,Acta Physica Sinica,10.7498/aps.68.20190413,https://doi.org/10.7498/aps.68.20190413,journal_article,verified_peer_reviewed,C,GaN;wide bandgap;vertical Hall;heterojunction;high temperature,Vertical-Hall variant of GaN heterojunction sensing for high-temperature detection; broadens the GaN Hall-device design space in the comparison table.,"Verified via publisher landing page (official journal site, wulixb.iphy.ac.cn) confirming title/authors/venue/volume/issue/DOI, by lane-search subagent.",metadata_only,"Tier C: Chinese-language regional venue (Acta Physica Sinica), not independently cross-checked via Crossref API; publisher-page verification only."
A0016,"J.-L. Robert, S. Contreras, J. Camassel, J. Pernot, E. Neyret, L. Di Cioccio, and T. Billon, ""4H-SiC: a material for high temperature Hall sensor,"" Sens. Actuators A: Phys., vol. 97-98, pp. 27-32, 2002, doi: 10.1016/S0924-4247(01)00812-3.",4H-SiC: a material for high temperature Hall sensor,"Jean-Louis Robert, Sylvie Contreras, Jean Camassel, Julien Pernot, Eric Neyret, Lea Di Cioccio, Thierry Billon",2002,Sensors and Actuators A: Physical,10.1016/s0924-4247(01)00812-3,https://doi.org/10.1016/s0924-4247(01)00812-3,journal_article,verified_peer_reviewed,B,SiC;wide bandgap;Hall sensor;high temperature;carrier mobility,Wide-bandgap (SiC) Hall device-physics comparator establishing a harsh-environment baseline against which GaN performance can be benchmarked.,Verified via Crossref bibliographic-query match confirmed by lane-search subagent.,abstract_metadata,
A0017,"I. Nifa, C. Leroux, A. Torres, M. Charles, D. Blachier, G. Reimbold, G. Ghibaudo, and E. Bano, ""Characterization of 2DEG in AlGaN/GaN heterostructure by Hall effect,"" Microelectron. Eng., vol. 178, pp. 128-131, 2017, doi: 10.1016/j.mee.2017.05.009.",Characterization of 2DEG in AlGaN/GaN heterostructure by Hall effect,"Iliass Nifa, Charles Leroux, Alphonse Torres, Matthew Charles, Denis Blachier, Gilles Reimbold, Gerard Ghibaudo, Edwige Bano",2017,Microelectronic Engineering,10.1016/j.mee.2017.05.009,https://doi.org/10.1016/j.mee.2017.05.009,journal_article,verified_peer_reviewed,B,AlGaN/GaN;2DEG;Hall effect;carrier density;carrier mobility,"Direct Hall-effect characterization of 2DEG carrier density/mobility in AlGaN/GaN, core device-physics data underpinning Hall sensitivity claims.",Verified via Crossref bibliographic-query match confirmed by lane-search subagent.,abstract_metadata,
A0018,"H. Okeil, T. Erlbacher, and G. Wachutka, ""Very High Temperature Hall Sensors in a Wafer-Scale 4H-SiC Technology,"" Adv. Mater. Technol., vol. 10, no. 1, art. 2400046, 2025, doi: 10.1002/admt.202400046.",Very High Temperature Hall Sensors in a Wafer-Scale 4H-SiC Technology,"Hesham Okeil, Tobias Erlbacher, Gerhard Wachutka",2025,Advanced Materials Technologies,10.1002/admt.202400046,https://doi.org/10.1002/admt.202400046,journal_article,verified_peer_reviewed,B,SiC;Hall sensor;high temperature;wafer-scale;wide bandgap;novelty comparison,Recent wide-bandgap (SiC) Hall sensor benchmark (500-600 degC operation) contextualizing how GaN 2DEG sensitivity/offset compares to the best non-GaN harsh-environment platform.,Verified via Crossref works/<doi> record confirmed by lane-search subagent.,abstract_metadata,
A0019,"N. Haned, ""Nano-tesla magnetic field magnetometry using an InGaAs-AlGaAs-GaAs 2DEG Hall sensor,"" Sens. Actuators A: Phys., vol. 102, no. 3, pp. 216-222, 2003, doi: 10.1016/S0924-4247(02)00386-2.",Nano-tesla magnetic field magnetometry using an InGaAs-AlGaAs-GaAs 2DEG Hall sensor,N. Haned,2003,Sensors and Actuators A: Physical,10.1016/s0924-4247(02)00386-2,https://doi.org/10.1016/s0924-4247(02)00386-2,journal_article,verified_peer_reviewed,C,InGaAs/AlGaAs/GaAs;2DEG;Hall sensor;magnetometry;carrier mobility,High-mobility III-V (GaAs-family) 2DEG Hall sensor optimized for low-field magnetometry; benchmark comparator against which GaN 2DEG sensitivity can be evaluated.,Verified via Crossref works/<doi> record confirmed by lane-search subagent.,abstract_metadata,"Tier C: single-author Crossref record, narrower scope comparator rather than core GaN literature."
A0020,"M. Oszwaldowski, ""Hall sensors based on heavily doped n-InSb thin films,"" Sens. Actuators A: Phys., vol. 68, no. 1-3, pp. 172-178, 1998, doi: 10.1016/S0924-4247(97)01779-2.",Hall sensors based on heavily doped n-InSb thin films,Maciej Oszwaldowski,1998,Sensors and Actuators A: Physical,10.1016/s0924-4247(97)01779-2,https://doi.org/10.1016/s0924-4247(97)01779-2,journal_article,verified_peer_reviewed,C,InSb;III-V semiconductor;Hall sensor;carrier mobility,Classic III-V (InSb) comparator for the doping/mobility-vs-sensitivity trade-off discussion relevant to GaN 2DEG carrier-density optimization.,Verified via Crossref works/<doi> record confirmed by lane-search subagent.,abstract_metadata,"Tier C: single-author, older comparator paper, narrower relevance."
A0021,"A. Sandhu, K. Kurosawa, M. Dede, and A. Oral, ""50 nm Hall Sensors for Room Temperature Scanning Hall Probe Microscopy,"" Jpn. J. Appl. Phys., vol. 43, no. 2, pp. 777-778, 2004, doi: 10.1143/jjap.43.777.",50 nm Hall Sensors for Room Temperature Scanning Hall Probe Microscopy,"Adarsh Sandhu, Kouichi Kurosawa, Munir Dede, Ahmet Oral",2004,Japanese Journal of Applied Physics,10.1143/jjap.43.777,https://doi.org/10.1143/jjap.43.777,journal_article,verified_peer_reviewed,C,III-V semiconductor;Hall sensor;nanoscale;magnetic imaging,Nanoscale III-V Hall sensor demonstrating spatial-resolution/sensitivity trade-offs relevant to device-level Hall platform benchmarking.,"Verified via Crossref works/<doi> record, confirmed twice, by lane-search subagent.",abstract_metadata,Tier C: peripheral (scanning-probe) application context rather than direct GaN/harsh-environment relevance.
A0022,"A. Bilotti, G. Monreal, and R. Vig, ""Monolithic magnetic Hall sensor using dynamic quadrature offset cancellation,"" IEEE J. Solid-State Circuits, vol. 32, no. 6, pp. 829-836, 1997, doi: 10.1109/4.585275.",Monolithic magnetic Hall sensor using dynamic quadrature offset cancellation,"A. Bilotti, G. Monreal, R. Vig",1997,IEEE Journal of Solid-State Circuits,10.1109/4.585275,https://doi.org/10.1109/4.585275,journal_article,verified_peer_reviewed,A,Hall geometry;offset cancellation;quadrature offset;Hall IC design,Foundational industrial (Allegro) monolithic Hall IC using contact-permutation-based dynamic offset cancellation; canonical offset-cancellation circuit precedent for the readout project's design justification (C007/C017).,Verified via Crossref works/<doi> record confirmed by lane-search subagent.,abstract_metadata,
A0023,"U. Ausserlechner, ""Limits of offset cancellation by the principle of spinning current Hall probe,"" in Proc. IEEE Sensors 2004, Vienna, Austria, 2004, pp. 1117-1120, doi: 10.1109/ICSENS.2004.1426372.",Limits of offset cancellation by the principle of spinning current Hall probe,U. Ausserlechner,2004,Proceedings of IEEE Sensors 2004,10.1109/icsens.2004.1426372,https://doi.org/10.1109/icsens.2004.1426372,peer_reviewed_conference_paper,verified_peer_reviewed,A,offset;spinning current;residual offset;nonlinearity;voltage-biased sensitivity,Shows voltage-biased/nonlinear Hall probes (like the manuscript's 0.4 V-biased device) retain a residual offset floor under spinning current unlike ideal current-biased probes; directly bears on C007 (Voff calibration future-work gap) and the readout project's offset budget.,Verified via Crossref works/<doi> record confirmed independently by two lane-search subagents.,abstract_metadata,By the same Ausserlechner who co-authored the manuscript's own ref10/ref11 (Alpert et al.) -- directly connected expert precedent.
A0024,"U. Ausserlechner, ""The piezo-Hall effect in n-silicon for arbitrary crystal orientation,"" in Proc. IEEE Sensors 2004, Vienna, Austria, 2004, pp. 1149-1152, doi: 10.1109/ICSENS.2004.1426380.",The piezo-Hall effect in n-silicon for arbitrary crystal orientation,U. Ausserlechner,2004,Proceedings of IEEE Sensors 2004,10.1109/icsens.2004.1426380,https://doi.org/10.1109/icsens.2004.1426380,peer_reviewed_conference_paper,verified_peer_reviewed,B,piezo-Hall effect;offset;crystal orientation;sensitivity drift,"Derives stress-dependence of the Hall coefficient for arbitrary crystal orientation, identifying orientations minimizing stress-induced offset/sensitivity drift -- relevant to packaging-induced offset drift discussion.",Verified via Crossref works/<doi> record confirmed by lane-search subagent.,abstract_metadata,
A0025,"U. Ausserlechner, ""Hall Effect Devices with Three Terminals: Their Magnetic Sensitivity and Offset Cancellation Scheme,"" J. Sensors, vol. 2016, art. 5625607, pp. 1-16, 2016, doi: 10.1155/2016/5625607.",Hall Effect Devices with Three Terminals: Their Magnetic Sensitivity and Offset Cancellation Scheme,Udo Ausserlechner,2016,Journal of Sensors,10.1155/2016/5625607,https://doi.org/10.1155/2016/5625607,journal_article,verified_peer_reviewed,B,Hall geometry;three-terminal Hall;offset cancellation;sensitivity,"Analyzes sensitivity and an offset-cancellation scheme for three-terminal Hall geometry, an alternative to the manuscript's Hall-plate geometry.",Verified via Crossref works/<doi> record confirmed by lane-search subagent.,abstract_metadata,
A0026,"E. Schurig, C. Schott, P.-A. Besse, M. Demierre, and R. S. Popovic, ""0.2 mT residual offset of CMOS integrated vertical Hall sensors,"" Sens. Actuators A: Phys., vol. 110, no. 1-3, pp. 98-104, 2004, doi: 10.1016/j.sna.2003.10.001.",0.2 mT residual offset of CMOS integrated vertical Hall sensors,"E. Schurig, C. Schott, P.-A. Besse, M. Demierre, R. S. Popovic",2004,Sensors and Actuators A: Physical,10.1016/j.sna.2003.10.001,https://doi.org/10.1016/j.sna.2003.10.001,journal_article,verified_peer_reviewed,B,offset;vertical Hall device;Hall geometry;spinning current;residual offset,"Demonstrates residual offset reduced to 0.2 mT in a CMOS-integrated vertical Hall device via spinning current, relevant to geometrical/fabrication offset in non-planar Hall geometries.","Verified via Crossref bibliographic-query match, confirmed independently by two lane-search subagents; abstract text not independently retrieved.",metadata_only,
A0027,"C. Schott, P.-A. Besse, and R. S. Popovic, ""Planar Hall effect in the vertical Hall sensor,"" Sens. Actuators A: Phys., vol. 85, no. 1-3, pp. 111-115, 2000, doi: 10.1016/s0924-4247(00)00328-9.",Planar Hall effect in the vertical Hall sensor,"Ch. Schott, P.-A. Besse, R. S. Popovic",2000,Sensors and Actuators A: Physical,10.1016/s0924-4247(00)00328-9,https://doi.org/10.1016/s0924-4247(00)00328-9,journal_article,verified_peer_reviewed,A,planar Hall effect;cross-axis sensitivity;vertical Hall sensor,"Theoretical and experimental study of the planar Hall effect as a source of parasitic cross-axis signal in vertical Hall sensors -- directly on the coverage bullet's named topic (planar Hall effect, cross-axis response).",Verified via Crossref bibliographic-query match confirmed by lane-search subagent; abstract content corroborated via independent web search summary.,abstract_metadata,
A0028,"L. Ejsing, M. F. Hansen, A. K. Menon, H. A. Ferreira, D. L. Graham, and P. P. Freitas, ""Planar Hall effect sensor for magnetic micro- and nanobead detection,"" Appl. Phys. Lett., vol. 84, no. 23, pp. 4729-4731, 2004, doi: 10.1063/1.1759380.",Planar Hall effect sensor for magnetic micro- and nanobead detection,"L. Ejsing, M. F. Hansen, A. K. Menon, H. A. Ferreira, D. L. Graham, P. P. Freitas",2004,Applied Physics Letters,10.1063/1.1759380,https://doi.org/10.1063/1.1759380,journal_article,verified_peer_reviewed,B,planar Hall effect;thin-film Hall sensor;sensitivity;Hall geometry,"Demonstrates a planar-Hall-effect-based sensor with quantified voltage sensitivity, establishing planar-Hall sensing as an alternative physics regime to conventional vertical-field Hall plates.",Verified via Crossref works/<doi> record confirmed by lane-search subagent.,abstract_metadata,
A0029,"P. Beran, M. Stahl-Offergeld, V. Peters, D. Krause, and H.-P. Hohe, ""Impact of Contact Misalignment on Magnetic Cross Sensitivity of Integrated Vertical Hall Sensors,"" IEEE Trans. Magn., vol. 55, no. 7, pp. 1-4, 2019, doi: 10.1109/tmag.2018.2873238.",Impact of Contact Misalignment on Magnetic Cross Sensitivity of Integrated Vertical Hall Sensors,"Philip Beran, Markus Stahl-Offergeld, Volker Peters, Dennis Krause, Hans-Peter Hohe",2019,IEEE Transactions on Magnetics,10.1109/tmag.2018.2873238,https://doi.org/10.1109/tmag.2018.2873238,journal_article,verified_peer_reviewed,B,cross-axis sensitivity;misalignment offset;vertical Hall sensor;Hall geometry,Quantifies how lithographic contact misalignment produces 0-10% magnetic cross sensitivity between nominally orthogonal Hall axes -- direct geometric-offset mechanism for cross-axis error.,Verified via Crossref bibliographic-search match (IEEE Xplore document 8511078 cross-check) by lane-search subagent.,abstract_metadata,
A0030,"Z. Randjelovic, M. Kayal, R. Popovic, and H. Blanchard, ""Highly sensitive Hall magnetic sensor microsystem in CMOS technology,"" IEEE J. Solid-State Circuits, vol. 37, no. 2, pp. 151-159, 2002, doi: 10.1109/4.982421.",Highly sensitive Hall magnetic sensor microsystem in CMOS technology,"Z. Randjelovic, M. Kayal, R. Popovic, H. Blanchard",2002,IEEE Journal of Solid-State Circuits,10.1109/4.982421,https://doi.org/10.1109/4.982421,journal_article,verified_peer_reviewed,A,sensitivity;magnetic concentrator;offset cancellation;Hall microsystem;spinning current,"Integrates a Hall plate with an on-chip magnetic flux concentrator and periodic offset-cancellation circuitry, achieving roughly 10x lower residual offset than commercial Si Hall plates -- a quantitative sensitivity/offset benchmark.",Verified via Crossref works/<doi> record confirmed independently by two lane-search subagents.,abstract_metadata,
A0031,"Y. Xu, X. Hu, and L. Jiang, ""An Analytical Geometry Optimization Model for Current-Mode Cross-Like Hall Plates,"" Sensors, vol. 19, no. 11, art. 2490, 2019, doi: 10.3390/s19112490.",An Analytical Geometry Optimization Model for Current-Mode Cross-Like Hall Plates,"Yue Xu, Xingxing Hu, Lei Jiang",2019,Sensors,10.3390/s19112490,https://doi.org/10.3390/s19112490,journal_article,verified_peer_reviewed,B,Hall geometry;cross-like Hall plate;current-related sensitivity;design optimization,"Conformal-mapping analytical model showing optimal current-related sensitivity and SNR for cross-like Hall plates at a specific length-to-width ratio, validated by 3D TCAD.",Verified via Crossref bibliographic search and independent PMC full-text mirror (PMC6603626) by lane-search subagent.,abstract_metadata,
A0032,"F. Lyu, Z. Zhang, E.-H. Toh, X. Liu, Y. Ding, Y. Pan, C. Li, L. Li, J. Sha, and H. Pan, ""Performance Comparison of Cross-Like Hall Plates with Different Covering Layers,"" Sensors, vol. 15, no. 1, pp. 672-686, 2015, doi: 10.3390/s150100672.",Performance Comparison of Cross-Like Hall Plates with Different Covering Layers,"Fei Lyu, Zhenyan Zhang, Eng-Huat Toh, Xinfu Liu, Yinjie Ding, Yifan Pan, Chengjie Li, Li Li, Jin Sha, Hongbing Pan",2015,Sensors,10.3390/s150100672,https://doi.org/10.3390/s150100672,journal_article,verified_peer_reviewed,B,Hall geometry;covering layer;offset;current-related sensitivity;performance table,"Compares cross-like Hall plate geometries with different protective covering layers, quantifying the sensitivity-vs-offset trade-off -- a template for a geometry-comparison table.",Verified via Crossref bibliographic search and independent PMC full-text mirror (PMC4327042) by lane-search subagent.,abstract_metadata,
A0033,"M. Crescentini, M. Biondi, A. Romani, M. Tartagni, and E. Sangiorgi, ""Optimum Design Rules for CMOS Hall Sensors,"" Sensors, vol. 17, no. 4, art. 765, 2017, doi: 10.3390/s17040765.",Optimum Design Rules for CMOS Hall Sensors,"Marco Crescentini, Michele Biondi, Aldo Romani, Marco Tartagni, Enrico Sangiorgi",2017,Sensors,10.3390/s17040765,https://doi.org/10.3390/s17040765,journal_article,verified_peer_reviewed,A,Hall geometry;carrier concentration;doping;current-related sensitivity;bandwidth;design rules,"3D-TCAD study relating aspect ratio, doping/carrier concentration, and bias to current-related sensitivity, power, and bandwidth of rectangular Hall probes -- directly supports the carrier-density-vs-sensitivity argument and bandwidth discussion (C003).",Verified via Crossref bibliographic search confirmed by lane-search subagent; abstract content corroborated independently.,abstract_metadata,
A0034,"M.-A. Paun, J.-M. Sallese, and M. Kayal, ""Comparative Study on the Performance of Five Different Hall Effect Devices,"" Sensors, vol. 13, no. 2, pp. 2093-2112, 2013, doi: 10.3390/s130202093.",Comparative Study on the Performance of Five Different Hall Effect Devices,"Maria-Alexandra Paun, Jean-Michel Sallese, Maher Kayal",2013,Sensors,10.3390/s130202093,https://doi.org/10.3390/s130202093,journal_article,verified_peer_reviewed,A,Hall geometry comparison;offset;sensitivity;drift;performance table;novelty comparison,"Empirically compares offset, sensitivity, and drift across five distinct Hall-plate geometries fabricated in the same process -- a direct template for the reviewer-requested comparison table (C011) and repeatability discussion (C008).",Verified via Crossref works/<doi> record confirmed by lane-search subagent.,abstract_metadata,
A0035,"P. J. A. Munter, ""A low-offset spinning-current Hall plate,"" Sens. Actuators A: Phys., vol. 22, no. 1-3, pp. 743-746, 1990, doi: 10.1016/0924-4247(89)80069-x.",A low-offset spinning-current Hall plate,P. J. A. Munter,1990,Sensors and Actuators A: Physical,10.1016/0924-4247(89)80069-x,https://doi.org/10.1016/0924-4247(89)80069-x,journal_article,verified_peer_reviewed,A,spinning current;offset cancellation;geometrical offset;Hall geometry,Foundational paper introducing the spinning-current principle for canceling geometric/misalignment offset in Hall plates -- the direct technical basis of project 02's current-spinning readout (C017/C018).,Independently re-verified via Crossref works/<doi> record; same paper independently confirmed by two lane-search subagents.,abstract_metadata,"Harvested from ../04_Magnetic_Sensor_Review_Sensors2026/outputs/references.bib (Munter1990spinning), re-verified independently this stage."
A0036,"R. Steiner, Ch. Maier, A. Haeberli, F.-P. Steiner, and H. Baltes, ""Offset reduction in Hall devices by continuous spinning current method,"" Sens. Actuators A: Phys., vol. 66, no. 1-3, pp. 167-172, 1998, doi: 10.1016/s0924-4247(98)00003-x.",Offset reduction in Hall devices by continuous spinning current method,"R. Steiner, Ch. Maier, A. Haeberli, F.-P. Steiner, H. Baltes",1998,Sensors and Actuators A: Physical,10.1016/s0924-4247(98)00003-x,https://doi.org/10.1016/s0924-4247(98)00003-x,journal_article,verified_peer_reviewed,B,spinning current;continuous spinning current;offset cancellation,"Introduces continuous (rather than discrete-step) spinning-current biasing to spectrally separate the Hall signal from periodic offset, reporting residual offsets below 10 uT -- an alternative current-reversal architecture for comparison against project 02's chosen scheme.",Verified via Crossref works/<doi> record confirmed by lane-search subagent.,abstract_metadata,
A0037,"C. Schott, R. Racz, A. Manco, and N. Simonne, ""CMOS Single-Chip Electronic Compass With Microcontroller,"" IEEE J. Solid-State Circuits, vol. 42, no. 12, pp. 2923-2933, 2007, doi: 10.1109/jssc.2007.908694.",CMOS Single-Chip Electronic Compass With Microcontroller,"Christian Schott, Robert Racz, Angelo Manco, Nicolas Simonne",2007,IEEE Journal of Solid-State Circuits,10.1109/jssc.2007.908694,https://doi.org/10.1109/jssc.2007.908694,journal_article,verified_peer_reviewed,B,spinning current;chopper stabilization;offset cancellation;quad Hall,"Integrated quad spinning-current Hall system reaching about 2 uT typical offset, showing the achievable state-of-the-art ceiling for multi-plate current-spinning architectures.",Verified via Crossref works/<doi> record confirmed by lane-search subagent.,abstract_metadata,
A0038,"M. Motz, D. Draxelmayr, T. Werth, and B. Forster, ""A Chopped Hall Sensor With Small Jitter and Programmable \""True Power-On\"" Function,"" IEEE J. Solid-State Circuits, vol. 40, no. 7, pp. 1533-1540, 2005, doi: 10.1109/jssc.2005.847488.",A Chopped Hall Sensor With Small Jitter and Programmable True Power-On Function,"M. Motz, D. Draxelmayr, T. Werth, B. Forster",2005,IEEE Journal of Solid-State Circuits,10.1109/jssc.2005.847488,https://doi.org/10.1109/jssc.2005.847488,journal_article,verified_peer_reviewed,B,chopper stabilization;offset cancellation;current reversal,Chopper-stabilized Hall sensor IC design addressing chopping-induced jitter and startup behavior -- directly relevant jitter-vs-offset-cancellation circuit tradeoffs for a chopper/current-spinning readout.,Verified via Crossref works/<doi> record confirmed by lane-search subagent; only bibliographic-level detail confirmed.,metadata_only,
A0039,"J. C. van der Meer, F. R. Riedijk, E. van Kampen, K. A. A. Makinwa, and J. H. Huijsing, ""CMOS quad spinning-current Hall-sensor system for compass application,"" in Proc. IEEE Sensors 2004, Vienna, Austria, 2004, pp. 1434-1437, doi: 10.1109/icsens.2004.1426455.",CMOS quad spinning-current Hall-sensor system for compass application,"J. C. van der Meer, F. R. Riedijk, P. C. de Jong, E. A. van Kampen, M. J. Meekel, J. H. Huijsing",2004,Proceedings of IEEE Sensors 2004,10.1109/icsens.2004.1426455,https://doi.org/10.1109/icsens.2004.1426455,peer_reviewed_conference_paper,verified_peer_reviewed,B,spinning current;quad Hall;orthogonal coupling;offset cancellation;current reversal,Quad-Hall-plate orthogonal-coupling architecture combined with spinning current for compass-grade offset cancellation -- a direct example of the orthogonal-coupling/quad-Hall sub-topic relevant to project 03's planned multi-axis probe.,Verified via Crossref works/<doi> record confirmed by lane-search subagent.,metadata_only,
A0040,"J. Jiang, W. J. Kindt, and K. A. A. Makinwa, ""A Continuous-Time Ripple Reduction Technique for Spinning-Current Hall Sensors,"" IEEE J. Solid-State Circuits, vol. 49, no. 7, pp. 1525-1534, 2014, doi: 10.1109/jssc.2014.2319252.",A Continuous-Time Ripple Reduction Technique for Spinning-Current Hall Sensors,"Junfeng Jiang, Wilko J. Kindt, Kofi A. A. Makinwa",2014,IEEE Journal of Solid-State Circuits,10.1109/jssc.2014.2319252,https://doi.org/10.1109/jssc.2014.2319252,journal_article,verified_peer_reviewed,A,spinning current;ripple reduction;residual offset;chopper stabilization;bandwidth,"Directly addresses up-modulated offset ripple created by spinning-current schemes, proposing continuous-time cancellation avoiding extra low-pass filtering -- bears on both offset residual (C007) and bandwidth (C003/C018) tradeoffs of a spinning-current readout.",Verified via Crossref works/<doi> record confirmed by lane-search subagent.,abstract_metadata,
A0041,"A. Polley, S. M. Ramaswamy, and B. S. Haroun, ""Residual Offset in Silicon Hall-Effect Sensor: Analytical Formula, Stress Effects, and Implications for Octagonal Hall Plate Geometry,"" IEEE Sensors J., vol. 20, no. 19, pp. 11283-11291, 2020, doi: 10.1109/jsen.2020.2997292.","Residual Offset in Silicon Hall-Effect Sensor: Analytical Formula, Stress Effects, and Implications for Octagonal Hall Plate Geometry","Arup Polley, Srinath M. Ramaswamy, Baher S. Haroun",2020,IEEE Sensors Journal,10.1109/jsen.2020.2997292,https://doi.org/10.1109/jsen.2020.2997292,journal_article,verified_peer_reviewed,A,spinning current;residual offset;stress effects;octagonal Hall plate;offset cancellation;repeatability,"Closed-form analytical model for residual offset after first-order spinning-current cancellation, showing octagonal (8-phase) geometry affects stress-induced residual offset differently than 4-phase -- directly relevant given the manuscript's own octagonal 200um Hall plate (C016) and to residual-offset-budget/repeatability arguments (C007/C008).",Verified via Crossref works/<doi> record confirmed independently by two lane-search subagents.,abstract_metadata,
A0042,"K. M. Dowling, H. S. Alpert, A. S. Yalamarthy, P. F. Satterthwaite, S. Kumar, H. Koeck, U. Ausserlechner, and D. G. Senesky, ""Micro-Tesla Offset in Thermally Stable AlGaN/GaN 2DEG Hall Plates Using Current Spinning,"" IEEE Sensors Lett., vol. 3, no. 3, art. 3500704, pp. 1-4, 2019, doi: 10.1109/lsens.2019.2898157.",Micro-Tesla Offset in Thermally Stable AlGaN/GaN 2DEG Hall Plates Using Current Spinning,"Karen M. Dowling, Hannah S. Alpert, Ananth Saran Yalamarthy, Peter F. Satterthwaite, Sai Kumar, Helmut Koeck, Udo Ausserlechner, Debbie G. Senesky",2019,IEEE Sensors Letters,10.1109/lsens.2019.2898157,https://doi.org/10.1109/lsens.2019.2898157,journal_article,verified_peer_reviewed,A,spinning current;offset cancellation;GaN;AlGaN/GaN 2DEG;wide bandgap Hall sensor;novelty comparison,"Direct prior-art from Tim's own Senesky group applying four-phase current spinning to the identical AlGaN/GaN 2DEG material system, reducing offset roughly 30x to a few uT with stable sensitivity from -100 to 200 degC -- the single most directly on-point precedent for project 02's <=5 mV offset target (C017) and squarely relevant to Reviewer 2's novelty concern (C010) since it predates the manuscript.",Independently re-verified via Crossref works/<doi> record; same paper independently confirmed by lane-search subagent.,abstract_metadata,"Senesky-group (Tim's own PI) prior work, same IEEE Sensors Letters venue as Tim's own manuscript, same AlGaN/GaN 2DEG material system. High-priority citation for the manuscript revision and for Reviewer 2's novelty rebuttal/concession."
A0043,"J. Ruggeri, U. Ausserlechner, H. Koeck, and K. M. Dowling, ""Inverted pyramid 3-axis silicon Hall-effect magnetic sensor with offset cancellation,"" Microsyst. Nanoeng., vol. 11, art. 26, 2025, doi: 10.1038/s41378-025-00876-9.",Inverted pyramid 3-axis silicon Hall-effect magnetic sensor with offset cancellation,"Jacopo Ruggeri, Udo Ausserlechner, Helmut Koeck, Karen M. Dowling",2025,Microsystems & Nanoengineering,10.1038/s41378-025-00876-9,https://doi.org/10.1038/s41378-025-00876-9,journal_article,verified_peer_reviewed,B,spinning current;3-axis Hall sensor;offset cancellation;orthogonal coupling;vector probe,"Very recent (2025) 3-axis Hall-effect vector sensor with current-spinning offset cancellation, co-authored by the same Ausserlechner/Dowling collaboration; directly relevant precedent for the group's own planned 2-3 axis vector probe (project 03, RSI target).",Verified via Crossref works/<doi> record confirmed by lane-search subagent; only bibliographic-level detail confirmed.,metadata_only,"Directly relevant to project 03 (vector-probe) planning, evaluated in a later stage, not this one."
A0044,"Y. Zhang, Q. Hao, and G. Xiao, ""Low-Frequency Noise of Magnetic Sensors Based on the Anomalous Hall Effect in Fe-Pt Alloys,"" Sensors, vol. 19, no. 16, art. 3537, 2019, doi: 10.3390/s19163537.",Low-Frequency Noise of Magnetic Sensors Based on the Anomalous Hall Effect in Fe-Pt Alloys,"Yiou Zhang, Qiang Hao, Gang Xiao",2019,Sensors,10.3390/s19163537,https://doi.org/10.3390/s19163537,journal_article,verified_peer_reviewed,B,1/f noise;Johnson noise;low-frequency noise;noise floor;Hall sensor,"Direct treatment of 1/f and thermal noise limits in Hall-type magnetic sensors, benchmarked against a commercial semiconductor Hall sensor -- template for the noise-floor discussion reviewers implicitly need for a calibrated-sensitivity claim.",Verified via Crossref works/<doi> record confirmed by lane-search subagent.,abstract_metadata,
A0045,"M. Crescentini, M. Marchesi, A. Romani, M. Tartagni, and P. A. Traverso, ""Bandwidth Limits in Hall Effect-based Current Sensors,"" Acta IMEKO, vol. 6, no. 4, pp. 93-100, 2017, doi: 10.21014/acta_imeko.v6i4.478.",Bandwidth Limits in Hall Effect-based Current Sensors,"Marco Crescentini, Marco Marchesi, Aldo Romani, Marco Tartagni, Pier Andrea Traverso",2017,ACTA IMEKO,10.21014/acta_imeko.v6i4.478,https://doi.org/10.21014/acta_imeko.v6i4.478,journal_article,verified_peer_reviewed,B,bandwidth;parasitic capacitance;Hall readout;RC time constant;spinning current,Directly analyzes fundamental (intrinsic Hall-plate capacitance) vs. practical (readout input capacitance) bandwidth limits -- directly relevant to justifying/reconciling the manuscript's 1 MHz bandwidth claim (C003) and project 02's demodulated bandwidth (C018).,Verified via Crossref works/<doi> record confirmed by lane-search subagent.,abstract_metadata,
A0046,"H. Blanchard, C. de Raad Iseli, and R. S. Popovic, ""Compensation of the temperature-dependent offset drift of a Hall sensor,"" Sens. Actuators A: Phys., vol. 60, no. 1-3, pp. 10-13, 1997, doi: 10.1016/s0924-4247(96)01411-2.",Compensation of the temperature-dependent offset drift of a Hall sensor,"Hubert Blanchard, Christina de Raad Iseli, Rade S. Popovic",1997,Sensors and Actuators A: Physical,10.1016/s0924-4247(96)01411-2,https://doi.org/10.1016/s0924-4247(96)01411-2,journal_article,verified_peer_reviewed,A,thermal drift;offset drift;temperature coefficient;calibration methodology,Classic paper establishing a two-temperature offset/drift calibration methodology of exactly the kind reviewers are asking Tim to add (C007).,Verified via Crossref works/<doi> record confirmed by lane-search subagent.,abstract_metadata,
A0047,"S. Mo, R. Wei, Z. Zeng, and M. He, ""A multiple-sensitivity Hall sensor featuring a low-cost temperature compensation circuit,"" Microelectron. J., vol. 113, art. 105067, 2021, doi: 10.1016/j.mejo.2021.105067.",A multiple-sensitivity Hall sensor featuring a low-cost temperature compensation circuit,"Shaoqing Mo, Rongshan Wei, Zhuoqu Zeng, Minghua He",2021,Microelectronics Journal,10.1016/j.mejo.2021.105067,https://doi.org/10.1016/j.mejo.2021.105067,journal_article,verified_peer_reviewed,B,temperature compensation;temperature coefficient;Hall readout circuit,"Recent circuit-level approach to temperature-coefficient compensation, directly applicable to the readout-electronics discussion reviewers requested (C007).",Verified via Crossref works/<doi> record confirmed by lane-search subagent; only bibliographic metadata read.,metadata_only,
A0048,"J. Niroula et al., ""High temperature stability of regrown and alloyed Ohmic contacts to AlGaN/GaN heterostructure up to 500 degC,"" Appl. Phys. Lett., vol. 124, no. 20, art. 202103, 2024, doi: 10.1063/5.0191297.",High temperature stability of regrown and alloyed Ohmic contacts to AlGaN/GaN heterostructure up to 500 degC,"John Niroula, Qingyun Xie, Nitul S. Rajput, Patrick K. Darmawi-Iskandar, Sheikh Ifatur Rahman, Shisong Luo, Rafid Hassan Palash, Bejoy Sikder, Mengyang Yuan, Pradyot Yadav, Gillian K. Micale, Nadim Chowdhury, Yuji Zhao, Siddharth Rajan, Tomas Palacios",2024,Applied Physics Letters,10.1063/5.0191297,https://doi.org/10.1063/5.0191297,journal_article,verified_peer_reviewed,A,ohmic contact reliability;AlGaN/GaN;high-temperature stability;contacts,Directly addresses ohmic contact degradation/stability at elevated temperature in the same AlGaN/GaN material system as the manuscript's device -- core evidence for the contacts sub-topic.,Verified via Crossref works/<doi> record confirmed by lane-search subagent.,abstract_metadata,
A0049,"W.-S. Loh, M. Corfield, H. Lu, S. Hogg, T. Tilford, and C. M. Johnson, ""Wire Bond Reliability for Power Electronic Modules - Effect of Bonding Temperature,"" in Proc. 8th Int. Conf. Thermal, Mech. Multi-Phys. Simulation Exp. Microelectron. Micro-Syst. (EuroSimE 2007), 2007, doi: 10.1109/esime.2007.360057.",Wire Bond Reliability for Power Electronic Modules - Effect of Bonding Temperature,"Wei-Sun Loh, Martin Corfield, Hua Lu, Simon Hogg, Tim Tilford, C. Mark Johnson",2007,Proc. EuroSimE 2007 (IEEE),10.1109/esime.2007.360057,https://doi.org/10.1109/esime.2007.360057,peer_reviewed_conference_paper,verified_peer_reviewed,C,wire bond reliability;thermal cycling;bonding temperature;packaging reliability,Establishes how bonding-process temperature affects wire-bond shear-strength degradation under thermal cycling -- relevant to the manuscript's LCC package wire-bond reliability discussion.,Verified via Crossref works/<doi> record confirmed by lane-search subagent.,abstract_metadata,"Tier C: smaller specialized conference, power-electronics context rather than sensor-specific, but wire-bond mechanism directly transfers."
A0050,"Y. Yamada, Y. Takaku, Y. Yagi, I. Nakagawa, T. Atsumi, M. Shirai, I. Ohnuma, and K. Ishida, ""Reliability of wire-bonding and solder joint for high temperature operation of power semiconductor device,"" Microelectron. Reliab., vol. 47, no. 12, pp. 2147-2151, 2007, doi: 10.1016/j.microrel.2007.07.102.",Reliability of wire-bonding and solder joint for high temperature operation of power semiconductor device,"Y. Yamada, Y. Takaku, Y. Yagi, I. Nakagawa, T. Atsumi, M. Shirai, I. Ohnuma, K. Ishida",2007,Microelectronics Reliability,10.1016/j.microrel.2007.07.102,https://doi.org/10.1016/j.microrel.2007.07.102,journal_article,verified_peer_reviewed,B,wire bond reliability;high-temperature operation;packaging reliability,"Bench-level reliability study of wire bonds under high-temperature operation, relevant background for HSX in-vessel wire-bond survivability over repeated shots.",Verified via Crossref works/<doi> record confirmed by lane-search subagent; only bibliographic metadata confirmed.,metadata_only,
A0051,"C. Li, B. Sun, Y. Xue, and J. Xiong, ""A Ceramic Diffusion Bonding Method for Passive LC High-Temperature Pressure Sensor,"" Sensors, vol. 18, no. 8, art. 2676, 2018, doi: 10.3390/s18082676.",A Ceramic Diffusion Bonding Method for Passive LC High-Temperature Pressure Sensor,"Chen Li, Boshan Sun, Yanan Xue, Jijun Xiong",2018,Sensors,10.3390/s18082676,https://doi.org/10.3390/s18082676,journal_article,verified_peer_reviewed,B,ceramic packaging;hermetic bonding;high-temperature sensor;harsh-environment packaging,Demonstrates ceramic (alumina) hermetic bonding for sensor packaging surviving above 900 degC -- a useful comparator for the manuscript's LCC/zirconia-holder plus EPO-TEK 353ND packaging approach.,Verified via Crossref works/<doi> record confirmed by lane-search subagent.,abstract_metadata,
A0052,"H.-D. Ngo, B. Mukhopadhyay, O. Ehrmann, and K.-D. Lang, ""Advanced Liquid-Free, Piezoresistive, SOI-Based Pressure Sensors for Measurements in Harsh Environments,"" Sensors, vol. 15, no. 8, pp. 20305-20320, 2015, doi: 10.3390/s150820305.","Advanced Liquid-Free, Piezoresistive, SOI-Based Pressure Sensors for Measurements in Harsh Environments","Ha-Duong Ngo, Biswajit Mukhopadhyay, Oswin Ehrmann, Klaus-Dieter Lang",2015,Sensors,10.3390/s150820305,https://doi.org/10.3390/s150820305,journal_article,verified_peer_reviewed,C,harsh-environment packaging;SOI sensor;high-temperature packaging;packaging reliability,"Harsh-environment semiconductor sensor packaging case study (SOI-based); comparator for hermetic packaging design trade-offs, though for a different sensor modality (pressure, not Hall).",Verified via Crossref works/<doi> record confirmed by lane-search subagent; only bibliographic metadata confirmed.,metadata_only,"Tier C: different sensor modality (pressure vs. Hall), included only for general harsh-environment packaging methodology."
A0053,"S. Entler, Z. Soban, I. Duran, K. Kovarik, K. Vyborny, J. Sebek, S. Tazlaru, J. Strelecek, and P. Sladek, ""Ceramic-Chromium Hall Sensors for Environments with High Temperatures and Neutron Radiation,"" Sensors, vol. 21, no. 3, art. 721, 2021, doi: 10.3390/s21030721.",Ceramic-Chromium Hall Sensors for Environments with High Temperatures and Neutron Radiation,"Slavomir Entler, Zbynek Soban, Ivan Duran, Karel Kovarik, Karel Vyborny, Josef Sebek, Stana Tazlaru, Jan Strelecek, Petr Sladek",2021,Sensors,10.3390/s21030721,https://doi.org/10.3390/s21030721,journal_article,verified_peer_reviewed,A,ceramic packaging;Hall sensor;high-temperature;radiation tolerance;harsh-environment sensing,"Ceramic-packaged Hall sensor developed specifically for high-temperature, high-radiation fusion-relevant environments -- closely analogous packaging context to HSX in-vessel deployment, and directly by the same Duran/Vyborny fusion-diagnostics group as manuscript ref3.",Verified via Crossref works/<doi> record confirmed by lane-search subagent.,abstract_metadata,"Overlapping authorship with manuscript ref3 (Duran, Vyborny); distinct publication, not a duplicate."
A0054,"R. S. Popovic and B. Haelg, ""Nonlinearity in hall devices and its compensation,"" Solid-State Electron., vol. 31, no. 12, pp. 1681-1688, 1988, doi: 10.1016/0038-1101(88)90064-0.",Nonlinearity in hall devices and its compensation,"R. S. Popovic, B. Haelg",1988,Solid-State Electronics,10.1016/0038-1101(88)90064-0,https://doi.org/10.1016/0038-1101(88)90064-0,journal_article,verified_peer_reviewed,A,linearity;nonlinearity compensation;Hall geometry;material nonlinearity,Foundational paper distinguishing material vs. geometrical Hall-device nonlinearity mechanisms and showing they can be made to cancel -- the classical reference for the linearity discussion reviewers implicitly need.,Verified via Crossref works/<doi> record confirmed by lane-search subagent.,abstract_metadata,
A0055,"I. Ceran (I. Duran) et al., ""Status of steady-state magnetic diagnostic for ITER and outlook for possible materials of Hall sensors for DEMO,"" Fusion Eng. Des., vol. 146(PB), pp. 2397-2400, 2019, doi: 10.1016/j.fusengdes.2019.03.201.",Status of steady-state magnetic diagnostic for ITER and outlook for possible materials of Hall sensors for DEMO,"Ivan Ceran, Slavomir Entler, Ondrej Grover, Inessa Bolshakova, Karel Vyborny, Martin Kocan, Tomas Jirman, George Vayakis, Oleksandr Vasyliev, Maksym Radishevskyi, Zhenxing Wang, Daniel Neumaier",2019,Fusion Engineering and Design,10.1016/j.fusengdes.2019.03.201,https://doi.org/10.1016/j.fusengdes.2019.03.201,journal_article,verified_peer_reviewed,A,Hall sensor materials;radiation tolerance;DEMO;ITER;fusion diagnostics;novelty comparison,Manuscript ref3; surveys candidate Hall-sensor materials (including GaN) for the extreme radiation/temperature environment of DEMO-class reactors -- directly supports the harsh-environment coverage bullet and the novelty/materials-comparison discussion.,Independently re-verified via Crossref works/<doi> record.,abstract_metadata,Manuscript ref3.
A0056,"A. Quercia, A. Pironti, I. Bolshakova, R. Holyaka, I. Duran, A. Murari, and JET Contributors, ""Long term operation of the radiation-hard Hall probes system and the path toward a high performance hybrid magnetic field sensor,"" Nucl. Fusion, vol. 62, no. 10, art. 106032, 2022, doi: 10.1088/1741-4326/ac8aad.",Long term operation of the radiation-hard Hall probes system and the path toward a high performance hybrid magnetic field sensor,"A. Quercia, A. Pironti, I. Bolshakova, R. Holyaka, I. Duran, A. Murari, JET Contributors",2022,Nuclear Fusion,10.1088/1741-4326/ac8aad,https://doi.org/10.1088/1741-4326/ac8aad,journal_article,verified_peer_reviewed,A,radiation-hard Hall probes;long-term drift;in-vessel reliability;fusion diagnostics,Manuscript ref5; long-duration in-vessel Hall-probe drift/calibration-stability study at JET -- directly comparable metrology precedent for HSX Hall-sensor long-term stability claims and the harsh-environment/radiation coverage bullet.,Independently re-verified via Crossref works/<doi> record; also independently confirmed by two lane-search subagents.,abstract_metadata,Manuscript ref5.
A0057,"I. Bolshakova, M. Bulavin, N. Kargin, Ya. Kost, T. Kuech, S. Kulikov, M. Radishevskiy, F. Shurygin, M. Strikhanov, I. Vasilevskii, and A. Vasyliev, ""Metal Hall sensors for the new generation fusion reactors of DEMO scale,"" Nucl. Fusion, vol. 57, no. 11, art. 116042, 2017, doi: 10.1088/1741-4326/aa7867.",Metal Hall sensors for the new generation fusion reactors of DEMO scale,"I. Bolshakova, M. Bulavin, N. Kargin, Ya. Kost, T. Kuech, S. Kulikov, M. Radishevskiy, F. Shurygin, M. Strikhanov, I. Vasilevskii, A. Vasyliev",2017,Nuclear Fusion,10.1088/1741-4326/aa7867,https://doi.org/10.1088/1741-4326/aa7867,journal_article,verified_peer_reviewed,A,metal Hall sensor;radiation tolerance;DEMO;fusion diagnostics;novelty comparison,"Manuscript ref6; alternative (metal-based, non-semiconductor) Hall sensor materials for DEMO-scale radiation environments -- directly supports the materials-comparison/novelty discussion against GaN.",Independently re-verified via Crossref works/<doi> record.,abstract_metadata,Manuscript ref6.
A0058,"R. Chu, K. Chen, C.-M. Zetterling, and R. Schrimpf, ""(Ultra)wide-bandgap semiconductors for extreme environment electronics,"" Appl. Phys. Lett., vol. 126, no. 12, art. 120401, 2025, doi: 10.1063/5.0266356.",(Ultra)wide-bandgap semiconductors for extreme environment electronics,"Rongming Chu, Kevin Chen, Carl-Mikael Zetterling, Ronald Schrimpf",2025,Applied Physics Letters,10.1063/5.0266356,https://doi.org/10.1063/5.0266356,review_article,verified_peer_reviewed,B,GaN;SiC;wide bandgap;ultra-wide bandgap;high temperature;radiation tolerance;extreme environment,"Frames the current state of the art in WBG/UWBG device tolerance to radiation, high temperature, and harsh environments -- general device-physics context for the extreme-environment coverage bullet.","Verified via Crossref works/<doi> record confirmed by lane-search subagent, corroborated by the AIP special-collection page identifying it as an invited Perspective.",metadata_only,"Published as a guest-editor Perspective introducing an AIP special-topic collection -- peer-reviewed but perspective-style rather than a conventional primary-research review; flagged honestly, tier B rather than A for that reason."
A0059,"S. J. Pearton, A. Aitkaliyeva, M. Xian, F. Ren, A. Khachatrian, A. Ildefonso, Z. Islam, M. A. J. Rasel, A. Haque, A. Y. Polyakov, and J. Kim, ""Review-Radiation Damage in Wide and Ultra-Wide Bandgap Semiconductors,"" ECS J. Solid State Sci. Technol., vol. 10, no. 5, art. 055008, 2021, doi: 10.1149/2162-8777/abfc23.",Review-Radiation Damage in Wide and Ultra-Wide Bandgap Semiconductors,"S. J. Pearton, Assel Aitkaliyeva, Minghan Xian, Fan Ren, Ani Khachatrian, Adrian Ildefonso, Zahabul Islam, Md Abu Jafar Rasel, Aman Haque, A. Y. Polyakov, Jihyun Kim",2021,ECS Journal of Solid State Science and Technology,10.1149/2162-8777/abfc23,https://doi.org/10.1149/2162-8777/abfc23,review_article,verified_peer_reviewed,B,GaN;SiC;wide bandgap;radiation tolerance;radiation damage;extreme environment,"Broad review of radiation-damage mechanisms across WBG/UWBG material families (SiC, GaN, Ga2O3, diamond) -- established literature context for the radiation-tolerance coverage bullet (citation context only, not a proposal for new radiation experiments).",Verified via Crossref works/<doi> record confirmed by lane-search subagent.,metadata_only,Radiation content used strictly as established-literature context per mission scope rule (no new neutron/gamma experiments in scope).
A0060,"S. J. Pearton, F. Ren, E. Patrick, M. E. Law, and A. Y. Polyakov, ""Review-Ionizing Radiation Damage Effects on GaN Devices,"" ECS J. Solid State Sci. Technol., vol. 5, no. 2, pp. Q35-Q60, 2016, doi: 10.1149/2.0251602jss.",Review-Ionizing Radiation Damage Effects on GaN Devices,"S. J. Pearton, F. Ren, Erin Patrick, M. E. Law, Alexander Y. Polyakov",2016,ECS Journal of Solid State Science and Technology,10.1149/2.0251602jss,https://doi.org/10.1149/2.0251602jss,review_article,verified_peer_reviewed,B,GaN;radiation tolerance;ionizing radiation;device reliability;extreme environment,"GaN-specific review of proton/neutron/gamma/electron irradiation damage -- established literature for citing GaN radiation tolerance as context only, consistent with the mission's scope rule against new radiation experiments.",Verified via Crossref works/<doi> record confirmed by lane-search subagent.,metadata_only,"Radiation content used strictly as established-literature context; distinguish from the separate in-preparation TCAD radiation-sensitivity modeling paper (Van Gorp/Dawes/Zhao/Senesky), which is unpublished simulation work, not this citable literature."
A0061,"C. Wu, X. Fang, H. Sun, Z. Zhang, M. Shi, Z. Liu, Z. Fang, Y. Yan, Q. Kang, R. Maeda, B. Tian, L. Zhao, and Z. Jiang, ""Advances in silicon carbide pressure sensors for high-temperature extreme environment sensing,"" Microsyst. Nanoeng., vol. 12, art. 45, 2026, doi: 10.1038/s41378-026-01214-3.",Advances in silicon carbide pressure sensors for high-temperature extreme environment sensing,"Chen Wu, Xudong Fang, Hao Sun, Zhongkai Zhang, Meng Shi, Zhaojun Liu, Ziyan Fang, Yuefei Yan, Qiang Kang, Ryutaro Maeda, Bian Tian, Libo Zhao, Zhuangde Jiang",2026,Microsystems & Nanoengineering,10.1038/s41378-026-01214-3,https://doi.org/10.1038/s41378-026-01214-3,review_article,verified_peer_reviewed,B,SiC;wide bandgap;high temperature;extreme environment;harsh-environment instrumentation,Reviews SiC-based sensor advances for high-temperature/harsh-environment sensing -- an analogous (non-magnetic) extreme-environment instrumentation precedent for WBG sensor deployment generally.,Verified via Crossref works/<doi> record confirmed by lane-search subagent.,metadata_only,
A0062,"M. De Napoli, ""SiC detectors: A review on the use of silicon carbide as radiation detection material,"" Front. Phys., vol. 10, art. 898833, 2022, doi: 10.3389/fphy.2022.898833.",SiC detectors: A review on the use of silicon carbide as radiation detection material,Marzio De Napoli,2022,Frontiers in Physics,10.3389/fphy.2022.898833,https://doi.org/10.3389/fphy.2022.898833,review_article,verified_peer_reviewed,B,SiC;wide bandgap;radiation tolerance;radiation detector;extreme environment,"Reviews SiC as a radiation-detection material (growth, defects, contacts, detector performance) -- WBG reliability/radiation-tolerance literature relevant to the extreme-environment instrumentation coverage bullet.",Verified via Crossref record (bibliographic + exact-DOI) confirmed by lane-search subagent; abstract-level summary returned.,abstract_metadata,
A0063,"N. Islam, M. F. P. Mohamed, M. F. A. J. Khan, S. Falina, H. Kawarada, and M. Syamsul, ""Reliability, Applications and Challenges of GaN HEMT Technology for Modern Power Devices: A Review,"" Crystals, vol. 12, no. 11, art. 1581, 2022, doi: 10.3390/cryst12111581.","Reliability, Applications and Challenges of GaN HEMT Technology for Modern Power Devices: A Review","Naeemul Islam, Mohamed Fauzi Packeer Mohamed, Muhammad Firdaus Akbar Jalaludin Khan, Shaili Falina, Hiroshi Kawarada, Mohd Syamsul",2022,Crystals,10.3390/cryst12111581,https://doi.org/10.3390/cryst12111581,review_article,verified_peer_reviewed,B,GaN;wide bandgap;high temperature;reliability;power device,Reviews GaN HEMT reliability under thermal/current/breakdown stress -- general GaN device-reliability literature supporting the harsh-environment framing of the manuscript's device platform.,Verified via Crossref works/<doi> record confirmed by lane-search subagent.,metadata_only,
A0064,"I. Capan, ""Wide-Bandgap Semiconductors for Radiation Detection: A Review,"" Materials, vol. 17, no. 5, art. 1147, 2024, doi: 10.3390/ma17051147.",Wide-Bandgap Semiconductors for Radiation Detection: A Review,Ivana Capan,2024,Materials,10.3390/ma17051147,https://doi.org/10.3390/ma17051147,review_article,verified_peer_reviewed,B,GaN;SiC;wide bandgap;radiation tolerance;radiation detector,"Reviews 4H-SiC, GaN, and beta-Ga2O3 radiation-detector performance -- WBG radiation-tolerance literature across the same material families as the manuscript's device, used as citation context only.",Verified via Crossref record (bibliographic + exact-DOI) confirmed by lane-search subagent; abstract-level summary returned.,abstract_metadata,
A0065,"M. Crescentini, S. F. Syeda, and G. P. Gibiino, ""Hall-Effect Current Sensors: Principles of Operation and Implementation Techniques,"" IEEE Sensors J., vol. 22, no. 11, pp. 10137-10151, 2022, doi: 10.1109/JSEN.2021.3119766.",Hall-Effect Current Sensors: Principles of Operation and Implementation Techniques,"Marco Crescentini, Sana Fatima Syeda, Gian Piero Gibiino",2022,IEEE Sensors Journal,10.1109/jsen.2021.3119766,https://doi.org/10.1109/jsen.2021.3119766,review_article,verified_peer_reviewed,A,Hall sensor review;performance table;current sensing;sensitivity;offset;bandwidth,Comprehensive review of Hall-effect current-sensor operating principles and implementation techniques across geometries and readout architectures -- directly useful structural template for the AE-requested comparison table (C011).,Independently re-verified via Crossref works/<doi> record.,abstract_metadata,"Harvested from ../04_Magnetic_Sensor_Review_Sensors2026/outputs/references.bib (Crescentini2022hallcurrent), re-verified independently this stage."
A0066,"S.-M. Lim and J.-S. Park, ""A Low Noise Offset Cancellation Method for Improving Sensitivity of CMOS Hall Sensor,"" J. Electr. Eng. Technol., vol. 14, no. 1, pp. 377-383, 2019, doi: 10.1007/s42835-018-00031-7.",A Low Noise Offset Cancellation Method for Improving Sensitivity of CMOS Hall Sensor,"Se-Mi Lim, Jun-Seok Park",2019,Journal of Electrical Engineering & Technology,10.1007/s42835-018-00031-7,https://doi.org/10.1007/s42835-018-00031-7,journal_article,verified_peer_reviewed,B,offset cancellation;low noise;CMOS Hall sensor;sensitivity,Reports a low-noise offset-cancellation method improving CMOS Hall sensor sensitivity -- directly relevant to the noise/offset/sensitivity comparison table.,Independently re-verified via Crossref works/<doi> record.,abstract_metadata,"Harvested from ../04_Magnetic_Sensor_Review_Sensors2026/outputs/references.bib (JEET2019lownoisehall), re-verified independently this stage."
A0067,"L. Bouguen, L. Konczewicz, S. Contreras, B. Jouault, J. Camassel, and Y. Cordier, ""High temperature behaviour of AlGaN/AlN/GaN Hall-FET sensors,"" Mater. Sci. Eng. B, vol. 165, no. 3, pp. 141-144, 2009, doi: 10.1016/j.mseb.2008.11.041.",High temperature behaviour of AlGaN/AlN/GaN Hall-FET sensors,"L. Bouguen, L. Konczewicz, S. Contreras, B. Jouault, J. Camassel, Y. Cordier",2009,Materials Science and Engineering: B,10.1016/j.mseb.2008.11.041,https://doi.org/10.1016/j.mseb.2008.11.041,journal_article,verified_peer_reviewed,B,GaN;AlGaN/AlN/GaN;Hall-FET;high temperature;novelty comparison;performance table,Additional early prior-art GaN heterostructure Hall-FET performance vs. temperature -- reinforces that GaN Hall sensing predates the manuscript (C009/C010) and adds a comparison-table datapoint (C011).,Verified via Crossref works/<doi> record confirmed by lane-search subagent.,metadata_only,
A0068,"S. Shetty, S. R. Eisner, A. Hassan, A. Lalwani, D. Baral, Y. I. Mazur, D. G. Senesky, H. O. H. Churchill, Z. Chen, H. A. Mantooth, and G. J. Salamo, ""Temperature, Sensitivity, and Frequency Response of AlN/GaN Heterostructure Micro-Hall Effect Sensor,"" IEEE Trans. Electron Devices, vol. 71, no. 5, pp. 3175-3182, 2024, doi: 10.1109/ted.2024.3382643.","Temperature, Sensitivity, and Frequency Response of AlN/GaN Heterostructure Micro-Hall Effect Sensor","Satish Shetty, Savannah R. Eisner, Ayesha Hassan, Anand Lalwani, Dinesh Baral, Yuriy I. Mazur, Debbie G. Senesky, H. O. H. Churchill, Zhong Chen, H. Alan Mantooth, Gregory J. Salamo",2024,IEEE Transactions on Electron Devices,10.1109/ted.2024.3382643,https://doi.org/10.1109/ted.2024.3382643,journal_article,verified_peer_reviewed,A,GaN;AlN/GaN;Hall sensor;frequency response;bandwidth;sensitivity;novelty comparison;performance table,"Reports temperature, sensitivity, AND frequency-response (bandwidth) of an AlN/GaN micro-Hall sensor, co-authored by Senesky (Tim's own PI) -- the bandwidth data is especially pertinent to Reviewer 2's dynamic-field-detection framing (C010) and directly answers the AE's request to justify the 1 MHz bandwidth figure (C003) with a comparable-device datapoint.",Verified via Crossref works/<doi> record confirmed by lane-search subagent.,metadata_only,"Senesky-group co-authorship overlap; rare comparator that reports frequency response/bandwidth explicitly, directly useful for the reviewer's bandwidth-justification request."
