Model: ,Oscilloscope DSO-X 4022A
Serial Number:,MY57310245
Address: ,USBInstrument1
Date: ,2026-07-10 18:41:16

Sample Number,Time (s),2 (VOLT),
1,-0.005,-0.143842056393623,
2,-0.004994885,-1.48275418579578,
3,-0.00498977,-1.81748221814632,
4,-0.004984655,-1.65011820197105,
5,-0.00497954,-2.15221025049686,
6,-0.004974425,-1.81748221814632,
7,-0.00496931,-1.81748221814632,
8,-0.004964195,-1.81748221814632,
9,-0.00495908,-1.81748221814632,
10,-0.004953965,-1.98484623432159,
11,-0.00494885,-1.81748221814632,
12,-0.004943735,-1.81748221814632,
13,-0.00493862,-1.65011820197105,
14,-0.004933505,-1.81748221814632,
15,-0.00492839,-1.81748221814632,
16,-0.004923275,-1.48275418579578,
17,-0.00491816,-1.65011820197105,
18,-0.004913045,-1.65011820197105,
19,-0.00490793,-1.65011820197105,
20,-0.004902815,-1.81748221814632,
21,-0.0048977,-2.15221025049686,
22,-0.004892585,-1.98484623432159,
23,-0.00488747,-1.81748221814632,
24,-0.004882355,-2.15221025049686,
25,-0.00487724,-1.98484623432159,
26,-0.004872125,-1.81748221814632,
27,-0.00486701,-1.65011820197105,
28,-0.004861895,-1.65011820197105,
29,-0.00485678,-1.81748221814632,
30,-0.004851665,-2.15221025049686,
31,-0.00484655,-1.81748221814632,
32,-0.004841435,-1.81748221814632,
33,-0.00483632,-2.31957426667213,
34,-0.004831205,-1.65011820197105,
35,-0.00482609,-2.15221025049686,
36,-0.004820975,-1.81748221814632,
37,-0.00481586,-1.98484623432159,
38,-0.004810745,-1.65011820197105,
39,-0.00480563,-1.48275418579578,
40,-0.004800515,-1.98484623432159,
41,-0.0047954,1.69716212153435,
42,-0.004790285,1.36243408918381,
43,-0.00478517,1.69716212153435,
44,-0.004780055,1.86452613770962,
45,-0.00477494,1.69716212153435,
46,-0.004769825,1.86452613770962,
47,-0.00476471,1.52979810535908,
48,-0.004759595,1.52979810535908,
49,-0.00475448,1.36243408918381,
50,-0.004749365,1.69716212153435,
51,-0.00474425,1.52979810535908,
52,-0.004739135,1.69716212153435,
53,-0.00473402,1.69716212153435,
54,-0.004728905,1.69716212153435,
55,-0.00472379,1.52979810535908,
56,-0.004718675,1.86452613770962,
57,-0.00471356,1.69716212153435,
58,-0.004708445,1.86452613770962,
59,-0.00470333,1.52979810535908,
60,-0.004698215,-1.98484623432159,
61,-0.0046931,-1.65011820197105,
62,-0.004687985,-2.4869382828474,
63,-0.00468287,-1.81748221814632,
64,-0.004677755,-1.65011820197105,
65,-0.00467264,-1.81748221814632,
66,-0.004667525,-1.65011820197105,
67,-0.00466241,-0.980662137269974,
68,-0.004657295,-1.48275418579578,
69,-0.00465218,-1.98484623432159,
70,-0.004647065,-1.48275418579578,
71,-0.00464195,-1.81748221814632,
72,-0.004636835,-1.98484623432159,
73,-0.00463172,-2.15221025049686,
74,-0.004626605,-1.65011820197105,
75,-0.00462149,-1.98484623432159,
76,-0.004616375,-1.31539016962051,
77,-0.00461126,-1.65011820197105,
78,-0.004606145,-1.81748221814632,
79,-0.00460103,-1.31539016962051,
80,-0.004595915,1.52979810535908,
81,-0.0045908,1.52979810535908,
82,-0.004585685,1.86452613770962,
83,-0.00458057,1.52979810535908,
84,-0.004575455,1.52979810535908,
85,-0.00457034,1.86452613770962,
86,-0.004565225,1.52979810535908,
87,-0.00456011,1.52979810535908,
88,-0.004554995,1.86452613770962,
89,-0.00454988,1.36243408918381,
90,-0.004544765,1.52979810535908,
91,-0.00453965,1.36243408918381,
92,-0.004534535,1.69716212153435,
93,-0.00452942,1.36243408918381,
94,-0.004524305,1.52979810535908,
95,-0.00451919,1.69716212153435,
96,-0.004514075,1.86452613770962,
97,-0.00450896,1.52979810535908,
98,-0.004503845,1.86452613770962,
99,-0.00449873,1.36243408918381,
100,-0.004493615,1.86452613770962,
101,-0.0044885,1.52979810535908,
102,-0.004483385,1.19507007300854,
103,-0.00447827,1.36243408918381,
104,-0.004473155,1.36243408918381,
105,-0.00446804,1.69716212153435,
106,-0.004462925,1.52979810535908,
107,-0.00445781,1.52979810535908,
108,-0.004452695,2.03189015388489,
109,-0.00444758,1.52979810535908,
110,-0.004442465,1.52979810535908,
111,-0.00443735,1.52979810535908,
112,-0.004432235,1.86452613770962,
113,-0.00442712,0.525614008307457,
114,-0.004422005,1.69716212153435,
115,-0.00441689,1.69716212153435,
116,-0.004411775,1.69716212153435,
117,-0.00440666,1.69716212153435,
118,-0.004401545,1.52979810535908,
119,-0.00439643,-1.81748221814632,
120,-0.004391315,-1.65011820197105,
121,-0.0043862,-1.98484623432159,
122,-0.004381085,-0.813298121094704,
123,-0.00437597,-1.98484623432159,
124,-0.004370855,-1.65011820197105,
125,-0.00436574,-1.65011820197105,
126,-0.004360625,-1.81748221814632,
127,-0.00435551,-1.98484623432159,
128,-0.004350395,-2.15221025049686,
129,-0.00434528,-1.81748221814632,
130,-0.004340165,-1.65011820197105,
131,-0.00433505,-2.15221025049686,
132,-0.004329935,-1.48275418579578,
133,-0.00432482,-1.81748221814632,
134,-0.004319705,-1.81748221814632,
135,-0.00431459,-1.81748221814632,
136,-0.004309475,-1.65011820197105,
137,-0.00430436,-1.98484623432159,
138,-0.004299245,1.52979810535908,
139,-0.00429413,1.69716212153435,
140,-0.004289015,1.69716212153435,
141,-0.0042839,1.69716212153435,
142,-0.004278785,1.52979810535908,
143,-0.00427367,1.52979810535908,
144,-0.004268555,1.86452613770962,
145,-0.00426344,1.86452613770962,
146,-0.004258325,1.86452613770962,
147,-0.00425321,1.69716212153435,
148,-0.004248095,1.69716212153435,
149,-0.00424298,1.52979810535908,
150,-0.004237865,1.52979810535908,
151,-0.00423275,1.19507007300854,
152,-0.004227635,1.69716212153435,
153,-0.00422252,1.69716212153435,
154,-0.004217405,1.69716212153435,
155,-0.00421229,1.52979810535908,
156,-0.004207175,1.86452613770962,
157,-0.00420206,1.69716212153435,
158,-0.004196945,-1.81748221814632,
159,-0.00419183,-1.98484623432159,
160,-0.004186715,-1.98484623432159,
161,-0.0041816,-1.81748221814632,
162,-0.004176485,-1.48275418579578,
163,-0.00417137,-1.81748221814632,
164,-0.004166255,-1.81748221814632,
165,-0.00416114,-2.15221025049686,
166,-0.004156025,-1.81748221814632,
167,-0.00415091,-1.81748221814632,
168,-0.004145795,-2.4869382828474,
169,-0.00414068,-1.81748221814632,
170,-0.004135565,-1.81748221814632,
171,-0.00413045,-2.15221025049686,
172,-0.004125335,-1.81748221814632,
173,-0.00412022,-1.65011820197105,
174,-0.004115105,-1.48275418579578,
175,-0.00410999,-1.98484623432159,
176,-0.004104875,-1.65011820197105,
177,-0.00409976,-1.81748221814632,
178,-0.004094645,-1.65011820197105,
179,-0.00408953,-1.98484623432159,
180,-0.004084415,-1.98484623432159,
181,-0.0040793,-1.81748221814632,
182,-0.004074185,-1.81748221814632,
183,-0.00406907,-1.98484623432159,
184,-0.004063955,-1.65011820197105,
185,-0.00405884,-1.65011820197105,
186,-0.004053725,-1.81748221814632,
187,-0.00404861,-1.98484623432159,
188,-0.004043495,-1.48275418579578,
189,-0.00403838,-1.81748221814632,
190,-0.004033265,-1.81748221814632,
191,-0.00402815,-1.98484623432159,
192,-0.004023035,-1.81748221814632,
193,-0.00401792,-1.98484623432159,
194,-0.004012805,-1.65011820197105,
195,-0.00400769,-1.65011820197105,
196,-0.004002575,-1.81748221814632,
197,-0.00399746,1.19507007300854,
198,-0.003992345,1.69716212153435,
199,-0.00398723,1.36243408918381,
200,-0.003982115,1.52979810535908,
201,-0.003977,1.52979810535908,
202,-0.003971885,2.03189015388489,
203,-0.00396677,1.86452613770962,
204,-0.003961655,1.69716212153435,
205,-0.00395654,1.69716212153435,
206,-0.003951425,1.69716212153435,
207,-0.00394631,1.69716212153435,
208,-0.003941195,1.36243408918381,
209,-0.00393608,1.69716212153435,
210,-0.003930965,1.86452613770962,
211,-0.00392585,2.03189015388489,
212,-0.003920735,1.52979810535908,
213,-0.00391562,1.69716212153435,
214,-0.003910505,2.03189015388489,
215,-0.00390539,1.36243408918381,
216,-0.003900275,1.69716212153435,
217,-0.00389516,-1.81748221814632,
218,-0.003890045,-1.81748221814632,
219,-0.00388493,-1.81748221814632,
220,-0.003879815,-1.81748221814632,
221,-0.0038747,-1.81748221814632,
222,-0.003869585,-1.81748221814632,
223,-0.00386447,-1.81748221814632,
224,-0.003859355,-1.31539016962051,
225,-0.00385424,-1.81748221814632,
226,-0.003849125,-1.65011820197105,
227,-0.00384401,-1.81748221814632,
228,-0.003838895,-1.48275418579578,
229,-0.00383378,-1.98484623432159,
230,-0.003828665,-1.65011820197105,
231,-0.00382355,-1.81748221814632,
232,-0.003818435,-1.98484623432159,
233,-0.00381332,-1.65011820197105,
234,-0.003808205,-1.65011820197105,
235,-0.00380309,-2.15221025049686,
236,-0.003797975,1.52979810535908,
237,-0.00379286,1.19507007300854,
238,-0.003787745,1.69716212153435,
239,-0.00378263,1.36243408918381,
240,-0.003777515,1.69716212153435,
241,-0.0037724,1.52979810535908,
242,-0.003767285,1.86452613770962,
243,-0.00376217,1.69716212153435,
244,-0.003757055,1.52979810535908,
245,-0.00375194,1.52979810535908,
246,-0.003746825,1.52979810535908,
247,-0.00374171,1.36243408918381,
248,-0.003736595,1.19507007300854,
249,-0.00373148,1.36243408918381,
250,-0.003726365,1.86452613770962,
251,-0.00372125,1.52979810535908,
252,-0.003716135,1.52979810535908,
253,-0.00371102,1.52979810535908,
254,-0.003705905,1.86452613770962,
255,-0.00370079,1.69716212153435,
256,-0.003695675,1.52979810535908,
257,-0.00369056,1.02770605683327,
258,-0.003685445,1.69716212153435,
259,-0.00368033,1.52979810535908,
260,-0.003675215,1.02770605683327,
261,-0.0036701,1.52979810535908,
262,-0.003664985,1.86452613770962,
263,-0.00365987,1.52979810535908,
264,-0.003654755,1.69716212153435,
265,-0.00364964,1.52979810535908,
266,-0.003644525,1.69716212153435,
267,-0.00363941,1.36243408918381,
268,-0.003634295,1.69716212153435,
269,-0.00362918,1.52979810535908,
270,-0.003624065,1.52979810535908,
271,-0.00361895,1.36243408918381,
272,-0.003613835,1.69716212153435,
273,-0.00360872,1.52979810535908,
274,-0.003603605,1.69716212153435,
275,-0.00359849,-1.81748221814632,
276,-0.003593375,-1.65011820197105,
277,-0.00358826,-1.98484623432159,
278,-0.003583145,-1.65011820197105,
279,-0.00357803,-1.65011820197105,
280,-0.003572915,-1.31539016962051,
281,-0.0035678,-1.81748221814632,
282,-0.003562685,-1.48275418579578,
283,-0.00355757,-1.65011820197105,
284,-0.003552455,-1.65011820197105,
285,-0.00354734,-1.48275418579578,
286,-0.003542225,-1.98484623432159,
287,-0.00353711,-1.81748221814632,
288,-0.003531995,-1.81748221814632,
289,-0.00352688,-1.65011820197105,
290,-0.003521765,-1.65011820197105,
291,-0.00351665,-1.48275418579578,
292,-0.003511535,-1.14802615344524,
293,-0.00350642,-1.81748221814632,
294,-0.003501305,-1.48275418579578,
295,-0.00349619,1.86452613770962,
296,-0.003491075,1.69716212153435,
297,-0.00348596,1.36243408918381,
298,-0.003480845,1.69716212153435,
299,-0.00347573,1.36243408918381,
300,-0.003470615,1.69716212153435,
301,-0.0034655,1.52979810535908,
302,-0.003460385,1.52979810535908,
303,-0.00345527,2.36661818623543,
304,-0.003450155,1.69716212153435,
305,-0.00344504,1.86452613770962,
306,-0.003439925,2.03189015388489,
307,-0.00343481,1.52979810535908,
308,-0.003429695,1.69716212153435,
309,-0.00342458,1.36243408918381,
310,-0.003419465,1.52979810535908,
311,-0.00341435,1.36243408918381,
312,-0.003409235,1.36243408918381,
313,-0.00340412,1.52979810535908,
314,-0.003399005,-1.81748221814632,
315,-0.00339389,-1.81748221814632,
316,-0.003388775,-1.65011820197105,
317,-0.00338366,-1.81748221814632,
318,-0.003378545,-1.81748221814632,
319,-0.00337343,-1.81748221814632,
320,-0.003368315,-1.65011820197105,
321,-0.0033632,-1.81748221814632,
322,-0.003358085,-1.65011820197105,
323,-0.00335297,-1.81748221814632,
324,-0.003347855,-1.81748221814632,
325,-0.00334274,-1.98484623432159,
326,-0.003337625,-1.81748221814632,
327,-0.00333251,-1.81748221814632,
328,-0.003327395,-1.81748221814632,
329,-0.00332228,-1.81748221814632,
330,-0.003317165,-1.81748221814632,
331,-0.00331205,-1.98484623432159,
332,-0.003306935,-1.31539016962051,
333,-0.00330182,-1.98484623432159,
334,-0.003296705,-1.65011820197105,
335,-0.00329159,-1.98484623432159,
336,-0.003286475,-1.81748221814632,
337,-0.00328136,-1.98484623432159,
338,-0.003276245,-1.81748221814632,
339,-0.00327113,-1.81748221814632,
340,-0.003266015,-1.98484623432159,
341,-0.0032609,-2.15221025049686,
342,-0.003255785,-1.65011820197105,
343,-0.00325067,-1.81748221814632,
344,-0.003245555,-1.98484623432159,
345,-0.00324044,-1.81748221814632,
346,-0.003235325,-1.81748221814632,
347,-0.00323021,-1.81748221814632,
348,-0.003225095,-1.65011820197105,
349,-0.00321998,-2.31957426667213,
350,-0.003214865,-1.81748221814632,
351,-0.00320975,-1.81748221814632,
352,-0.003204635,-2.15221025049686,
353,-0.00319952,1.69716212153435,
354,-0.003194405,1.86452613770962,
355,-0.00318929,1.02770605683327,
356,-0.003184175,1.69716212153435,
357,-0.00317906,1.52979810535908,
358,-0.003173945,1.36243408918381,
359,-0.00316883,1.52979810535908,
360,-0.003163715,1.69716212153435,
361,-0.0031586,1.52979810535908,
362,-0.003153485,1.36243408918381,
363,-0.00314837,1.69716212153435,
364,-0.003143255,1.52979810535908,
365,-0.00313814,1.36243408918381,
366,-0.003133025,1.36243408918381,
367,-0.00312791,1.52979810535908,
368,-0.003122795,1.69716212153435,
369,-0.00311768,1.69716212153435,
370,-0.003112565,1.86452613770962,
371,-0.00310745,1.69716212153435,
372,-0.003102335,1.86452613770962,
373,-0.00309722,-1.81748221814632,
374,-0.003092105,-1.65011820197105,
375,-0.00308699,-2.15221025049686,
376,-0.003081875,-1.65011820197105,
377,-0.00307676,-1.48275418579578,
378,-0.003071645,-2.15221025049686,
379,-0.00306653,-1.81748221814632,
380,-0.003061415,-1.48275418579578,
381,-0.0030563,-1.81748221814632,
382,-0.003051185,-1.81748221814632,
383,-0.00304607,-0.980662137269974,
384,-0.003040955,-1.65011820197105,
385,-0.00303584,-1.98484623432159,
386,-0.003030725,-1.31539016962051,
387,-0.00302561,-1.81748221814632,
388,-0.003020495,-1.65011820197105,
389,-0.00301538,-2.15221025049686,
390,-0.003010265,-1.65011820197105,
391,-0.00300515,-1.81748221814632,
392,-0.003000035,-0.645934104919434,
393,-0.00299492,1.36243408918381,
394,-0.002989805,1.52979810535908,
395,-0.00298469,0.860342040657997,
396,-0.002979575,1.86452613770962,
397,-0.00297446,1.52979810535908,
398,-0.002969345,1.86452613770962,
399,-0.00296423,1.69716212153435,
400,-0.002959115,1.69716212153435,
401,-0.002954,2.03189015388489,
402,-0.002948885,1.69716212153435,
403,-0.00294377,1.36243408918381,
404,-0.002938655,1.69716212153435,
405,-0.00293354,1.69716212153435,
406,-0.002928425,1.36243408918381,
407,-0.00292331,1.36243408918381,
408,-0.002918195,1.86452613770962,
409,-0.00291308,1.36243408918381,
410,-0.002907965,1.52979810535908,
411,-0.00290285,1.69716212153435,
412,-0.002897735,2.03189015388489,
413,-0.00289262,1.36243408918381,
414,-0.002887505,1.52979810535908,
415,-0.00288239,1.36243408918381,
416,-0.002877275,1.52979810535908,
417,-0.00287216,1.52979810535908,
418,-0.002867045,1.52979810535908,
419,-0.00286193,1.52979810535908,
420,-0.002856815,1.52979810535908,
421,-0.0028517,1.86452613770962,
422,-0.002846585,1.69716212153435,
423,-0.00284147,1.52979810535908,
424,-0.002836355,2.19925417006016,
425,-0.00283124,1.52979810535908,
426,-0.002826125,1.19507007300854,
427,-0.00282101,1.36243408918381,
428,-0.002815895,1.69716212153435,
429,-0.00281078,0.692978024482727,
430,-0.002805665,1.36243408918381,
431,-0.00280055,1.52979810535908,
432,-0.002795435,-1.98484623432159,
433,-0.00279032,-1.81748221814632,
434,-0.002785205,-1.81748221814632,
435,-0.00278009,-1.98484623432159,
436,-0.002774975,-1.65011820197105,
437,-0.00276986,-1.81748221814632,
438,-0.002764745,-0.813298121094704,
439,-0.00275963,-1.81748221814632,
440,-0.002754515,-1.81748221814632,
441,-0.0027494,-1.48275418579578,
442,-0.002744285,-1.48275418579578,
443,-0.00273917,-1.81748221814632,
444,-0.002734055,-2.15221025049686,
445,-0.00272894,-1.81748221814632,
446,-0.002723825,-1.81748221814632,
447,-0.00271871,-2.15221025049686,
448,-0.002713595,-1.81748221814632,
449,-0.00270848,-1.65011820197105,
450,-0.002703365,-1.81748221814632,
451,-0.00269825,1.52979810535908,
452,-0.002693135,1.86452613770962,
453,-0.00268802,1.36243408918381,
454,-0.002682905,1.69716212153435,
455,-0.00267779,1.52979810535908,
456,-0.002672675,1.69716212153435,
457,-0.00266756,1.69716212153435,
458,-0.002662445,1.69716212153435,
459,-0.00265733,1.52979810535908,
460,-0.002652215,1.52979810535908,
461,-0.0026471,1.69716212153435,
462,-0.002641985,1.52979810535908,
463,-0.00263687,1.69716212153435,
464,-0.002631755,1.69716212153435,
465,-0.00262664,1.52979810535908,
466,-0.002621525,1.86452613770962,
467,-0.00261641,1.36243408918381,
468,-0.002611295,1.69716212153435,
469,-0.00260618,1.52979810535908,
470,-0.002601065,1.52979810535908,
471,-0.00259595,-1.98484623432159,
472,-0.002590835,-1.81748221814632,
473,-0.00258572,-1.98484623432159,
474,-0.002580605,-1.81748221814632,
475,-0.00257549,-1.98484623432159,
476,-0.002570375,-1.81748221814632,
477,-0.00256526,-1.81748221814632,
478,-0.002560145,-1.48275418579578,
479,-0.00255503,-1.81748221814632,
480,-0.002549915,-1.81748221814632,
481,-0.0025448,-2.15221025049686,
482,-0.002539685,-1.65011820197105,
483,-0.00253457,-1.81748221814632,
484,-0.002529455,-2.15221025049686,
485,-0.00252434,-1.98484623432159,
486,-0.002519225,-1.65011820197105,
487,-0.00251411,-2.31957426667213,
488,-0.002508995,-1.81748221814632,
489,-0.00250388,-1.81748221814632,
490,-0.002498765,-1.48275418579578,
491,-0.00249365,-1.98484623432159,
492,-0.002488535,-1.81748221814632,
493,-0.00248342,-1.81748221814632,
494,-0.002478305,-1.98484623432159,
495,-0.00247319,-1.81748221814632,
496,-0.002468075,-1.98484623432159,
497,-0.00246296,-1.81748221814632,
498,-0.002457845,-1.98484623432159,
499,-0.00245273,-1.65011820197105,
500,-0.002447615,-1.81748221814632,
501,-0.0024425,-1.65011820197105,
502,-0.002437385,-1.98484623432159,
503,-0.00243227,-1.98484623432159,
504,-0.002427155,-1.98484623432159,
505,-0.00242204,-1.65011820197105,
506,-0.002416925,-1.81748221814632,
507,-0.00241181,-1.98484623432159,
508,-0.002406695,-1.65011820197105,
509,-0.00240158,-1.81748221814632,
510,-0.002396465,1.69716212153435,
511,-0.00239135,1.52979810535908,
512,-0.002386235,1.69716212153435,
513,-0.00238112,1.52979810535908,
514,-0.002376005,1.52979810535908,
515,-0.00237089,1.69716212153435,
516,-0.002365775,1.69716212153435,
517,-0.00236066,2.03189015388489,
518,-0.002355545,1.69716212153435,
519,-0.00235043,1.86452613770962,
520,-0.002345315,1.52979810535908,
521,-0.0023402,1.86452613770962,
522,-0.002335085,1.69716212153435,
523,-0.00232997,1.52979810535908,
524,-0.002324855,1.19507007300854,
525,-0.00231974,1.69716212153435,
526,-0.002314625,1.69716212153435,
527,-0.00230951,2.03189015388489,
528,-0.002304395,1.52979810535908,
529,-0.00229928,-2.15221025049686,
530,-0.002294165,-0.980662137269974,
531,-0.00228905,-1.65011820197105,
532,-0.002283935,-1.81748221814632,
533,-0.00227882,-1.81748221814632,
534,-0.002273705,-1.98484623432159,
535,-0.00226859,-1.98484623432159,
536,-0.002263475,-2.31957426667213,
537,-0.00225836,-1.65011820197105,
538,-0.002253245,-1.81748221814632,
539,-0.00224813,-1.98484623432159,
540,-0.002243015,-1.65011820197105,
541,-0.0022379,-1.65011820197105,
542,-0.002232785,-1.81748221814632,
543,-0.00222767,-1.81748221814632,
544,-0.002222555,-1.65011820197105,
545,-0.00221744,-1.98484623432159,
546,-0.002212325,-1.65011820197105,
547,-0.00220721,-1.65011820197105,
548,-0.002202095,-1.98484623432159,
549,-0.00219698,1.86452613770962,
550,-0.002191865,1.52979810535908,
551,-0.00218675,1.69716212153435,
552,-0.002181635,1.36243408918381,
553,-0.00217652,0.860342040657997,
554,-0.002171405,1.52979810535908,
555,-0.00216629,1.52979810535908,
556,-0.002161175,1.52979810535908,
557,-0.00215606,1.86452613770962,
558,-0.002150945,1.36243408918381,
559,-0.00214583,2.03189015388489,
560,-0.002140715,1.52979810535908,
561,-0.0021356,1.86452613770962,
562,-0.002130485,1.36243408918381,
563,-0.00212537,1.52979810535908,
564,-0.002120255,0.860342040657997,
565,-0.00211514,1.52979810535908,
566,-0.002110025,1.36243408918381,
567,-0.00210491,1.19507007300854,
568,-0.002099795,1.36243408918381,
569,-0.00209468,1.69716212153435,
570,-0.002089565,1.86452613770962,
571,-0.00208445,1.86452613770962,
572,-0.002079335,1.36243408918381,
573,-0.00207422,1.02770605683327,
574,-0.002069105,1.69716212153435,
575,-0.00206399,1.52979810535908,
576,-0.002058875,0.860342040657997,
577,-0.00205376,1.52979810535908,
578,-0.002048645,1.69716212153435,
579,-0.00204353,1.52979810535908,
580,-0.002038415,1.52979810535908,
581,-0.0020333,1.86452613770962,
582,-0.002028185,1.69716212153435,
583,-0.00202307,1.36243408918381,
584,-0.002017955,1.69716212153435,
585,-0.00201284,1.69716212153435,
586,-0.002007725,1.52979810535908,
587,-0.00200261,1.52979810535908,
588,-0.001997495,-1.81748221814632,
589,-0.00199238,-1.65011820197105,
590,-0.001987265,-1.98484623432159,
591,-0.00198215,-1.81748221814632,
592,-0.001977035,-1.65011820197105,
593,-0.00197192,-1.98484623432159,
594,-0.001966805,-1.98484623432159,
595,-0.00196169,-1.65011820197105,
596,-0.001956575,-1.48275418579578,
597,-0.00195146,-1.98484623432159,
598,-0.001946345,-1.98484623432159,
599,-0.00194123,-1.48275418579578,
600,-0.001936115,-1.81748221814632,
601,-0.001931,-1.65011820197105,
602,-0.001925885,-1.81748221814632,
603,-0.00192077,-1.81748221814632,
604,-0.001915655,-1.81748221814632,
605,-0.00191054,-2.15221025049686,
606,-0.001905425,-1.65011820197105,
607,-0.00190031,-1.81748221814632,
608,-0.001895195,1.69716212153435,
609,-0.00189008,1.52979810535908,
610,-0.001884965,1.69716212153435,
611,-0.00187985,1.69716212153435,
612,-0.001874735,1.52979810535908,
613,-0.00186962,1.52979810535908,
614,-0.001864505,1.52979810535908,
615,-0.00185939,1.69716212153435,
616,-0.001854275,1.52979810535908,
617,-0.00184916,1.86452613770962,
618,-0.001844045,1.69716212153435,
619,-0.00183893,2.19925417006016,
620,-0.001833815,1.52979810535908,
621,-0.0018287,1.86452613770962,
622,-0.001823585,2.03189015388489,
623,-0.00181847,1.52979810535908,
624,-0.001813355,1.69716212153435,
625,-0.00180824,1.36243408918381,
626,-0.001803125,1.52979810535908,
627,-0.00179801,-1.65011820197105,
628,-0.001792895,-1.65011820197105,
629,-0.00178778,-1.81748221814632,
630,-0.001782665,-1.81748221814632,
631,-0.00177755,-1.81748221814632,
632,-0.001772435,-1.98484623432159,
633,-0.00176732,-1.81748221814632,
634,-0.001762205,-1.81748221814632,
635,-0.00175709,-1.81748221814632,
636,-0.001751975,-1.65011820197105,
637,-0.00174686,-1.81748221814632,
638,-0.001741745,-1.81748221814632,
639,-0.00173663,-1.65011820197105,
640,-0.001731515,-1.81748221814632,
641,-0.0017264,-1.81748221814632,
642,-0.001721285,-1.98484623432159,
643,-0.00171617,-1.81748221814632,
644,-0.001711055,-1.81748221814632,
645,-0.00170594,-1.81748221814632,
646,-0.001700825,-1.81748221814632,
647,-0.00169571,-1.81748221814632,
648,-0.001690595,-1.48275418579578,
649,-0.00168548,-1.81748221814632,
650,-0.001680365,-1.65011820197105,
651,-0.00167525,-1.65011820197105,
652,-0.001670135,-1.98484623432159,
653,-0.00166502,-1.98484623432159,
654,-0.001659905,-2.15221025049686,
655,-0.00165479,-1.65011820197105,
656,-0.001649675,-2.31957426667213,
657,-0.00164456,-1.98484623432159,
658,-0.001639445,-1.81748221814632,
659,-0.00163433,-1.31539016962051,
660,-0.001629215,-1.81748221814632,
661,-0.0016241,-1.81748221814632,
662,-0.001618985,-1.98484623432159,
663,-0.00161387,-1.98484623432159,
664,-0.001608755,-1.98484623432159,
665,-0.00160364,-2.15221025049686,
666,-0.001598525,1.52979810535908,
667,-0.00159341,1.69716212153435,
668,-0.001588295,1.86452613770962,
669,-0.00158318,1.69716212153435,
670,-0.001578065,1.69716212153435,
671,-0.00157295,1.19507007300854,
672,-0.001567835,1.52979810535908,
673,-0.00156272,1.52979810535908,
674,-0.001557605,1.36243408918381,
675,-0.00155249,1.86452613770962,
676,-0.001547375,1.52979810535908,
677,-0.00154226,1.86452613770962,
678,-0.001537145,1.52979810535908,
679,-0.00153203,1.69716212153435,
680,-0.001526915,1.69716212153435,
681,-0.0015218,1.52979810535908,
682,-0.001516685,1.52979810535908,
683,-0.00151157,1.52979810535908,
684,-0.001506455,1.52979810535908,
685,-0.00150134,1.52979810535908,
686,-0.001496225,-1.81748221814632,
687,-0.00149111,-1.65011820197105,
688,-0.001485995,-1.48275418579578,
689,-0.00148088,-1.98484623432159,
690,-0.001475765,-1.65011820197105,
691,-0.00147065,-1.48275418579578,
692,-0.001465535,-1.81748221814632,
693,-0.00146042,-1.48275418579578,
694,-0.001455305,-2.15221025049686,
695,-0.00145019,-1.98484623432159,
696,-0.001445075,-1.81748221814632,
697,-0.00143996,-1.65011820197105,
698,-0.001434845,-1.98484623432159,
699,-0.00142973,-1.31539016962051,
700,-0.001424615,-1.48275418579578,
701,-0.0014195,-1.81748221814632,
702,-0.001414385,-1.14802615344524,
703,-0.00140927,-1.48275418579578,
704,-0.001404155,-1.81748221814632,
705,-0.00139904,2.03189015388489,
706,-0.001393925,1.52979810535908,
707,-0.00138881,1.69716212153435,
708,-0.001383695,1.36243408918381,
709,-0.00137858,1.86452613770962,
710,-0.001373465,1.36243408918381,
711,-0.00136835,0.860342040657997,
712,-0.001363235,1.52979810535908,
713,-0.00135812,1.52979810535908,
714,-0.001353005,1.19507007300854,
715,-0.00134789,1.69716212153435,
716,-0.001342775,1.36243408918381,
717,-0.00133766,1.86452613770962,
718,-0.001332545,1.69716212153435,
719,-0.00132743,1.69716212153435,
720,-0.001322315,1.69716212153435,
721,-0.0013172,1.69716212153435,
722,-0.001312085,1.36243408918381,
723,-0.00130697,1.69716212153435,
724,-0.001301855,1.69716212153435,
725,-0.00129674,1.52979810535908,
726,-0.001291625,1.52979810535908,
727,-0.00128651,1.52979810535908,
728,-0.001281395,1.69716212153435,
729,-0.00127628,1.69716212153435,
730,-0.001271165,1.36243408918381,
731,-0.00126605,1.69716212153435,
732,-0.001260935,1.69716212153435,
733,-0.00125582,1.52979810535908,
734,-0.001250705,1.52979810535908,
735,-0.00124559,1.69716212153435,
736,-0.001240475,1.36243408918381,
737,-0.00123536,1.52979810535908,
738,-0.001230245,1.69716212153435,
739,-0.00122513,1.69716212153435,
740,-0.001220015,1.86452613770962,
741,-0.0012149,1.86452613770962,
742,-0.001209785,1.19507007300854,
743,-0.00120467,1.36243408918381,
744,-0.001199555,-1.81748221814632,
745,-0.00119444,-1.14802615344524,
746,-0.001189325,-1.48275418579578,
747,-0.00118421,-1.98484623432159,
748,-0.001179095,-1.98484623432159,
749,-0.00117398,-1.65011820197105,
750,-0.001168865,-1.81748221814632,
751,-0.00116375,-1.98484623432159,
752,-0.001158635,-1.48275418579578,
753,-0.00115352,-1.81748221814632,
754,-0.001148405,-1.14802615344524,
755,-0.00114329,-1.65011820197105,
756,-0.001138175,-1.65011820197105,
757,-0.00113306,-1.65011820197105,
758,-0.001127945,-1.81748221814632,
759,-0.00112283,-1.65011820197105,
760,-0.001117715,-2.4869382828474,
761,-0.0011126,-1.81748221814632,
762,-0.001107485,-1.81748221814632,
763,-0.00110237,-1.81748221814632,
764,-0.001097255,1.69716212153435,
765,-0.00109214,1.69716212153435,
766,-0.001087025,1.52979810535908,
767,-0.00108191,1.86452613770962,
768,-0.001076795,1.69716212153435,
769,-0.00107168,1.69716212153435,
770,-0.001066565,1.52979810535908,
771,-0.00106145,1.69716212153435,
772,-0.001056335,1.52979810535908,
773,-0.00105122,1.69716212153435,
774,-0.001046105,1.36243408918381,
775,-0.00104099,1.69716212153435,
776,-0.001035875,1.52979810535908,
777,-0.00103076,1.86452613770962,
778,-0.001025645,1.69716212153435,
779,-0.00102053,1.52979810535908,
780,-0.001015415,1.52979810535908,
781,-0.0010103,1.69716212153435,
782,-0.001005185,1.52979810535908,
783,-0.00100007,0.692978024482727,
784,-0.000994955,-1.98484623432159,
785,-0.00098984,-1.81748221814632,
786,-0.000984725,-1.81748221814632,
787,-0.00097961,-1.65011820197105,
788,-0.000974495,-1.98484623432159,
789,-0.00096938,-1.81748221814632,
790,-0.000964265,-1.81748221814632,
791,-0.00095915,-2.31957426667213,
792,-0.000954035,-1.98484623432159,
793,-0.00094892,-1.65011820197105,
794,-0.000943805,-1.48275418579578,
795,-0.00093869,-1.65011820197105,
796,-0.000933575,-1.81748221814632,
797,-0.00092846,-1.98484623432159,
798,-0.000923345,-1.81748221814632,
799,-0.00091823,-1.65011820197105,
800,-0.000913115,-2.15221025049686,
801,-0.000908,-1.98484623432159,
802,-0.000902885,-2.15221025049686,
803,-0.00089777,-2.15221025049686,
804,-0.000892655,-1.98484623432159,
805,-0.00088754,-1.48275418579578,
806,-0.000882425,-1.65011820197105,
807,-0.00087731,-1.81748221814632,
808,-0.000872195,-1.81748221814632,
809,-0.00086708,-1.48275418579578,
810,-0.000861965,-1.81748221814632,
811,-0.00085685,-1.81748221814632,
812,-0.000851735,-1.98484623432159,
813,-0.00084662,-1.81748221814632,
814,-0.000841505,-1.81748221814632,
815,-0.00083639,-1.81748221814632,
816,-0.000831275,-1.81748221814632,
817,-0.00082616,-1.81748221814632,
818,-0.000821045,-1.98484623432159,
819,-0.00081593,-1.65011820197105,
820,-0.000810815,-1.81748221814632,
821,-0.0008057,-1.81748221814632,
822,-0.000800585,-1.81748221814632,
823,-0.00079547,1.86452613770962,
824,-0.000790355,1.36243408918381,
825,-0.00078524,1.86452613770962,
826,-0.000780125,1.52979810535908,
827,-0.00077501,1.86452613770962,
828,-0.000769895,1.52979810535908,
829,-0.00076478,1.36243408918381,
830,-0.000759665,1.69716212153435,
831,-0.00075455,1.36243408918381,
832,-0.000749435,1.52979810535908,
833,-0.00074432,1.69716212153435,
834,-0.000739205,1.86452613770962,
835,-0.00073409,1.86452613770962,
836,-0.000728975,1.52979810535908,
837,-0.00072386,1.86452613770962,
838,-0.000718745,1.52979810535908,
839,-0.00071363,1.52979810535908,
840,-0.000708515,1.36243408918381,
841,-0.0007034,1.69716212153435,
842,-0.000698285,-1.81748221814632,
843,-0.00069317,-1.48275418579578,
844,-0.000688055,-1.81748221814632,
845,-0.00068294,-1.81748221814632,
846,-0.000677825,-1.14802615344524,
847,-0.00067271,-1.65011820197105,
848,-0.000667595,-1.98484623432159,
849,-0.00066248,-1.98484623432159,
850,-0.000657365,-1.81748221814632,
851,-0.00065225,-1.65011820197105,
852,-0.000647135,-2.15221025049686,
853,-0.00064202,-1.48275418579578,
854,-0.000636905,-1.81748221814632,
855,-0.00063179,-1.81748221814632,
856,-0.000626675,-1.81748221814632,
857,-0.00062156,-1.65011820197105,
858,-0.000616445,-1.98484623432159,
859,-0.00061133,-1.81748221814632,
860,-0.000606215,-1.65011820197105,
861,-0.0006011,-1.81748221814632,
862,-0.000595985,1.69716212153435,
863,-0.00059087,1.52979810535908,
864,-0.000585755,1.69716212153435,
865,-0.00058064,1.52979810535908,
866,-0.000575525,1.52979810535908,
867,-0.00057041,1.69716212153435,
868,-0.000565295,1.69716212153435,
869,-0.00056018,1.36243408918381,
870,-0.000555065,1.52979810535908,
871,-0.00054995,1.69716212153435,
872,-0.000544835,1.52979810535908,
873,-0.00053972,1.69716212153435,
874,-0.000534605,1.52979810535908,
875,-0.00052949,2.03189015388489,
876,-0.000524375,1.36243408918381,
877,-0.00051926,1.52979810535908,
878,-0.000514145,1.69716212153435,
879,-0.00050903,1.69716212153435,
880,-0.000503915,0.692978024482727,
881,-0.0004988,1.36243408918381,
882,-0.000493685,1.69716212153435,
883,-0.00048857,1.52979810535908,
884,-0.000483455,1.86452613770962,
885,-0.00047834,1.69716212153435,
886,-0.000473225,1.52979810535908,
887,-0.00046811,1.69716212153435,
888,-0.000462995,1.69716212153435,
889,-0.00045788,1.02770605683327,
890,-0.000452765,1.69716212153435,
891,-0.00044765,1.69716212153435,
892,-0.000442535,0.860342040657997,
893,-0.00043742,1.69716212153435,
894,-0.000432305,1.86452613770962,
895,-0.00042719,2.03189015388489,
896,-0.000422075,1.52979810535908,
897,-0.00041696,1.69716212153435,
898,-0.000411845,1.86452613770962,
899,-0.00040673,1.69716212153435,
900,-0.000401615,1.52979810535908,
901,-0.0003965,-1.81748221814632,
902,-0.000391385,-1.65011820197105,
903,-0.00038627,-1.65011820197105,
904,-0.000381155,-1.81748221814632,
905,-0.00037604,-1.81748221814632,
906,-0.000370925,-1.81748221814632,
907,-0.00036581,-1.98484623432159,
908,-0.000360695,-1.65011820197105,
909,-0.00035558,-1.81748221814632,
910,-0.000350465,-1.81748221814632,
911,-0.00034535,-1.81748221814632,
912,-0.000340235,-1.31539016962051,
913,-0.00033512,-1.81748221814632,
914,-0.000330005,-1.81748221814632,
915,-0.00032489,-1.31539016962051,
916,-0.000319775,-1.81748221814632,
917,-0.00031466,-1.65011820197105,
918,-0.000309545,-2.15221025049686,
919,-0.00030443,-1.65011820197105,
920,-0.000299315,1.36243408918381,
921,-0.0002942,1.52979810535908,
922,-0.000289085,1.69716212153435,
923,-0.00028397,2.03189015388489,
924,-0.000278855,1.69716212153435,
925,-0.00027374,1.69716212153435,
926,-0.000268625,1.69716212153435,
927,-0.00026351,1.86452613770962,
928,-0.000258395,1.69716212153435,
929,-0.00025328,1.19507007300854,
930,-0.000248165,1.69716212153435,
931,-0.00024305,1.69716212153435,
932,-0.000237935,1.69716212153435,
933,-0.00023282,1.52979810535908,
934,-0.000227705,1.52979810535908,
935,-0.00022259,2.19925417006016,
936,-0.000217475,1.52979810535908,
937,-0.00021236,1.69716212153435,
938,-0.000207245,1.86452613770962,
939,-0.00020213,1.52979810535908,
940,-0.000197015,-1.81748221814632,
941,-0.0001919,-1.65011820197105,
942,-0.000186785,-1.81748221814632,
943,-0.00018167,-1.81748221814632,
944,-0.000176555,-1.65011820197105,
945,-0.00017144,-1.98484623432159,
946,-0.000166325,-1.81748221814632,
947,-0.00016121,-1.65011820197105,
948,-0.000156095,-1.81748221814632,
949,-0.00015098,-1.81748221814632,
950,-0.000145865,-1.81748221814632,
951,-0.00014075,-1.65011820197105,
952,-0.000135635,-1.81748221814632,
953,-0.00013052,-1.81748221814632,
954,-0.000125405,-1.81748221814632,
955,-0.00012029,-1.65011820197105,
956,-0.000115175,-1.98484623432159,
957,-0.00011006,-1.81748221814632,
958,-0.000104945,-1.81748221814632,
959,-9.98299999999995E-05,-1.65011820197105,
960,-9.47149999999996E-05,-1.81748221814632,
961,-8.95999999999996E-05,-1.98484623432159,
962,-8.44849999999996E-05,-1.81748221814632,
963,-7.93699999999996E-05,-1.65011820197105,
964,-7.42549999999996E-05,-1.65011820197105,
965,-6.91399999999997E-05,-1.48275418579578,
966,-6.40249999999997E-05,-1.98484623432159,
967,-5.89099999999997E-05,-1.81748221814632,
968,-5.37949999999997E-05,-1.65011820197105,
969,-4.86799999999997E-05,-1.98484623432159,
970,-4.35649999999998E-05,-1.98484623432159,
971,-3.84499999999998E-05,-1.81748221814632,
972,-3.33349999999998E-05,-2.15221025049686,
973,-2.82199999999998E-05,-1.98484623432159,
974,-2.31049999999998E-05,-1.65011820197105,
975,-1.79899999999998E-05,-1.48275418579578,
976,-1.28749999999999E-05,-1.98484623432159,
977,-7.75999999999989E-06,-1.98484623432159,
978,-2.6449999999999E-06,-1.98484623432159,
979,2.47000000000008E-06,1.36243408918381,
980,7.58500000000006E-06,2.03189015388489,
981,1.27E-05,2.36661818623543,
982,1.7815E-05,1.52979810535908,
983,2.293E-05,1.52979810535908,
984,2.8045E-05,1.69716212153435,
985,3.316E-05,1.52979810535908,
986,3.82749999999999E-05,1.69716212153435,
987,4.33899999999999E-05,1.19507007300854,
988,4.85049999999999E-05,1.69716212153435,
989,5.36199999999999E-05,1.52979810535908,
990,5.87349999999999E-05,1.36243408918381,
991,6.38499999999998E-05,1.86452613770962,
992,6.89649999999998E-05,1.69716212153435,
993,7.40799999999998E-05,1.69716212153435,
994,7.91949999999998E-05,1.52979810535908,
995,8.43099999999998E-05,1.69716212153435,
996,8.94249999999997E-05,1.86452613770962,
997,9.45399999999997E-05,1.36243408918381,
998,9.96549999999997E-05,1.52979810535908,
999,0.00010477,-1.98484623432159,
1000,0.000109885,-1.65011820197105,
1001,0.000115,-1.81748221814632,
1002,0.000120115,-1.81748221814632,
1003,0.00012523,-1.65011820197105,
1004,0.000130345,-1.31539016962051,
1005,0.00013546,-1.98484623432159,
1006,0.000140575,-1.48275418579578,
1007,0.00014569,-1.81748221814632,
1008,0.000150805,-1.98484623432159,
1009,0.00015592,-1.81748221814632,
1010,0.000161035,-2.15221025049686,
1011,0.00016615,-1.81748221814632,
1012,0.000171265,-1.65011820197105,
1013,0.00017638,-1.65011820197105,
1014,0.000181495,-1.65011820197105,
1015,0.00018661,-1.14802615344524,
1016,0.000191725,-1.48275418579578,
1017,0.00019684,-1.98484623432159,
1018,0.000201955,1.52979810535908,
1019,0.00020707,1.36243408918381,
1020,0.000212185,1.69716212153435,
1021,0.0002173,2.03189015388489,
1022,0.000222415,1.86452613770962,
1023,0.00022753,1.52979810535908,
1024,0.000232645,1.19507007300854,
1025,0.00023776,1.52979810535908,
1026,0.000242875,1.52979810535908,
1027,0.00024799,1.02770605683327,
1028,0.000253105,1.86452613770962,
1029,0.00025822,1.69716212153435,
1030,0.000263335,1.69716212153435,
1031,0.00026845,1.69716212153435,
1032,0.000273565,1.52979810535908,
1033,0.00027868,1.86452613770962,
1034,0.000283795,1.52979810535908,
1035,0.00028891,1.52979810535908,
1036,0.000294025,1.36243408918381,
1037,0.00029914,1.52979810535908,
1038,0.000304255,1.52979810535908,
1039,0.00030937,1.36243408918381,
1040,0.000314485,1.69716212153435,
1041,0.0003196,1.19507007300854,
1042,0.000324715,1.52979810535908,
1043,0.00032983,1.36243408918381,
1044,0.000334945,2.19925417006016,
1045,0.00034006,1.52979810535908,
1046,0.000345175,1.69716212153435,
1047,0.00035029,1.52979810535908,
1048,0.000355405,1.52979810535908,
1049,0.00036052,1.36243408918381,
1050,0.000365635,1.36243408918381,
1051,0.00037075,1.52979810535908,
1052,0.000375865,1.36243408918381,
1053,0.00038098,1.69716212153435,
1054,0.000386095,1.69716212153435,
1055,0.00039121,1.69716212153435,
1056,0.000396325,1.86452613770962,
1057,0.00040144,-2.15221025049686,
1058,0.000406555,-1.65011820197105,
1059,0.00041167,-1.48275418579578,
1060,0.000416785,-1.65011820197105,
1061,0.0004219,-1.31539016962051,
1062,0.000427015,-1.48275418579578,
1063,0.00043213,-2.15221025049686,
1064,0.000437245,-1.98484623432159,
1065,0.00044236,-1.65011820197105,
1066,0.000447475,-1.65011820197105,
1067,0.00045259,-2.15221025049686,
1068,0.000457705,-1.98484623432159,
1069,0.00046282,-1.65011820197105,
1070,0.000467935,-1.14802615344524,
1071,0.00047305,-1.81748221814632,
1072,0.000478165,-1.65011820197105,
1073,0.00048328,-1.81748221814632,
1074,0.000488395,-1.98484623432159,
1075,0.00049351,-1.81748221814632,
1076,0.000498625,-2.15221025049686,
1077,0.00050374,1.69716212153435,
1078,0.000508855,1.69716212153435,
1079,0.00051397,1.36243408918381,
1080,0.000519085,1.69716212153435,
1081,0.0005242,1.52979810535908,
1082,0.000529315,1.69716212153435,
1083,0.00053443,1.36243408918381,
1084,0.000539545,1.86452613770962,
1085,0.00054466,1.52979810535908,
1086,0.000549775,1.69716212153435,
1087,0.00055489,1.52979810535908,
1088,0.000560005,1.52979810535908,
1089,0.00056512,1.69716212153435,
1090,0.000570235,1.52979810535908,
1091,0.00057535,1.69716212153435,
1092,0.000580465,1.86452613770962,
1093,0.00058558,1.69716212153435,
1094,0.000590695,1.69716212153435,
1095,0.00059581,1.52979810535908,
1096,0.000600925,-1.65011820197105,
1097,0.00060604,-1.65011820197105,
1098,0.000611155,-1.81748221814632,
1099,0.00061627,-1.48275418579578,
1100,0.000621385,-1.98484623432159,
1101,0.0006265,-1.81748221814632,
1102,0.000631615,-1.65011820197105,
1103,0.00063673,-1.81748221814632,
1104,0.000641845,-1.98484623432159,
1105,0.00064696,-1.98484623432159,
1106,0.000652075,-1.98484623432159,
1107,0.00065719,-2.15221025049686,
1108,0.000662305,-1.81748221814632,
1109,0.00066742,-1.65011820197105,
1110,0.000672535,-1.48275418579578,
1111,0.00067765,-1.98484623432159,
1112,0.000682765,-1.65011820197105,
1113,0.00068788,-2.31957426667213,
1114,0.000692995,-1.81748221814632,
1115,0.00069811,-1.81748221814632,
1116,0.000703225,-2.31957426667213,
1117,0.00070834,-1.81748221814632,
1118,0.000713455,-1.65011820197105,
1119,0.00071857,-1.98484623432159,
1120,0.000723685,-1.65011820197105,
1121,0.0007288,-1.81748221814632,
1122,0.000733915,-1.48275418579578,
1123,0.00073903,-1.81748221814632,
1124,0.000744145,-1.65011820197105,
1125,0.00074926,-1.65011820197105,
1126,0.000754375,-1.81748221814632,
1127,0.00075949,-2.15221025049686,
1128,0.000764605,-1.81748221814632,
1129,0.00076972,-1.81748221814632,
1130,0.000774835,-1.98484623432159,
1131,0.00077995,-1.65011820197105,
1132,0.000785065,-1.65011820197105,
1133,0.00079018,-1.65011820197105,
1134,0.000795295,-1.65011820197105,
1135,0.00080041,1.52979810535908,
1136,0.000805525,1.52979810535908,
1137,0.00081064,1.69716212153435,
1138,0.000815755,1.69716212153435,
1139,0.00082087,1.86452613770962,
1140,0.000825985,1.86452613770962,
1141,0.0008311,1.69716212153435,
1142,0.000836215,1.52979810535908,
1143,0.00084133,1.52979810535908,
1144,0.000846445,1.69716212153435,
1145,0.00085156,1.02770605683327,
1146,0.000856675,1.86452613770962,
1147,0.00086179,1.69716212153435,
1148,0.000866905,1.69716212153435,
1149,0.00087202,1.52979810535908,
1150,0.000877135,2.19925417006016,
1151,0.00088225,1.69716212153435,
1152,0.000887365,1.69716212153435,
1153,0.00089248,1.52979810535908,
1154,0.000897595,1.69716212153435,
1155,0.00090271,-1.98484623432159,
1156,0.000907825,-1.98484623432159,
1157,0.00091294,-1.98484623432159,
1158,0.000918055,-1.65011820197105,
1159,0.00092317,-1.31539016962051,
1160,0.000928285,-1.65011820197105,
1161,0.0009334,-1.81748221814632,
1162,0.000938515,-1.31539016962051,
1163,0.00094363,-1.65011820197105,
1164,0.000948745,-1.81748221814632,
1165,0.00095386,-1.98484623432159,
1166,0.000958975,-1.81748221814632,
1167,0.00096409,-1.98484623432159,
1168,0.000969205,-2.31957426667213,
1169,0.00097432,-1.81748221814632,
1170,0.000979435,-1.81748221814632,
1171,0.00098455,-2.15221025049686,
1172,0.000989665,-1.65011820197105,
1173,0.00099478,-1.48275418579578,
1174,0.000999895,-1.48275418579578,
1175,0.00100501,1.69716212153435,
1176,0.001010125,1.19507007300854,
1177,0.00101524,1.36243408918381,
1178,0.001020355,1.86452613770962,
1179,0.00102547,1.86452613770962,
1180,0.001030585,1.52979810535908,
1181,0.0010357,1.86452613770962,
1182,0.001040815,1.52979810535908,
1183,0.00104593,1.69716212153435,
1184,0.001051045,1.52979810535908,
1185,0.00105616,1.19507007300854,
1186,0.001061275,1.36243408918381,
1187,0.00106639,1.36243408918381,
1188,0.001071505,1.86452613770962,
1189,0.00107662,1.36243408918381,
1190,0.001081735,1.69716212153435,
1191,0.00108685,2.03189015388489,
1192,0.001091965,1.52979810535908,
1193,0.00109708,1.36243408918381,
1194,0.001102195,1.69716212153435,
1195,0.00110731,1.52979810535908,
1196,0.001112425,0.692978024482727,
1197,0.00111754,1.19507007300854,
1198,0.001122655,1.52979810535908,
1199,0.00112777,1.36243408918381,
1200,0.001132885,1.52979810535908,
1201,0.001138,1.52979810535908,
1202,0.001143115,1.69716212153435,
1203,0.00114823,1.52979810535908,
1204,0.001153345,1.86452613770962,
1205,0.00115846,1.02770605683327,
1206,0.001163575,1.52979810535908,
1207,0.00116869,1.86452613770962,
1208,0.001173805,1.02770605683327,
1209,0.00117892,1.36243408918381,
1210,0.001184035,1.69716212153435,
1211,0.00118915,1.86452613770962,
1212,0.001194265,1.52979810535908,
1213,0.00119938,1.52979810535908,
1214,0.001204495,-1.98484623432159,
1215,0.00120961,-1.65011820197105,
1216,0.001214725,-1.65011820197105,
1217,0.00121984,-1.98484623432159,
1218,0.001224955,-1.98484623432159,
1219,0.00123007,-1.48275418579578,
1220,0.001235185,-1.98484623432159,
1221,0.0012403,-1.98484623432159,
1222,0.001245415,-1.65011820197105,
1223,0.00125053,-1.81748221814632,
1224,0.001255645,-1.98484623432159,
1225,0.00126076,-1.48275418579578,
1226,0.001265875,-1.81748221814632,
1227,0.00127099,-1.81748221814632,
1228,0.001276105,-1.48275418579578,
1229,0.00128122,-2.15221025049686,
1230,0.001286335,-1.48275418579578,
1231,0.00129145,-1.65011820197105,
1232,0.001296565,-1.65011820197105,
1233,0.00130168,1.52979810535908,
1234,0.001306795,1.36243408918381,
1235,0.00131191,1.52979810535908,
1236,0.001317025,1.52979810535908,
1237,0.00132214,1.52979810535908,
1238,0.001327255,1.86452613770962,
1239,0.00133237,1.86452613770962,
1240,0.001337485,1.86452613770962,
1241,0.0013426,1.52979810535908,
1242,0.001347715,2.03189015388489,
1243,0.00135283,1.86452613770962,
1244,0.001357945,1.69716212153435,
1245,0.00136306,1.36243408918381,
1246,0.001368175,1.52979810535908,
1247,0.00137329,1.69716212153435,
1248,0.001378405,1.86452613770962,
1249,0.00138352,1.69716212153435,
1250,0.001388635,1.52979810535908,
1251,0.00139375,2.36661818623543,
1252,0.001398865,1.69716212153435,
1253,0.00140398,-1.98484623432159,
1254,0.001409095,-1.98484623432159,
1255,0.00141421,-1.81748221814632,
1256,0.001419325,-1.65011820197105,
1257,0.00142444,-1.48275418579578,
1258,0.001429555,-1.81748221814632,
1259,0.00143467,-1.65011820197105,
1260,0.001439785,-1.65011820197105,
1261,0.0014449,-1.98484623432159,
1262,0.001450015,-1.81748221814632,
1263,0.00145513,-1.81748221814632,
1264,0.001460245,-1.98484623432159,
1265,0.00146536,-1.98484623432159,
1266,0.001470475,-1.81748221814632,
1267,0.00147559,-1.81748221814632,
1268,0.001480705,-1.48275418579578,
1269,0.00148582,-1.65011820197105,
1270,0.001490935,-1.81748221814632,
1271,0.00149605,-1.81748221814632,
1272,0.001501165,-1.65011820197105,
1273,0.00150628,-1.98484623432159,
1274,0.001511395,-1.98484623432159,
1275,0.00151651,-1.81748221814632,
1276,0.001521625,-1.98484623432159,
1277,0.00152674,-1.81748221814632,
1278,0.001531855,-1.65011820197105,
1279,0.00153697,-1.81748221814632,
1280,0.001542085,-1.48275418579578,
1281,0.0015472,-1.81748221814632,
1282,0.001552315,-1.65011820197105,
1283,0.00155743,-1.81748221814632,
1284,0.001562545,-1.81748221814632,
1285,0.00156766,-2.15221025049686,
1286,0.001572775,-1.98484623432159,
1287,0.00157789,-1.98484623432159,
1288,0.001583005,-1.98484623432159,
1289,0.00158812,-1.98484623432159,
1290,0.001593235,-1.81748221814632,
1291,0.00159835,-1.48275418579578,
1292,0.001603465,1.52979810535908,
1293,0.00160858,1.52979810535908,
1294,0.001613695,1.86452613770962,
1295,0.00161881,1.52979810535908,
1296,0.001623925,1.69716212153435,
1297,0.00162904,2.19925417006016,
1298,0.001634155,1.52979810535908,
1299,0.00163927,1.52979810535908,
1300,0.001644385,2.03189015388489,
1301,0.0016495,1.69716212153435,
1302,0.001654615,1.52979810535908,
1303,0.00165973,1.19507007300854,
1304,0.001664845,1.69716212153435,
1305,0.00166996,1.36243408918381,
1306,0.001675075,1.52979810535908,
1307,0.00168019,1.52979810535908,
1308,0.001685305,1.52979810535908,
1309,0.00169042,1.52979810535908,
1310,0.001695535,1.69716212153435,
1311,0.00170065,-1.81748221814632,
1312,0.001705765,-1.81748221814632,
1313,0.00171088,-1.81748221814632,
1314,0.001715995,-1.81748221814632,
1315,0.00172111,-1.98484623432159,
1316,0.001726225,-1.65011820197105,
1317,0.00173134,-1.81748221814632,
1318,0.001736455,-1.98484623432159,
1319,0.00174157,-1.65011820197105,
1320,0.001746685,-1.31539016962051,
1321,0.0017518,-1.81748221814632,
1322,0.001756915,-1.65011820197105,
1323,0.00176203,-1.65011820197105,
1324,0.001767145,-1.81748221814632,
1325,0.00177226,-1.65011820197105,
1326,0.001777375,-1.98484623432159,
1327,0.00178249,-1.81748221814632,
1328,0.001787605,-1.81748221814632,
1329,0.00179272,-1.65011820197105,
1330,0.001797835,-1.48275418579578,
1331,0.00180295,1.02770605683327,
1332,0.001808065,1.52979810535908,
1333,0.00181318,1.52979810535908,
1334,0.001818295,1.36243408918381,
1335,0.00182341,1.69716212153435,
1336,0.001828525,1.36243408918381,
1337,0.00183364,1.69716212153435,
1338,0.001838755,1.86452613770962,
1339,0.00184387,1.36243408918381,
1340,0.001848985,1.19507007300854,
1341,0.0018541,1.69716212153435,
1342,0.001859215,1.69716212153435,
1343,0.00186433,0.860342040657997,
1344,0.001869445,1.86452613770962,
1345,0.00187456,1.69716212153435,
1346,0.001879675,1.69716212153435,
1347,0.00188479,1.69716212153435,
1348,0.001889905,1.69716212153435,
1349,0.00189502,1.69716212153435,
1350,0.001900135,1.52979810535908,
1351,0.00190525,1.52979810535908,
1352,0.001910365,1.69716212153435,
1353,0.00191548,1.52979810535908,
1354,0.001920595,1.52979810535908,
1355,0.00192571,1.52979810535908,
1356,0.001930825,1.69716212153435,
1357,0.00193594,1.86452613770962,
1358,0.001941055,1.52979810535908,
1359,0.00194617,1.52979810535908,
1360,0.001951285,1.69716212153435,
1361,0.0019564,1.69716212153435,
1362,0.001961515,1.36243408918381,
1363,0.00196663,1.36243408918381,
1364,0.001971745,1.86452613770962,
1365,0.00197686,1.36243408918381,
1366,0.001981975,1.36243408918381,
1367,0.00198709,1.86452613770962,
1368,0.001992205,1.52979810535908,
1369,0.00199732,1.69716212153435,
1370,0.002002435,-1.81748221814632,
1371,0.00200755,-1.65011820197105,
1372,0.002012665,-1.81748221814632,
1373,0.00201778,-1.65011820197105,
1374,0.002022895,-1.48275418579578,
1375,0.00202801,-1.48275418579578,
1376,0.002033125,-1.65011820197105,
1377,0.00203824,-1.14802615344524,
1378,0.002043355,-1.65011820197105,
1379,0.00204847,-1.81748221814632,
1380,0.002053585,-1.98484623432159,
1381,0.0020587,-1.98484623432159,
1382,0.002063815,-1.48275418579578,
1383,0.00206893,-1.81748221814632,
1384,0.002074045,-1.81748221814632,
1385,0.00207916,-1.65011820197105,
1386,0.002084275,-0.980662137269974,
1387,0.00208939,-1.81748221814632,
1388,0.002094505,-1.65011820197105,
1389,0.00209962,-1.81748221814632,
1390,0.002104735,1.69716212153435,
1391,0.00210985,1.52979810535908,
1392,0.002114965,1.36243408918381,
1393,0.00212008,1.52979810535908,
1394,0.002125195,1.69716212153435,
1395,0.00213031,1.36243408918381,
1396,0.002135425,1.69716212153435,
1397,0.00214054,1.69716212153435,
1398,0.002145655,1.69716212153435,
1399,0.00215077,1.52979810535908,
1400,0.002155885,1.52979810535908,
1401,0.002161,1.52979810535908,
1402,0.002166115,1.69716212153435,
1403,0.00217123,1.36243408918381,
1404,0.002176345,1.69716212153435,
1405,0.00218146,1.52979810535908,
1406,0.002186575,1.52979810535908,
1407,0.00219169,1.52979810535908,
1408,0.002196805,1.86452613770962,
1409,0.00220192,-1.81748221814632,
1410,0.002207035,-1.81748221814632,
1411,0.00221215,-1.81748221814632,
1412,0.002217265,-1.48275418579578,
1413,0.00222238,-1.98484623432159,
1414,0.002227495,-1.65011820197105,
1415,0.00223261,-1.65011820197105,
1416,0.002237725,-1.81748221814632,
1417,0.00224284,-1.81748221814632,
1418,0.002247955,-1.65011820197105,
1419,0.00225307,-1.81748221814632,
1420,0.002258185,-2.15221025049686,
1421,0.0022633,-2.15221025049686,
1422,0.002268415,-1.81748221814632,
1423,0.00227353,-1.98484623432159,
1424,0.002278645,-1.98484623432159,
1425,0.00228376,-1.98484623432159,
1426,0.002288875,-1.81748221814632,
1427,0.00229399,-1.98484623432159,
1428,0.002299105,-1.65011820197105,
1429,0.00230422,-2.15221025049686,
1430,0.002309335,-1.81748221814632,
1431,0.00231445,-1.81748221814632,
1432,0.002319565,-2.31957426667213,
1433,0.00232468,-1.81748221814632,
1434,0.002329795,-1.65011820197105,
1435,0.00233491,-1.98484623432159,
1436,0.002340025,-1.81748221814632,
1437,0.00234514,-1.81748221814632,
1438,0.002350255,-1.48275418579578,
1439,0.00235537,-1.81748221814632,
1440,0.002360485,-1.81748221814632,
1441,0.0023656,-1.65011820197105,
1442,0.002370715,-1.98484623432159,
1443,0.00237583,-1.98484623432159,
1444,0.002380945,-1.65011820197105,
1445,0.00238606,-1.81748221814632,
1446,0.002391175,-1.81748221814632,
1447,0.00239629,-1.98484623432159,
1448,0.002401405,1.69716212153435,
1449,0.00240652,1.52979810535908,
1450,0.002411635,1.86452613770962,
1451,0.00241675,1.52979810535908,
1452,0.002421865,1.69716212153435,
1453,0.00242698,1.52979810535908,
1454,0.002432095,1.69716212153435,
1455,0.00243721,1.69716212153435,
1456,0.002442325,1.69716212153435,
1457,0.00244744,1.52979810535908,
1458,0.002452555,1.52979810535908,
1459,0.00245767,1.52979810535908,
1460,0.002462785,1.69716212153435,
1461,0.0024679,1.19507007300854,
1462,0.002473015,1.69716212153435,
1463,0.00247813,1.69716212153435,
1464,0.002483245,1.52979810535908,
1465,0.00248836,1.36243408918381,
1466,0.002493475,2.19925417006016,
1467,0.00249859,1.69716212153435,
1468,0.002503705,-2.15221025049686,
1469,0.00250882,-1.48275418579578,
1470,0.002513935,-1.65011820197105,
1471,0.00251905,-1.65011820197105,
1472,0.002524165,-2.31957426667213,
1473,0.00252928,-1.65011820197105,
1474,0.002534395,-1.81748221814632,
1475,0.00253951,-1.48275418579578,
1476,0.002544625,-1.65011820197105,
1477,0.00254974,-1.48275418579578,
1478,0.002554855,-1.14802615344524,
1479,0.00255997,-1.48275418579578,
1480,0.002565085,-1.98484623432159,
1481,0.0025702,-1.98484623432159,
1482,0.002575315,-1.98484623432159,
1483,0.00258043,-1.81748221814632,
1484,0.002585545,-1.98484623432159,
1485,0.00259066,-1.81748221814632,
1486,0.002595775,-1.48275418579578,
1487,0.00260089,1.69716212153435,
1488,0.002606005,1.69716212153435,
1489,0.00261112,1.52979810535908,
1490,0.002616235,1.69716212153435,
1491,0.00262135,1.86452613770962,
1492,0.002626465,1.36243408918381,
1493,0.00263158,1.86452613770962,
1494,0.002636695,1.69716212153435,
1495,0.00264181,1.86452613770962,
1496,0.002646925,1.52979810535908,
1497,0.00265204,1.36243408918381,
1498,0.002657155,1.36243408918381,
1499,0.00266227,1.52979810535908,
1500,0.002667385,1.52979810535908,
1501,0.0026725,1.36243408918381,
1502,0.002677615,1.52979810535908,
1503,0.00268273,1.36243408918381,
1504,0.002687845,1.86452613770962,
1505,0.00269296,1.69716212153435,
1506,0.002698075,1.52979810535908,
1507,0.00270319,2.03189015388489,
1508,0.002708305,1.36243408918381,
1509,0.00271342,1.36243408918381,
1510,0.002718535,1.36243408918381,
1511,0.00272365,1.86452613770962,
1512,0.002728765,0.525614008307457,
1513,0.00273388,1.69716212153435,
1514,0.002738995,1.52979810535908,
1515,0.00274411,1.69716212153435,
1516,0.002749225,1.52979810535908,
1517,0.00275434,1.69716212153435,
1518,0.002759455,1.52979810535908,
1519,0.00276457,1.52979810535908,
1520,0.002769685,1.52979810535908,
1521,0.0027748,0.860342040657997,
1522,0.002779915,1.52979810535908,
1523,0.00278503,1.52979810535908,
1524,0.002790145,1.19507007300854,
1525,0.00279526,1.52979810535908,
1526,0.002800375,-1.65011820197105,
1527,0.00280549,-2.31957426667213,
1528,0.002810605,-1.81748221814632,
1529,0.00281572,-1.65011820197105,
1530,0.002820835,-2.31957426667213,
1531,0.00282595,-1.65011820197105,
1532,0.002831065,-1.81748221814632,
1533,0.00283618,-1.81748221814632,
1534,0.002841295,-1.98484623432159,
1535,0.00284641,-1.48275418579578,
1536,0.002851525,-1.81748221814632,
1537,0.00285664,-1.81748221814632,
1538,0.002861755,-1.98484623432159,
1539,0.00286687,-1.98484623432159,
1540,0.002871985,-1.98484623432159,
1541,0.0028771,-1.81748221814632,
1542,0.002882215,-1.81748221814632,
1543,0.00288733,-1.81748221814632,
1544,0.002892445,-1.48275418579578,
1545,0.00289756,-1.65011820197105,
1546,0.002902675,1.69716212153435,
1547,0.00290779,1.52979810535908,
1548,0.002912905,1.69716212153435,
1549,0.00291802,1.69716212153435,
1550,0.002923135,1.36243408918381,
1551,0.00292825,1.69716212153435,
1552,0.002933365,1.69716212153435,
1553,0.00293848,1.52979810535908,
1554,0.002943595,1.52979810535908,
1555,0.00294871,2.03189015388489,
1556,0.002953825,1.69716212153435,
1557,0.00295894,1.69716212153435,
1558,0.002964055,1.69716212153435,
1559,0.00296917,1.69716212153435,
1560,0.002974285,1.69716212153435,
1561,0.0029794,1.52979810535908,
1562,0.002984515,1.36243408918381,
1563,0.00298963,1.86452613770962,
1564,0.002994745,1.86452613770962,
1565,0.00299986,1.69716212153435,
1566,0.003004975,-1.81748221814632,
1567,0.00301009,-2.15221025049686,
1568,0.003015205,-1.81748221814632,
1569,0.00302032,-1.98484623432159,
1570,0.003025435,-1.98484623432159,
1571,0.00303055,-1.81748221814632,
1572,0.003035665,-1.81748221814632,
1573,0.00304078,-1.48275418579578,
1574,0.003045895,-1.98484623432159,
1575,0.00305101,-1.65011820197105,
1576,0.003056125,-1.65011820197105,
1577,0.00306124,-1.98484623432159,
1578,0.003066355,-1.81748221814632,
1579,0.00307147,-1.65011820197105,
1580,0.003076585,-1.81748221814632,
1581,0.0030817,-1.81748221814632,
1582,0.003086815,-1.81748221814632,
1583,0.00309193,-1.81748221814632,
1584,0.003097045,-1.65011820197105,
1585,0.00310216,-1.81748221814632,
1586,0.003107275,-1.81748221814632,
1587,0.00311239,-1.81748221814632,
1588,0.003117505,-1.98484623432159,
1589,0.00312262,-1.81748221814632,
1590,0.003127735,-1.98484623432159,
1591,0.00313285,-1.65011820197105,
1592,0.003137965,-1.81748221814632,
1593,0.00314308,-1.65011820197105,
1594,0.003148195,-1.81748221814632,
1595,0.00315331,-1.48275418579578,
1596,0.003158425,-1.48275418579578,
1597,0.00316354,-1.98484623432159,
1598,0.003168655,-1.81748221814632,
1599,0.00317377,-1.81748221814632,
1600,0.003178885,-1.98484623432159,
1601,0.003184,-1.98484623432159,
1602,0.003189115,-2.15221025049686,
1603,0.00319423,-1.81748221814632,
1604,0.003199345,-1.81748221814632,
1605,0.00320446,1.69716212153435,
1606,0.003209575,1.52979810535908,
1607,0.00321469,1.52979810535908,
1608,0.003219805,1.52979810535908,
1609,0.00322492,1.86452613770962,
1610,0.003230035,2.03189015388489,
1611,0.00323515,1.69716212153435,
1612,0.003240265,1.69716212153435,
1613,0.00324538,2.19925417006016,
1614,0.003250495,1.69716212153435,
1615,0.00325561,1.52979810535908,
1616,0.003260725,1.52979810535908,
1617,0.00326584,1.52979810535908,
1618,0.003270955,1.52979810535908,
1619,0.00327607,1.69716212153435,
1620,0.003281185,1.52979810535908,
1621,0.0032863,1.86452613770962,
1622,0.003291415,1.36243408918381,
1623,0.00329653,1.86452613770962,
1624,0.003301645,-1.81748221814632,
1625,0.00330676,-1.81748221814632,
1626,0.003311875,-1.98484623432159,
1627,0.00331699,-1.48275418579578,
1628,0.003322105,-1.98484623432159,
1629,0.00332722,-1.81748221814632,
1630,0.003332335,-1.81748221814632,
1631,0.00333745,-1.81748221814632,
1632,0.003342565,-1.81748221814632,
1633,0.00334768,-1.65011820197105,
1634,0.003352795,-1.65011820197105,
1635,0.00335791,-1.81748221814632,
1636,0.003363025,-1.31539016962051,
1637,0.00336814,-1.65011820197105,
1638,0.003373255,-1.65011820197105,
1639,0.00337837,-1.81748221814632,
1640,0.003383485,-1.81748221814632,
1641,0.0033886,-1.98484623432159,
1642,0.003393715,-2.15221025049686,
1643,0.00339883,-1.65011820197105,
1644,0.003403945,1.36243408918381,
1645,0.00340906,1.52979810535908,
1646,0.003414175,1.36243408918381,
1647,0.00341929,0.860342040657997,
1648,0.003424405,1.52979810535908,
1649,0.00342952,1.52979810535908,
1650,0.003434635,1.52979810535908,
1651,0.00343975,1.86452613770962,
1652,0.003444865,1.69716212153435,
1653,0.00344998,1.69716212153435,
1654,0.003455095,1.69716212153435,
1655,0.00346021,1.69716212153435,
1656,0.003465325,0.860342040657997,
1657,0.00347044,1.86452613770962,
1658,0.003475555,1.36243408918381,
1659,0.00348067,1.19507007300854,
1660,0.003485785,1.52979810535908,
1661,0.0034909,1.86452613770962,
1662,0.003496015,1.86452613770962,
1663,0.00350113,1.69716212153435,
1664,0.003506245,1.69716212153435,
1665,0.00351136,1.86452613770962,
1666,0.003516475,1.36243408918381,
1667,0.00352159,1.69716212153435,
1668,0.003526705,1.69716212153435,
1669,0.00353182,1.36243408918381,
1670,0.003536935,1.36243408918381,
1671,0.00354205,2.03189015388489,
1672,0.003547165,1.36243408918381,
1673,0.00355228,1.69716212153435,
1674,0.003557395,1.69716212153435,
1675,0.00356251,1.52979810535908,
1676,0.003567625,1.69716212153435,
1677,0.00357274,1.69716212153435,
1678,0.003577855,1.52979810535908,
1679,0.00358297,1.36243408918381,
1680,0.003588085,1.69716212153435,
1681,0.0035932,1.36243408918381,
1682,0.003598315,1.19507007300854,
1683,0.00360343,-1.81748221814632,
1684,0.003608545,-1.81748221814632,
1685,0.00361366,-1.81748221814632,
1686,0.003618775,-1.65011820197105,
1687,0.00362389,-1.98484623432159,
1688,0.003629005,-1.81748221814632,
1689,0.00363412,-1.81748221814632,
1690,0.003639235,-1.48275418579578,
1691,0.00364435,-1.48275418579578,
1692,0.003649465,-1.65011820197105,
1693,0.00365458,-1.65011820197105,
1694,0.003659695,-1.81748221814632,
1695,0.00366481,-1.65011820197105,
1696,0.003669925,-2.31957426667213,
1697,0.00367504,-1.65011820197105,
1698,0.003680155,-1.48275418579578,
1699,0.00368527,-1.48275418579578,
1700,0.003690385,-1.98484623432159,
1701,0.0036955,-1.65011820197105,
1702,0.003700615,2.19925417006016,
1703,0.00370573,1.69716212153435,
1704,0.003710845,1.36243408918381,
1705,0.00371596,1.52979810535908,
1706,0.003721075,1.52979810535908,
1707,0.00372619,1.69716212153435,
1708,0.003731305,1.36243408918381,
1709,0.00373642,1.52979810535908,
1710,0.003741535,1.52979810535908,
1711,0.00374665,1.69716212153435,
1712,0.003751765,1.52979810535908,
1713,0.00375688,1.86452613770962,
1714,0.003761995,1.52979810535908,
1715,0.00376711,1.52979810535908,
1716,0.003772225,1.36243408918381,
1717,0.00377734,1.86452613770962,
1718,0.003782455,1.69716212153435,
1719,0.00378757,1.52979810535908,
1720,0.003792685,1.52979810535908,
1721,0.0037978,1.52979810535908,
1722,0.003802915,-1.98484623432159,
1723,0.00380803,-1.81748221814632,
1724,0.003813145,-1.98484623432159,
1725,0.00381826,-1.98484623432159,
1726,0.003823375,-1.81748221814632,
1727,0.00382849,-1.81748221814632,
1728,0.003833605,-1.81748221814632,
1729,0.00383872,-1.65011820197105,
1730,0.003843835,-1.81748221814632,
1731,0.00384895,-1.65011820197105,
1732,0.003854065,-1.81748221814632,
1733,0.00385918,-1.65011820197105,
1734,0.003864295,-1.98484623432159,
1735,0.00386941,-1.65011820197105,
1736,0.003874525,-2.15221025049686,
1737,0.00387964,-1.98484623432159,
1738,0.003884755,-1.81748221814632,
1739,0.00388987,-1.98484623432159,
1740,0.003894985,-1.81748221814632,
1741,0.0039001,-1.65011820197105,
1742,0.003905215,-1.65011820197105,
1743,0.00391033,-1.81748221814632,
1744,0.003915445,-1.81748221814632,
1745,0.00392056,-2.15221025049686,
1746,0.003925675,-1.98484623432159,
1747,0.00393079,-1.98484623432159,
1748,0.003935905,-2.31957426667213,
1749,0.00394102,-1.65011820197105,
1750,0.003946135,-1.81748221814632,
1751,0.00395125,-1.98484623432159,
1752,0.003956365,-1.81748221814632,
1753,0.00396148,-1.65011820197105,
1754,0.003966595,-1.65011820197105,
1755,0.00397171,-1.65011820197105,
1756,0.003976825,-1.81748221814632,
1757,0.00398194,-1.65011820197105,
1758,0.003987055,-1.98484623432159,
1759,0.00399217,-1.98484623432159,
1760,0.003997285,-1.98484623432159,
1761,0.0040024,1.69716212153435,
1762,0.004007515,1.69716212153435,
1763,0.00401263,1.52979810535908,
1764,0.004017745,1.69716212153435,
1765,0.00402286,1.52979810535908,
1766,0.004027975,1.36243408918381,
1767,0.00403309,1.86452613770962,
1768,0.004038205,1.52979810535908,
1769,0.00404332,1.52979810535908,
1770,0.004048435,1.69716212153435,
1771,0.00405355,1.86452613770962,
1772,0.004058665,1.69716212153435,
1773,0.00406378,1.69716212153435,
1774,0.004068895,1.36243408918381,
1775,0.00407401,1.69716212153435,
1776,0.004079125,1.69716212153435,
1777,0.00408424,1.36243408918381,
1778,0.004089355,1.52979810535908,
1779,0.00409447,1.86452613770962,
1780,0.004099585,1.69716212153435,
1781,0.0041047,-1.65011820197105,
1782,0.004109815,-1.14802615344524,
1783,0.00411493,-1.48275418579578,
1784,0.004120045,-1.81748221814632,
1785,0.00412516,-1.98484623432159,
1786,0.004130275,-1.65011820197105,
1787,0.00413539,-1.81748221814632,
1788,0.004140505,-2.31957426667213,
1789,0.00414562,-1.81748221814632,
1790,0.004150735,-1.81748221814632,
1791,0.00415585,-1.31539016962051,
1792,0.004160965,-1.81748221814632,
1793,0.00416608,-1.65011820197105,
1794,0.004171195,-1.31539016962051,
1795,0.00417631,-1.98484623432159,
1796,0.004181425,-1.65011820197105,
1797,0.00418654,-1.81748221814632,
1798,0.004191655,-1.98484623432159,
1799,0.00419677,-1.65011820197105,
1800,0.004201885,1.52979810535908,
1801,0.004207,1.69716212153435,
1802,0.004212115,1.52979810535908,
1803,0.00421723,1.69716212153435,
1804,0.004222345,1.69716212153435,
1805,0.00422746,1.52979810535908,
1806,0.004232575,1.52979810535908,
1807,0.00423769,1.86452613770962,
1808,0.004242805,1.36243408918381,
1809,0.00424792,1.36243408918381,
1810,0.004253035,1.52979810535908,
1811,0.00425815,1.86452613770962,
1812,0.004263265,1.52979810535908,
1813,0.00426838,1.86452613770962,
1814,0.004273495,1.69716212153435,
1815,0.00427861,1.69716212153435,
1816,0.004283725,1.36243408918381,
1817,0.00428884,1.36243408918381,
1818,0.004293955,1.36243408918381,
1819,0.00429907,1.36243408918381,
1820,0.004304185,2.03189015388489,
1821,0.0043093,1.52979810535908,
1822,0.004314415,1.36243408918381,
1823,0.00431953,1.69716212153435,
1824,0.004324645,1.69716212153435,
1825,0.00432976,1.19507007300854,
1826,0.004334875,1.36243408918381,
1827,0.00433999,1.86452613770962,
1828,0.004345105,1.02770605683327,
1829,0.00435022,1.69716212153435,
1830,0.004355335,1.52979810535908,
1831,0.00436045,2.03189015388489,
1832,0.004365565,1.19507007300854,
1833,0.00437068,1.69716212153435,
1834,0.004375795,1.36243408918381,
1835,0.00438091,1.52979810535908,
1836,0.004386025,1.52979810535908,
1837,0.00439114,1.02770605683327,
1838,0.004396255,1.52979810535908,
1839,0.00440137,-1.65011820197105,
1840,0.004406485,-1.81748221814632,
1841,0.0044116,-1.81748221814632,
1842,0.004416715,-1.81748221814632,
1843,0.00442183,-2.15221025049686,
1844,0.004426945,-1.98484623432159,
1845,0.00443206,-1.65011820197105,
1846,0.004437175,-2.15221025049686,
1847,0.00444229,-1.65011820197105,
1848,0.004447405,-1.81748221814632,
1849,0.00445252,-1.65011820197105,
1850,0.004457635,-2.15221025049686,
1851,0.00446275,-1.65011820197105,
1852,0.004467865,-1.81748221814632,
1853,0.00447298,-2.15221025049686,
1854,0.004478095,-1.98484623432159,
1855,0.00448321,-1.65011820197105,
1856,0.004488325,-1.65011820197105,
1857,0.00449344,-1.65011820197105,
1858,0.004498555,-1.31539016962051,
1859,0.00450367,1.69716212153435,
1860,0.004508785,1.86452613770962,
1861,0.0045139,1.86452613770962,
1862,0.004519015,1.52979810535908,
1863,0.00452413,1.69716212153435,
1864,0.004529245,1.52979810535908,
1865,0.00453436,1.52979810535908,
1866,0.004539475,1.19507007300854,
1867,0.00454459,1.69716212153435,
1868,0.004549705,1.69716212153435,
1869,0.00455482,1.36243408918381,
1870,0.004559935,1.52979810535908,
1871,0.00456505,2.03189015388489,
1872,0.004570165,1.69716212153435,
1873,0.00457528,1.69716212153435,
1874,0.004580395,1.69716212153435,
1875,0.00458551,1.69716212153435,
1876,0.004590625,1.52979810535908,
1877,0.00459574,1.52979810535908,
1878,0.004600855,-1.81748221814632,
1879,0.00460597,-1.65011820197105,
1880,0.004611085,-2.15221025049686,
1881,0.0046162,-1.65011820197105,
1882,0.004621315,-1.98484623432159,
1883,0.00462643,-2.31957426667213,
1884,0.004631545,-1.98484623432159,
1885,0.00463666,-1.81748221814632,
1886,0.004641775,-2.15221025049686,
1887,0.00464689,-1.81748221814632,
1888,0.004652005,-1.81748221814632,
1889,0.00465712,-1.48275418579578,
1890,0.004662235,-1.98484623432159,
1891,0.00466735,-1.81748221814632,
1892,0.004672465,-1.65011820197105,
1893,0.00467758,-1.81748221814632,
1894,0.004682695,-1.81748221814632,
1895,0.00468781,-1.65011820197105,
1896,0.004692925,-1.81748221814632,
1897,0.00469804,-1.81748221814632,
1898,0.004703155,-1.81748221814632,
1899,0.00470827,-1.98484623432159,
1900,0.004713385,-1.65011820197105,
1901,0.0047185,-1.81748221814632,
1902,0.004723615,-1.65011820197105,
1903,0.00472873,-1.81748221814632,
1904,0.004733845,-1.65011820197105,
1905,0.00473896,-1.81748221814632,
1906,0.004744075,-1.98484623432159,
1907,0.00474919,-1.81748221814632,
1908,0.004754305,-1.98484623432159,
1909,0.00475942,-1.65011820197105,
1910,0.004764535,-1.81748221814632,
1911,0.00476965,-1.65011820197105,
1912,0.004774765,-1.65011820197105,
1913,0.00477988,-1.65011820197105,
1914,0.004784995,-1.98484623432159,
1915,0.00479011,-1.65011820197105,
1916,0.004795225,-1.98484623432159,
1917,0.00480034,2.19925417006016,
1918,0.004805455,1.69716212153435,
1919,0.00481057,1.69716212153435,
1920,0.004815685,1.69716212153435,
1921,0.0048208,1.69716212153435,
1922,0.004825915,1.36243408918381,
1923,0.00483103,1.36243408918381,
1924,0.004836145,1.52979810535908,
1925,0.00484126,1.86452613770962,
1926,0.004846375,2.03189015388489,
1927,0.00485149,1.69716212153435,
1928,0.004856605,1.52979810535908,
1929,0.00486172,2.03189015388489,
1930,0.004866835,1.69716212153435,
1931,0.00487195,1.69716212153435,
1932,0.004877065,1.36243408918381,
1933,0.00488218,1.69716212153435,
1934,0.004887295,1.52979810535908,
1935,0.00489241,1.36243408918381,
1936,0.004897525,1.52979810535908,
1937,0.00490264,-1.81748221814632,
1938,0.004907755,-1.98484623432159,
1939,0.00491287,-1.81748221814632,
1940,0.004917985,-1.48275418579578,
1941,0.0049231,-1.81748221814632,
1942,0.004928215,-1.81748221814632,
1943,0.00493333,-1.48275418579578,
1944,0.004938445,-1.81748221814632,
1945,0.00494356,-1.81748221814632,
1946,0.004948675,-1.98484623432159,
1947,0.00495379,-1.48275418579578,
1948,0.004958905,-1.81748221814632,
1949,0.00496402,-1.65011820197105,
1950,0.004969135,-1.81748221814632,
1951,0.00497425,-1.81748221814632,
1952,0.004979365,-1.48275418579578,
1953,0.00498448,-1.65011820197105,
1954,0.004989595,-1.65011820197105,
1955,0.00499471,-1.98484623432159,
