# PILOT SAMPLE — NOT FINAL. B50_execution PILOT attempt-1 claim-level source ledger. Two NEW live opens this run (B50P-01 Stanford disclosure process; B50P-03 BIPM/JCGM GUM availability) — both load-bearing for MANUAL_WORK/ROADMAP claims; one fetch failure disclosed (B50P-02). Accepted opens REUSED with notation and not re-opened. All cost/time figures in the stage files are EST labels carried from cited B25/B30 records, not sourced market claims, so they carry no row here. No certification-scope or EV07/EV08 headline claim is made anywhere in this pilot (BR-F prohibition carried), so no such source is opened. Search snippets were discovery aids only; cited pages were opened (SOURCE_POLICY).
claim_id,url,title,publisher,published_date,accessed_date,source_type,stage_file,confidence,limitation
B50P-01,https://doresearch.stanford.edu/how-to/disclose-invention,"Disclose an Invention (Researcher Portal mechanism; 'Stanford faculty, staff and students' submit; disclose before publications/presentations are publicly available; OTL licensing manager contacts inventors after submission)",Stanford University (DoResearch),"created 2020-11-28; last updated 2026-02-19",2026-07-28,official_university_process_page_live_open,"MANUAL_WORK.md MW-2; IP_COLLAB.md §3 Q-C1, §4",high,"Supports only the disclosure MECHANISM and stated timing guidance; no legal determination, no statement about this founder's specific obligations; OTL's own process page (otl.stanford.edu) returned HTTP 403 this run (B50P-02) so the DoResearch page is the primary used"
B50P-02,https://otl.stanford.edu/inventors/submit-invention,"Submit Invention (Stanford OTL)",Stanford Office of Technology Licensing,unknown,2026-07-28,fetch_failed_http_403,"disclosure only (RUN_META.md)",discovery-only,"NOT OPENED: WebFetch returned HTTP 403 Forbidden this run; disclosed rather than paraphrased around; B50P-01 (official Stanford DoResearch page) covers the same process and is used instead"
B50P-03,https://www.bipm.org/en/committees/jc/jcgm/publications,"JCGM Publications: Guides in Metrology — JCGM 100:2008 'Evaluation of measurement data - Guide to the expression of uncertainty in measurement' (GUM); JCGM 101:2008 Supplement 1 (Monte Carlo propagation); GUM-1:2023/GUM-6:2020 parts; all freely downloadable with DOIs",BIPM (Joint Committee for Guides in Metrology),page undated (lists 2008-2026 documents),2026-07-28,official_standards_body_page_live_open,"ROADMAP.md RM-B6 (reference-chain GUM budget class); MANUAL_WORK.md MW-5; IP_COLLAB.md Q-B1",high,"Supports the existence and free availability of the official GUM/Monte-Carlo guidance the BR-B budget work follows; opening the listing page is not a claim that any budget produced will conform, and conformity is demonstrated only by the budget artifact itself"
B50P-04,https://danisense.com/products/dq500id/,"DQ500ID fluxgate current transducer (zero-flux class; linearity error max 1 ppm; applications include current calibration)",Danisense,undated (as fetched by B25),2026-07-28,manufacturer_spec_reused_open,"ROADMAP.md RM-B2/RM-B3; MANUAL_WORK.md MW-5",high for the vendor class's existence,"REUSED from accepted B25 S-B25-02 (opened live in the B25 chain; not re-opened this run); vendor spec page, not a calibration certificate; used only to name the RFQ target class"
B50P-05,https://ieee-sensorsletters.org/information-for-authors/,"IEEE Sensors Letters — Information for Authors (4-page limit incl. references; sensor-device scope; submission-to-ePublication 4.8 weeks median)",IEEE Sensors Letters,as fetched 2026-07-28 by B10,2026-07-28,journal_policy_page_reused_open,"ROADMAP.md Lane P (P1 revision context)",high,"REUSED from accepted B10 C36 (fetched live by B10 on 2026-07-28; not re-opened this run); page content can change and must be re-checked before actual resubmission (B10's own carried warning)"
B50P-06,outputs/B30_skills/attempt-1/BRIDGES.json; outputs/B30_skills/attempt-1/PREP_PLAN.md; outputs/B30_skills/attempt-1/SKILLS.csv,"B30 accepted ladder: BR-A/BR-B protocols, gate IDs (G-BR-A-0/1, G-BR-B-pre/mid/exit, G-30/G-90 components), EST cost/time labels, skill levels (S3 missing; S2/S5 literature_backed_near_transfer)",B30_skills accepted output,2026 (stage output),2026-07-28,prerequisite_output,"ROADMAP.md (all lanes/gates); IP_COLLAB.md; MANUAL_WORK.md",high,"Every gate ID and EST figure in this pilot resolves to these files; no experiment, gate, or cost figure is invented here"
B50P-07,outputs/B40_portfolio/attempt-1/DECISION.json; outputs/B40_portfolio/attempt-1/RANKING.csv,"B40 dispositions (bridge/watch/stop; keep=0) and bridge-gate mapping — BR-A gates D-01's founder lane; BR-B gates G-03/F-06/D-09 and the C-01/C-13 upgrade condition",B40_portfolio accepted output,2026-07-28 (stage output),2026-07-28,prerequisite_output,"ROADMAP.md §1/§7; IP_COLLAB.md",high,"Dispositions respected without re-ranking; this pilot schedules only named-gate execution, the sole founder spend B40 permits"
B50P-08,outputs/B10_phd/attempt-1/PHD_FACTS.json; outputs/B10_phd/attempt-1/OPT2.md; outputs/B10_phd/attempt-1/PHD_CORE.md,"B10 PhD critical-path facts used: C02/C22 (SENSL declined 2026-07-23, four asks), C04 (open anomaly rule), C45 (module undocumented), C14 (campaign #2 Nov 2026; RSI ~Mar 2027), C18 (review 30-Oct-2026 target), C33/C34 (IP screen, G-A..G-H, M13 not_started), C35 (Route A then C), C38 (G5 ~month 12), C41 (funding mix), C42 (~summer 2028), C44 (wording rules), C50 (AI provenance)",B10_phd accepted output,2026 (stage output),2026-07-28,prerequisite_output,"ROADMAP.md §0/§2/Lane P; IP_COLLAB.md; MANUAL_WORK.md",high,"Folder-08-derived claims keep B10's pre-redteam caveat (C40); external dates cited are corpus-recorded targets/records, never this run's inventions"
B50P-09,outputs/B25_power/attempt-1/BRIDGE_TESTS.md,"B25 PB-1/PB-2/PB-5 protocols and EST cost breakdowns that BR-B and BR-A Phase 1 carry (cell/shunt/fixture/reference figures; safety notes; supervision-is-part-of-the-design rule)",B25_power accepted output,2026 (stage output),2026-07-28,prerequisite_output,"ROADMAP.md Lanes A/B §6; MANUAL_WORK.md MW-4/MW-5",high,"EST labels carried verbatim; safety paragraphs are research planning, not safety approvals (SOURCE_POLICY)"
