evidence_id,topic_stream,claim,support_direction,paper_ids,study_types,conditions,measurement_quality,consistency,evidence_strength,limitations,phd_relevance,startup_relevance,downstream_use,falsifier
EV01,hall_metrology,"Traceable Hall-probe calibration with a component-level uncertainty budget is demonstrated at room temperature: gold micro-Hall sensors calibrated against a traceably calibrated commercial reference probe (Magnet-Physik FH55) over +/-150 mT achieved sensitivity 3.2 mV/A/T at +/-0.3%, and full scanning-SHPM operation carries a combined expanded uncertainty of +/-(7 mT + 13%) at k=2",supports,P0008,primary_experiment,"room temperature; +/-150 mT electromagnet; laboratory scanning Hall probe microscope","high for its regime — explicit traceability via calibrated reference probe; five-component uncertainty budget; instability quantified honestly (graphene day-to-day sensitivity deviation up to 9.3%)","single traceable-budget exemplar in the full 62-paper corpus; P0011/P0015 document calibration procedures and algorithms but no corpus paper replicates a GUM-style traceable budget on a comparable sensor","moderate — well-designed single-group experiment; regime far from fusion/cryogenic/tesla-scale use","traceability routed through one commercial calibrated probe; low-field room-temperature regime only; graphene variant unstable (9.3% day-to-day); provenance: record opened in accepted pilot run","direct methodological template for the proposed WP-C traceable calibration (B10 C06); supports the method class, not the still-uncalibrated GaN die itself","calibration-methodology asset for sensor/metrology work; not market evidence","B25/B30 planning; calibration-plan benchmarking","independent replication on comparable sensors failing to reach the stated uncertainty, or a metrology audit faulting the FH55-based chain"
EV02,hall_metrology,"Radiation-hard and extreme-environment Hall sensing is demonstrated for specific narrow-gap III-V materials, not GaN: JET InSb/i-GaAs 3D Hall probes operated 11+ years (2009-2021, 19117 pulses) including D-T pulses at neutron flux near 1e13 cm-2 s-1 with pre-pulse calibration scatter about +/-0.07% and stability quoted to fluence 2e18 cm-2 (P0001); Sb sensors with 500 nm W-Ti(90-10) diffusion barriers hold sensitivity at 89.6 mV/A/T through 350C/50h plus 220C/120h vacuum exposure, linear over +/-2.5 T, with reported fast-neutron tolerance to 1.4e20 cm-2 at <=2.3% sensitivity shift (P0004); annealing-stabilized InSb thin-film sensors operate from -270C to +300C with magnetic-sensitivity temperature coefficient below 0.04%/K (P0017)",supports,P0001;P0004;P0017,"primary_experiment (long-term in-machine system operation); primary_experiment (materials/thermal tests with reported irradiation tolerance); primary_experiment (extreme-temperature sensor development)","JET in-vessel including D-T campaigns; bench thermal-vacuum 220-350C; +/-2.5 T; fast-neutron fluences to 1.4e20 cm-2 (as reported); 4.2-573 K InSb operation","high for long-baseline stability tracking (repeated in-machine calibration checks); moderate for uncertainty formality — no full GUM-style budgets on the opened records","three independent groups (JET/Lviv consortium; Prague-led ITER/DEMO work; Poznan InSb group) agree that engineered narrow-gap III-V Hall sensors survive harsh environments","strong for the InSb and Sb families in the tested regimes","no GaN/AlGaN data in any of the three papers; whether P0004's 1.4e20 cm-2 tolerance campaign was performed within P0004 or in earlier group work was not established; P0001 reports its coils were not bench-calibrated and about 19% of pulses were lost to hardware/recording faults; P0017 itself states insufficient published AlGaN/GaN data for comparison; provenance: P0001/P0004 opened in accepted pilot; P0017 opened this run","bounds what others have already demonstrated — radiation-hard Hall metrology per se is occupied ground; the PhD's GaN-specific radiation question remains untested (consistent with B10 C29 and C44's forbidden first-fusion-Hall claim)","incumbent harsh-environment sensor materials already demonstrated by established labs","B25/B30; novelty-boundary analysis","retraction/correction of the JET long-term stability record, or independent labs failing to reproduce Sb/InSb sensor stability figures"
EV03,hybrid_diagnostics,"Hall+coil hybrid magnetic sensing is established prior art at both system and algorithm level: the JET RHP system already pairs 18 Hall sensors with 18 coils and formally proposes a compact Luenberger-Kalman hybrid probe (P0001), and a linear Kalman-filter fusion of Hall and coil channels with a Wiener-process bias state removes integrator drift and improves SNR by roughly 30x in synthetic long-pulse tests (P0003)",supports,P0001;P0003,"primary_experiment plus design proposal (P0001); simulation/synthetic-data validation (P0003)","JET in-vessel hardware 2009-2021 (P0001); synthetic signals with sigma_H=0.1 T and sigma_C=0.02 T/s at 10 kHz over 10 s and 1 h records (P0003)","P0001 hardware evidence is high for coexistence/long-term operation but its high-performance hybrid probe is proposed, not built; P0003 quality is algorithmic-synthetic with idealized noise","mutually consistent on architecture value; both address the Hall-corrects-coil (drift) direction only","moderate — concept and algorithm well supported; a hardware-fused instrument is demonstrated in neither paper nor anywhere else in the 62-paper corpus","no built hybrid probe; no real-machine fusion of the two channels anywhere in the corpus; synthetic noise models idealized (acknowledged by P0003's authors); provenance: both records opened in accepted pilot","directly supports feasibility of B10 Element 2's Hall-to-coil direction while confirming the broad architecture is not novel (B10 C26); provides zero support for the reverse coil-to-Hall calibration direction","hybrid-sensor product concept already occupied by large-lab prior art","B25/B30; architecture and novelty adjudication","a hardware trial showing Kalman Hall+coil fusion fails under real EMI/plasma conditions at the claimed accuracy class"
EV04,hybrid_diagnostics,"Gap/contradiction: across the full 62-paper corpus there is no hardware demonstration of Hall+coil fusion under real fusion operating conditions — P0003's validation is entirely synthetic and P0001's hybrid probe is a proposal; the PhD direction's assumed coil-to-Hall reverse-calibration step has no supporting demonstration anywhere in the corpus, and P0001 explicitly reports its own coils were never bench-calibrated, so the trusted coil reference chain the reverse direction requires did not exist even on the flagship deployed system; the closest hardware fusion precedent (P0031) fuses TMR with a current transformer, not Hall with a coil, and not in a fusion environment",gap,P0001;P0003;P0031,"absence-of-evidence across a primary_experiment record, a simulation record, and the nearest hardware-fusion analogue","real long-pulse fusion conditions (the target regime) untested for fused operation","not applicable — gap row","gap is internally consistent with B10's own admission (C23/C26) that no coil-to-Hall fusion-condition demonstration exists; corpus-wide check performed this run across all 14 hybrid_diagnostics rows","gap is firm within the 62-paper corpus; absence here is not proof of absence in the wider literature","62-paper corpus scope; targeted fresh search beyond the corpus was not performed this run; provenance: P0001/P0003 opened in pilot; P0031 metadata live-checked by B12 verifier","this is simultaneously the PhD's decisive open ground (novelty gap b in B10 C26) and its largest unsupported feasibility assumption","unproven-core-technology risk flag for any hybrid-sensor venture concept","GAPS.md bridge tests; B25/B30 contradiction ledger","a published hardware demonstration of fused Hall+coil operation (either direction) under fusion conditions located in newer literature"
EV05,hts_quench_current,"No-insulation REBCO pancake coils exhibit conditional passive self-protection: simulation anchored to a measured 70 uOhm-cm2 turn-to-turn resistivity shows a 12 J / 40 ms local quench at 80 A redistributing azimuthal current (turn overcurrent to 115 A), peak hot-spot near 145 K, and full recovery without intervention (P0007); semi-adiabatic 125 A double-pancake experiments acceptably matched an analytical hot-spot/NZP model with radial NZP velocity 82 um/s and about 1 K temperature margin (P0040); but the protection is not unconditional — sudden discharge from >=350 A quenched a 655-turn conduction-cooled NI coil at 4.2 K within about 450 ms (P0043), and transient sudden-discharge/overcurrent regimes are a recognized distinct hazard class (P0042)",supports,P0007;P0040;P0042;P0043,"multiphysics_simulation with one experimentally anchored parameter (P0007); analytical model plus primary_experiment (P0040); primary_experiment plus FE simulation (P0043); modeling of transients (P0042)","77-80 K single pancake at 80 A (P0007); 77 K double pancake at 125 A semi-adiabatic (P0040); 4.2 K conduction-cooled 655-turn coil at 350 A sudden discharge (P0043)","moderate-to-high — the mechanism model is now corroborated by instrumented experiments from the same research lineage (MIT/Iwasa group) at two operating points","P0007/P0040/P0042/P0043 are mutually consistent: self-protection at moderate current and margin, fault-mode quench beyond a current threshold","moderate-to-strong for the mechanism class; the experimental corroboration is largely from one group lineage, limiting independence","P0007 results specific to 70 uOhm-cm2 (27 uOhm-cm2 flagged as harder); terminal voltage <=9 mV makes detection intrinsically hard; P0040/P0043 lab-scale coils only, scaling unproven (stated by P0043's authors); provenance: P0007 opened in pilot; P0040/P0043 opened this run; P0042 cited at B12-ledger metadata level","context for the HTS-magnet diagnostic environment the PhD/startup instrumentation could serve; not a PhD claim dependency","defines the low-signal quench environment any HTS-magnet sensing product must handle","B25/B30; hts stream baseline","instrumented NI-coil quench experiments from an independent group contradicting the redistribution/recovery behavior or the fault-mode current threshold class"
EV06,hts_quench_current,"Data-driven HTS quench detection is feasible but data-starved and EMI-limited: with only 36 real quench records (18 train / 18 test) from one helical coil, physics-guided augmentation to 216/216 artificial samples enabled 0.9861 held-out detection accuracy, degrading to 0.875 on an unseen pancake-coil geometry and 0.8056 at 0 dB SNR (P0002); independently, an EAST CNN-LSTM voltage-compensation system trained on 1000 historical shots cut electromagnetic noise by over 50% and peak disturbance from over 2 V to under 0.5 V against a 500 mV / 1 s detection threshold, yet residual noise can still exceed 100 mV — flagged by its authors as inadequate for HTS magnets (P0038) — addressing exactly the weak (<=9 mV) terminal-voltage signatures P0007 predicts for no-insulation coils",supports,P0002;P0007;P0038,"primary_experiment plus ML benchmarking on augmented artificial data (P0002); multiphysics_simulation (P0007); algorithm development validated on real tokamak operational data (P0038)","laboratory HTS helical and pancake coils, 75 classifier combinations, noise to 0 dB SNR (P0002); EAST CS/PF magnets, 1000 training + 2000 test shots (P0038)","moderate — honest train/test separation and cross-geometry tests in P0002; P0038 validated on real machine data but for LTS magnets with simulated quench events","two independent groups plus the mechanism paper agree: native quench signals are weak, EMI is large, and advanced compensation/detection is required","moderate — promising benchmarks, far from qualified magnet-protection practice","tiny real quench dataset (36 records); augmentation-dependent; P0038 needs about 1000 training shots per new device and residual noise still exceeds 100 mV; no in-service HTS deployment anywhere in corpus; provenance: P0002/P0007 opened in pilot; P0038 opened this run","peripheral to the PhD's Hall/coil program; relevant only if later work targets HTS magnet monitoring","signals an open, technically immature niche (HTS quench diagnostics); stated as context, not a ranking","B25/B30; hts stream","the benchmarks failing to transfer to independent coils/laboratories, or deployment showing unacceptable false-alarm/missed-quench rates"
EV07,power_conversion,"Review-level consensus across multiple independent teams: SiC/GaN wide-bandgap devices enable order-of-magnitude higher switching frequency (quoted up to ~100x vs silicon) and ~99% converter-efficiency demonstrations (e.g. a GaN system >99% at 120-200 kHz), with SiC operating-temperature capability quoted at 200-300C — enabling smaller magnetics and higher-density specialized converters",supports,P0005;P0006;P0052;P0054;P0057,"review_synthesis in all five papers; none reports original experiments as its main contribution","figures compiled by the reviews from underlying primary studies across EV, renewable, aerospace and power-supply applications","not applicable at review level — headline numbers are cited by the reviews, not measured in them, and were not traced to their primary sources this run","five independent review teams (2019-2023) concur on direction and magnitude class (WBG devices, GaN-on-Si, vertical GaN, SiC high-temperature)","moderate as a consensus map; weak as primary measurement evidence — kept separate from primary experiments per policy","review conclusions only; underlying primary studies unverified this run; possible staleness relative to 2024-2026 device generations; provenance: P0005/P0006 opened in pilot; P0052/P0054/P0057 cited at B12-ledger metadata level (P0057 metadata live-checked by B12 verifier)","background for whether the PhD's measurement/instrumentation skills transfer to power-conversion work; no direct dependency of any PhD claim","technology-direction context for power-electronics-adjacent work; not market sizing and not a venture ranking","B25/B30; power_conversion stream","a primary-literature audit showing the headline efficiency/frequency figures are unrepresentative or misquoted"
EV08,power_conversion,"Gate-drive engineering is a genuine unresolved bottleneck for wide-bandgap adoption: enhancement-mode GaN tolerates only a -10 V to +7 V gate window while cascode variants need +/-20 V, commercial drivers are described as far from universal, and slew-rate control, Miller clamping, and crosstalk mitigation remain active design burdens; p-GaN gate reliability remained an active review subject into 2024 (P0053)",supports,P0005;P0006;P0053,"review_synthesis with tabulated commercial-device and published-design surveys","mid-to-high-power converter applications; commercial device landscape circa 2020-2024","not applicable — survey level","P0005, P0006 and P0053 independently list gate-drive, gate-reliability, EMI, and thermal challenges","moderate for the existence of the problem; weak for its current state (2021 snapshot at the core)","P0006's 12-day receipt-to-acceptance interval limits confidence in review depth (flagged, not disqualifying); 2021 snapshot likely stale on driver ICs; review-level only; provenance: P0005/P0006 opened in pilot; P0053 cited at B12-ledger metadata level","identifies where measurement-quality skills (fast switching-node metrology) might transfer; a loose analogy, not a demonstrated bridge","candidate pain point if work targets WBG converter test/measurement; context only","B25/B30; power_conversion stream","current (2024-2026) primary literature showing qualified near-universal driver solutions eliminating the described burdens"
EV09,hall_metrology,"Gap: no GaN/AlGaN Hall-plate radiation dataset appears anywhere in the 62-paper corpus — demonstrated radiation-hard Hall sensing uses InSb (P0001) and Sb (P0004); the corpus's radiation-effects work on other systems is TCAD simulation of silicon FD-SOI Hall plates (P0018) and gamma irradiation of magnetoresistive sensors (P0019); the traceable-calibration exemplar (P0008) uses gold/graphene sensors at room temperature; the PhD's radiation-compensation premise for GaN devices is neither supported nor refuted by this corpus, matching B10's own ledger finding (C29) that the GaN radiation-drift magnitude is Unknown",gap,P0001;P0004;P0008;P0018;P0019,"absence-of-evidence across primary_experiment and simulation records","not applicable","not applicable — gap row","independently consistent with B10's 219/231-row ledger finding of no GaN Hall-plate neutron dataset; P0018's own authors state most published radiation studies focus on III-V Hall sensors — but no corpus item supplies GaN Hall-plate data","gap is firm within the 62-paper corpus; absence from this search is never proof of absence","corpus-bounded absence claim; targeted fresh search beyond the corpus not performed this run; provenance: P0001/P0004/P0008 opened in pilot; P0018 opened this run; P0019 cited at B12-ledger metadata level","the PhD's radiation hypothesis (B10 C09/C29) remains an open empirical question with zero literature support in this evidence base","any GaN-sensor radiation-hardness claim currently lacks literature support in this corpus","GAPS.md; B25/B30 targeted search verification","a GaN/AlGaN Hall-plate irradiation study located in newly published literature"
EV10,hybrid_diagnostics,"Regime tension: P0003's synthetic validation assumes white Gaussian channel noise and a Wiener-process bias and reports drift completely resolved with ~30x SNR gain, while P0001's 11-year real installation reports non-identical never-bench-calibrated coils, suboptimal coil SNR, and ~19% of pulses lost to commissioning/hardware/recording faults — the idealized algorithm evidence and the real-installation evidence do not yet meet in the middle",mixed,P0001;P0003,"simulation (P0003) versus long-term system operation (P0001)","synthetic 10 kHz records (P0003) versus JET in-vessel operation 2009-2021 (P0001)","each record is strong in its own regime; neither covers the other's regime","no contradiction on any shared measurement, but jointly they expose an unbridged validation gap; no corpus paper closes it","the tension itself is well evidenced from the two opened records","P0003's authors themselves acknowledge the hardware-implementation challenge — the tension is disclosed in the primary record, not discovered by this run alone; provenance: both records opened in accepted pilot","quantifies the credibility gap any hybrid-estimator PhD deliverable must close (aligns with B10's FT-08 to FT-10 machine-piggyback ladder)","product-qualification burden indicator for diagnostic instrumentation work","GAPS.md bridge tests; B25/B30","a real-machine deployment of a P0003-class estimator meeting its synthetic-performance bounds"
EV11,hall_metrology,"Hall-sensor sensitivity/noise engineering is a mature multi-decade multi-platform field: review-level minimum detectable fields (P0010) reach 0.03-0.05 uT/rtHz for the best graphene devices (CVD-on-SiC and hBN-encapsulated), about 0.08 uT/rtHz for InSb thin film, and about 1 uT/rtHz for GaAs/AlGaAs 2DEG and Si CMOS at the stated device widths; the corpus's primary lineage spans 2DEG III-V heterostructure sensitivity work from 1996 (P0009), monolithic CMOS Hall sensors (P0014, P0016), and ultraclean graphene detection-limit studies (P0012)",supports,P0009;P0010;P0012;P0014;P0016,"review_synthesis (P0010) over primary experiments; primary_experiment (P0009, P0012, P0014, P0016)","room-temperature laboratory characterization; device widths from um to hundreds of um; graphene quantum-Hall operation at 4.2 K also covered","review-level figures are compiled, not measured, in P0010; underlying primaries not traced this run except as corpus rows","P0010's comparison table is consistent with the corpus's own primary items existing across all named platforms","moderate — a robust consensus map of an occupied performance landscape","P0010 notes gate-induced sensitivity instabilities in graphene as an open challenge; figures are best-in-class laboratory values, not qualified-product values; provenance: P0010 opened this run; P0009/P0012/P0016 metadata live-checked by B12 verifier; P0014 cited at B12-ledger metadata level","the GaN die competes in an occupied performance landscape — differentiation must come from environment tolerance and system integration, not raw sensitivity (consistent with B10 C44's novelty constraints)","raw-sensitivity differentiation is a weak basis for any sensor-product claim","B25/B30; novelty-boundary analysis","independent benchmarking showing the review's comparison table materially misstates any platform's noise floor"
EV12,hall_metrology,"Application-setting calibration of Hall/magnetic sensor systems is documented as both procedure and algorithm family: a six-degree-of-freedom Hall measurement system was designed and calibrated with reported measurement uncertainty for structural-motion monitoring (P0011), and in-situ magnetic-sensor calibration algorithms are systematically reviewed and compared (P0015)",supports,P0011;P0015,"primary_experiment with calibration procedure (P0011); review_synthesis of algorithms (P0015)","laboratory/structural test rig (P0011); algorithm survey across consumer/industrial sensor contexts (P0015)","qualitative adjudication — cited at B12-ledger metadata level (titles, venues, editorial records verified by B12); quantitative uncertainty figures not extracted this run","calibration-methodology availability is consistent across P0008, P0011, P0015","moderate for method availability; not evidence about any specific accuracy target","neither record opened at content level this run; claims kept qualitative per the no-fabrication rule; provenance: B12-ledger metadata","enabling infrastructure for B10 WP-C (C06): calibration procedure and algorithm literature exists to build on; nothing here calibrates a GaN die","calibration know-how is available in the open literature — weak moat, useful input","B25/B30","opening the records and finding the calibration/uncertainty content absent or materially different from the ledger characterization"
EV13,hall_metrology,"Temperature is a first-order Hall-sensor systematic with demonstrated but material-specific mitigation: annealing-stabilized InSb thin films achieve a magnetic-sensitivity temperature coefficient below 0.04%/K over -270C to +300C (P0017); AlGaN/GaN 2DEG mobility is reported to fall from about 1000 to about 300 cm2/Vs by 300C with insufficient published data for detailed comparison (P0017, 2011 state); graphene devices carry gate-induced sensitivity instabilities (P0010), and the traceable-calibration exemplar quantified day-to-day graphene sensitivity deviation up to 9.3% (P0008)",supports,P0008;P0010;P0017,"primary_experiment (P0017, P0008); review_synthesis (P0010)","-270C to +300C (P0017); room-temperature lab (P0008); survey across platforms (P0010)","P0017 reports explicit temperature-coefficient engineering with annealing; P0008 quantifies instability honestly; P0010 is compiled review evidence","all three agree that stability/drift, not raw sensitivity, is the binding constraint across platforms","moderate-to-strong for the claim that temperature drift is the central engineering axis","P0017 is 2011 — AlGaN/GaN literature has since grown (its insufficient-data statement is dated and must not be read as current); provenance: P0017/P0010 opened this run; P0008 opened in pilot","directly frames the PhD's temperature-compensation problem (B10 C09's temperature-vs-radiation drift separation) as a recognized, partially solved problem in other materials","drift-compensation capability is a credible differentiation axis — but incumbent materials already achieve strong figures","B25/B30","current AlGaN/GaN literature demonstrating temperature coefficients matching or beating annealed InSb across the same range"
EV14,hall_metrology,"The Hall-metrology traceability chain has a quantum root: quantum Hall resistance standards fabricated from CVD graphene on SiC were demonstrated with metrological accuracy (P0013, 2015, Nature Communications), anchoring resistance-based Hall measurement to invariant quantum standards; the working-level traceable calibration practice (P0008) routes through commercial calibrated reference probes",supports,P0008;P0013,"primary_experiment (P0013 metrology demonstration; P0008 calibration experiment)","cryogenic quantum-Hall conditions (P0013); room-temperature working-level calibration (P0008)","P0013 adjudicated at B12-ledger metadata level plus B12-verifier live metadata check; its specific accuracy figures not extracted this run","the two-tier structure (quantum root, working-level transfer) is standard metrology practice and internally consistent","moderate — existence of the chain is solid; corpus does not contain an end-to-end chain for fusion-relevant field sensing","P0013 record not content-opened this run — quantitative accuracy claims deliberately omitted; provenance: B12 ledger plus B12-verifier metadata check (P0013), pilot open (P0008)","contextualizes WP-C (B10 C06): traceability infrastructure exists; the missing piece is a traceable chain at tesla-scale fusion-relevant conditions (see EV35)","standards-anchored calibration is available infrastructure, not a differentiator","B25/B30","not applicable in practice (quantum Hall standards are among the most replicated results in metrology); a failed replication would falsify"
EV15,hall_metrology,"Radiation-effects methodology for magnetic sensors exists in adjacent systems: TCAD simulation separates total-ionizing-dose, transient-dose-rate, and single-event effects on silicon FD-SOI Hall plates, predicting Hall-voltage increase of 28.9% and sensitivity increase of 29.1% (86.49 to 111.75 mV/T) at 1e16 cm-2 oxide fixed-charge density (P0018); gamma-irradiation campaigns characterize magnetoresistive sensors for space use (P0019) — the methods (species separation, pre/post characterization, simulation-guided screening) transfer, the material data do not",supports,P0018;P0019,"TCAD simulation only, no experimental validation (P0018); primary_experiment gamma irradiation (P0019)","Synopsys Sentaurus TCAD, 50 nm Si film, dose rates 5e8-5e12 rad(Si)/s, LET 0-100 MeV cm2/mg (P0018); gamma irradiation of MR sensors (P0019)","P0018 is simulation-only and says so; its quantitative shifts are model outputs, not measurements; P0019 cited at metadata level","P0018's authors independently confirm the corpus-wide pattern: silicon Hall radiation data are scarce and III-V studies dominate — yet no corpus item covers GaN Hall plates","moderate for methodology existence; weak for any specific device prediction","P0018 predictions unvalidated experimentally; P0019 is gamma-only and magnetoresistive, not Hall; cross-species/cross-material scaling is unreliable (B10 C29 cites a ~14x failure case); provenance: P0018 opened this run; P0019 cited at B12-ledger metadata level","supports the feasibility of the PhD's proposed simulation-guided radiation methodology (and the co-authored TCAD draft, B10 C20) while confirming the GaN data gap (C29)","radiation-qualification methodology is reproducible from literature; data moats would have to be built by new experiments","B25/B30","experimental FD-SOI irradiation data contradicting the TCAD predictions, which would weaken simulation-guided screening generally"
EV16,hybrid_diagnostics,"Inverse reconstruction of currents and fields from external magnetic measurements is an established, actively advancing method family: general principles and reconstruction limits were formalized for toroidal systems (P0020, 2001); current-profile reconstruction from external magnetics plus MSE is current practice on DIII-D (P0021, 2025); sensor-array inverse reconstruction localizes arc currents in circuit breakers (P0025); and physics-informed neural networks map fields in inaccessible regions with quantified error scaling — vector-norm error about 1.9e-3 with 60+ boundary sensors on synthetic data, degrading to 4.1e-2 with 18 sensors under noise sigma 1e-2, outperforming multipole expansion, with experimental validation on lab coils using a commercial triple-axis magnetometer (P0030)",supports,P0020;P0021;P0025;P0030,"theory/seminal synthesis (P0020); primary_experiment plus equilibrium-code analysis (P0021); primary_experiment with array hardware (P0025); method development with synthetic and lab experimental validation (P0030)","tokamak equilibrium reconstruction; circuit-breaker arc localization; nEDM-class shielded-volume mapping (P0030)","P0030's error figures are from controlled synthetic and lab tests, honestly reported with noise sweeps; P0021 adjudicated at metadata level plus B12-verifier check","four independent communities converge: boundary measurements plus physics constraints recover interior currents/fields within quantified limits","strong for the method family's establishment","P0030's own caveat: finite boundary data does not guarantee uniqueness; fusion-plasma reconstruction (P0021) depends on internal constraints (MSE) beyond external magnetics alone — pure external reconstruction is limited (consistent with P0020); provenance: P0030 opened this run; P0020/P0021 metadata live-checked by B12 verifier; P0025 cited at B12-ledger metadata level","directly supports the credibility of B10's named fallback direction (C47: physics-informed stellarator-magnetics reconstruction) and Element 3's estimator/reconstruction package (C10)","reconstruction software/methods are enabling infrastructure with existing open literature — thin proprietary moat, strong capability base","B25/B30","reconstruction methods failing on realistic stellarator geometries at useful accuracy despite adequate sensor counts"
EV17,hybrid_diagnostics,"Sensor-array current-measurement error engineering is a developed sub-field: circular and rectangular arrays of magnetic sensors measure conductor currents with analyzed and mitigated sensitivity to conductor position and external fields (P0023, P0027, P0026), and a 2025 elliptical Hall array corrected via a GWO-BP neural network targets robust current sensing in rectangular conductors (P0022)",supports,P0022;P0023;P0026;P0027,"primary_experiment/design studies with error analysis in all four","industrial current-measurement settings; bench validation rigs","qualitative adjudication — cited at B12-ledger metadata level (P0022 metadata live-checked by B12 verifier); specific error figures not extracted this run","four independent groups over 2018-2025 address the same positional/interference error budget with array design plus computational correction","moderate for the sub-field's existence and maturity","records not content-opened this run; quantitative accuracy claims deliberately omitted; provenance: B12-ledger metadata (P0022 verifier-checked)","establishes prior art density around Hall-array current sensing — relevant boundary for any PhD/startup claim about sensor-placement or array-based current imaging","array current sensing is occupied ground with active Chinese/European groups; differentiation would need harsh-environment or fused-channel angles","B25/B30","opening the records and finding the array/error-analysis content materially different from the ledger characterization"
EV18,hybrid_diagnostics,"A hardware precedent for DC-plus-AC magnetic-channel fusion exists outside fusion: a wide-bandwidth inexpensive current sensor fusing tunneling-magnetoresistance (DC/low-frequency channel) with a current transformer (AC channel) was built and published (P0031, 2024) — structurally the same bandwidth-fusion architecture class as the PhD's proposed Hall+coil element, with TMR in the role the PhD assigns to the Hall die",supports,P0031,"primary_experiment (sensor design and characterization)","power-system current measurement; bench characterization","adjudicated at B12-ledger metadata level plus B12-verifier live metadata check; bandwidth/accuracy figures not extracted this run","consistent with P0050's review-level conclusion that multi-scheme fused sensors are the way forward for wide-band current sensing","moderate — existence of the hardware precedent is solid","record not content-opened this run; note the fused DC channel is TMR, not Hall — this is simultaneously support for the architecture class and evidence for the competing TMR technology (B10 C43); provenance: B12 ledger plus verifier metadata check","supports the feasibility class of B10 C08 (bandwidth fusion) while sharpening C43's competitive threat: the published fused-sensor precedent chose TMR","fused wide-band current sensing is being commercialized-adjacent by others using TMR; a Hall-based variant needs a demonstrated advantage","B25/B30","opening P0031 and finding the fusion architecture or performance materially different from the ledger characterization"
EV19,hybrid_diagnostics,"Fusion magnetic-diagnostic system design is a quantified engineering discipline — and its flagship recent redesign chose coils only: the RFX-mod2 redesign (724 pick-up probes, 1088 signals) targets fraction-of-1% system accuracy via 0.1%-class element calibration and quantifies analog integrator drift error at about 0.6 mT over 10 s for 10 mT-0.5 T signals (P0024); Bayesian experimental design now optimizes pick-up coil placement on WEST (P0028); P0024 explicitly considers only pick-up coils — no Hall channel appears in the redesign",mixed,P0024;P0028,"design study with experimental prototype validation (P0024); Bayesian design/simulation study (P0028)","RFX-mod2 full acquisition chain, bench and proof-of-concept solenoid tests (P0024); WEST tokamak diagnostic set (P0028)","P0024 opened this run: explicit calibration targets, drift quantification, noise characterization; P0028 metadata live-checked by B12 verifier","P0024's drift numbers are consistent with P0003's motivation for Hall-assisted drift correction — yet P0024's designers accepted drift and stayed coil-only","strong for the discipline's existence; the coil-only choice is one design team's decision, not proof Hall channels are unnecessary","P0024 is an RFP-class device with 10 s pulses — drift pressure is far milder than for 1000 s-class long-pulse machines, so its coil-only choice does not generalize to the long-pulse regime; provenance: P0024 opened this run; P0028 B12-verifier metadata check","calibrates B10's framing: the Hall channel's value case is regime-specific (long-pulse steady-state), and incumbent practice remains coil-centric — the PhD must argue the regime, not the generic architecture","diagnostic-system integration is a demanding, quantified discipline; incumbent suppliers/labs are coil-centric","B25/B30; architecture adjudication","a long-pulse-machine diagnostic redesign that evaluates and rejects Hall channels on measured grounds (would sharpen the contradiction), or one that adopts them (would support the regime argument)"
EV20,hybrid_diagnostics,"Radiation-environment validation of current sensors in operating fusion devices exists for fiber-optic current sensing: FOCS performance was assessed under neutron radiation during the JET DTE2 deuterium-tritium campaign (P0029, 2025) — evidence both that in-machine diagnostic radiation-qualification pipelines exist and that a competing non-Hall technology already occupies the radiation-exposed total-current niche",mixed,P0029,"primary_experiment (in-machine assessment during D-T operations)","JET DTE2 campaign neutron environment","adjudicated at B12-ledger metadata level; quantitative radiation-effect figures not extracted this run","consistent with B10 C27's counterexample analysis (Rogowski/FOCS win the total-current niche)","moderate for the niche-occupancy claim","record not content-opened this run; provenance: B12-ledger metadata","confirms B10 C27: total plasma/conductor current is a niche where the Hall/coil hybrid should not compete; also demonstrates the qualification pathway any new diagnostic must pass","total-current sensing in radiation environments is served by FOCS — avoid this niche","B25/B30","opening P0029 and finding FOCS materially degraded by DTE2 radiation (would weaken the niche-occupancy conclusion)"
EV21,hts_quench_current,"No-insulation coil transient behavior including its failure boundary is experimentally characterized and engineerable: winding tension modifies NI coil electrical behavior (P0041, seminal 2013); sudden-discharge and overcurrent transients are modeled and measured (P0042, P0037); at 4.2 K a 655-turn NI coil quenched within about 450 ms on sudden discharge from >=350 A, and an appropriately designed 1.92 mOhm terminal shunt prevented the quench entirely — extending the discharge time constant from 4.37 s to 15.28 s and cutting peak radial stress from 428 MPa to 115 MPa (P0043)",supports,P0037;P0041;P0042;P0043,"primary_experiment plus simulation (P0043, P0037, P0042); primary_experiment (P0041)","4.2 K conduction-cooled operation at 350 A (P0043); 77 K-class lab coils (others)","P0043 opened this run: quantitative experiment-plus-FE study with a demonstrated engineered fix; P0037/P0041/P0042 metadata (P0037/P0041 live-checked by B12 verifier)","the MIT/Iwasa-lineage papers form a coherent, decade-long experimental program on NI transients","strong within the lineage; independence limited (largely one research lineage)","lab-scale coils; scaling to large magnets explicitly flagged by P0043's authors as requiring further validation; provenance: P0043 opened this run; P0037/P0041/P0042 B12 ledger (P0037/P0041 verifier-checked)","context: the HTS-magnet environment has engineered passive protections — any diagnostic value proposition must beat or complement them, not assume unprotected magnets","protection engineering reduces the addressable pain for quench-detection products at small scale; large-magnet scaling is the open commercial question","B25/B30","independent-group experiments contradicting the shunt-protection result or the fault-mode threshold class"
EV22,hts_quench_current,"Quench-simulation infrastructure for NI HTS coils is maturing and openly available: an open-source 3D finite-element tool (FiQuS/Pancake3D) performs coupled magneto-thermal quench simulation of NI pancake coils, reproducing screening-current behavior (about 30 mT residual axial field after source-current cessation in its demonstration case) (P0032); mechanical quench-protection responses are modeled independently (P0036)",supports,P0032;P0036,"software/method development with computational demonstration only (P0032); numerical simulation study (P0036)","double-pancake demonstration case with local critical-current degradation (P0032); HTS coil quench-protection scenarios (P0036)","P0032 opened this run: validation is computational only — no experimental comparison presented in the paper; P0036 cited at metadata level","consistent with P0007/P0040: the community converges on multiphysics NI models; open-source availability lowers replication cost","moderate — tool availability is solid; predictive validity against experiments is not established inside P0032","no experimental validation in P0032 itself; provenance: P0032 opened this run; P0036 B12-ledger metadata","directly relevant to B10 Element 3 (C10): the open-source ecosystem already contains a CERN-lineage NI quench tool — T0's differentiation must be estimator honesty/identifiability, not generic multiphysics simulation","open-source incumbents exist for magnet simulation; software-only offerings face free competition","B25/B30","experimental benchmarking showing the open-source tool materially mispredicts NI quench behavior"
EV23,hts_quench_current,"Non-voltage and advanced quench-detection modalities are an active frontier because voltage signatures are weak and EMI-buried: fiber-Bragg-grating thermoelastic strain rate gave 1-2 s of early warning before quench onset in YBCO tapes at about 78 K under 120-180 A transport current, versus voltage-based detection whose advance estimates overstate by about 3 s (P0033); microwave-based sensor-free detection is proposed for REBCO magnets and transmission lines (P0039, 2026); ML approaches address the same weak-signal problem (P0002, P0038)",supports,P0002;P0033;P0038;P0039,"primary_experiment plus COMSOL simulation (P0033); primary method development (P0039); ML benchmarks on real plus augmented data (P0002, P0038)","YBCO tapes at 78 K, 120-180 A, heater-triggered quenches, FBG multiplexed sensing (P0033); EAST magnets (P0038)","P0033 opened this run: honest multi-sensor comparison (FBG vs voltage taps vs thermocouples) with disclosed model-experiment discrepancies; P0039 metadata live-checked by B12 verifier","four independent groups pursue non-voltage or compensated-voltage detection, confirming the weak-signal problem P0007 predicts","moderate-to-strong for the frontier's existence and direction","P0033 is tape-level, not full-magnet; its simulation mismatches at distant positions are disclosed; P0039 not content-opened; provenance: P0033/P0038 opened this run; P0002 pilot; P0039 B12-verifier metadata check","frames the instrumentation niche the PhD's fast, EMI-robust measurement skills could serve (HTS magnet monitoring) — a skill-adjacency, not a demonstrated PhD deliverable","multi-modal magnet monitoring is an open niche with no dominant incumbent in the corpus","B25/B30","full-magnet trials showing strain/microwave modalities fail to retain their early-warning margin at system scale"
EV24,hts_quench_current,"Current distribution and resistance-transition behavior of HTS tapes and cables under overcurrent is measured and modeled across independent groups: terminal contact-resistance variations control current distribution in multi-tape cables (P0035); parallel-tape quench characteristics show inter-tape redistribution (P0034); 2G-tape resistance under overcurrent is characterized with equivalent-resistance estimation methods (P0044); and the temporal resistance evolution during superconducting-to-normal transition is measured (P0045)",supports,P0034;P0035;P0044;P0045,"primary_experiment (all four; P0044/P0045 with modeling components)","laboratory HTS tapes/cables under controlled overcurrent and transition conditions","qualitative adjudication — cited at B12-ledger metadata level (P0034/P0045 metadata live-checked by B12 verifier); specific resistance/current figures not extracted this run","four independent groups agree current redistribution among parallel paths is central to HTS conductor behavior — consistent with the NI-coil mechanism (P0007)","moderate for the sub-field's establishment","records not content-opened this run; quantitative claims deliberately omitted; provenance: B12 ledger (P0034/P0045 verifier-checked)","background physics for any current-diagnostic instrument aimed at HTS conductors","context for HTS-adjacent instrumentation; no direct product claim","B25/B30","opening the records and finding the redistribution/transition content materially different from the ledger characterization"
EV25,hts_quench_current,"Review-level synthesis (kept separate from primary evidence): mechanical issues — screening-current-amplified hoop stress reaching hundreds of MPa, REBCO shear strength below 10 MPa, delamination/cracking observed post-quench — are identified as the dominant reliability challenge for high-field HTS magnets; the 45.5 T record hybrid used a 14.4 T NI insert that was damaged after quenching; the review explicitly calls for reliable real-time stress/strain monitoring and states effective quench detection for HTS magnets remains to be explored (P0046)",supports,P0046,"review_synthesis over primary experiments including the authors' own record magnets","high-field (30-45 T class) REBCO magnet programs","review conclusions compiled from primaries; the 45.5 T damage account originates from the authors' own program (NHMFL/MIT lineage), lending first-hand weight; opened this run","consistent with P0033/P0038/P0039's premise (detection inadequate) and with P0043's stress numbers","moderate as a consensus map; the monitoring-gap statement is a review conclusion, not a measurement","review-level; specific stress figures were not independently traced to their primary sources this run; provenance: P0046 opened this run","the explicit real-time-monitoring call is the strongest corpus statement that an instrumentation gap exists in HTS magnets — adjacent to, but not identical with, the PhD's Hall/coil program","a named unmet need (real-time strain/stress/quench monitoring in high-field magnets) from a credible review — candidate niche, no ranking here","B25/B30","primary literature demonstrating deployed, reliable real-time monitoring that closes the review's stated gap"
EV26,hts_quench_current,"Gap: no paper in the 62-paper corpus applies a Hall/coil hybrid — or any Hall-sensor-based method — to HTS magnet quench detection or current-distribution monitoring; the demanding sensing environment (<=9 mV terminal signatures per P0007, residual >100 mV EMI after advanced compensation per P0038, strain-coupled signatures per P0033/P0046) defines an open instrumentation niche that the corpus's detection work addresses with voltage compensation, strain, microwave, and ML methods instead",gap,P0002;P0007;P0033;P0038;P0046,"absence-of-evidence across the stream's 17 papers","HTS magnet monitoring regimes","not applicable — gap row","consistent with B10 C27's own counterexample analysis, which flags persistent-mode SC magnets as a niche where a coil channel is dead weight (static field) — the open niche is charged/transient operation and current-distribution imaging, not persistent-mode absolute field","gap is firm within the corpus; absence is not proof of absence in the wider literature","corpus-bounded; B10 C27/C28 vetoed the SC-magnet lane for the hybrid on structural grounds — this gap row does not overturn that veto, it bounds what the corpus can say; provenance: mixed (see cited rows)","if the PhD direction ever targets HTS magnets, the corpus neither supports nor blocks it — but B10's own analysis (C27, C28) already vetoes the lane for the static-field use case","candidate niche only for transient/charging-phase monitoring; the static-field use case is structurally vetoed","GAPS.md; B25/B30","published Hall-array or hybrid-sensor HTS-magnet monitoring work located in newer literature"
EV27,power_conversion,"Switching-current measurement for WBG converters is a genuine open metrology problem with quantified requirements: minimum bandwidths around 50 MHz are stated for SiC switching with oscillation content, and no single sensing method simultaneously provides the needed size, bandwidth, linearity, isolation, accuracy, and cost (P0050, review); demonstrated partial solutions include a nonlinear-model-based current transformer achieving about 100 MHz bandwidth, 4% maximum error at 50 A, about $20 cost, and >5 kV insulation (P0048); PCB-embedded Rogowski coils with 84 turns and about 6.1 nH mutual inductance measure device transients with linear amplitude gain from 10 Hz to 1 MHz and resonance above 110 MHz, tested to 400 A (P0056); and integrated Rogowski sensors target press-pack IGBT chips (P0055)",supports,P0048;P0050;P0055;P0056,"review_synthesis (P0050); primary_experiment sensor designs (P0048, P0056, P0055)","WBG converter switching cells; nanosecond-class current rise times; up to 10-15 kV insulation targets (stated in P0048/P0050)","P0048/P0056 opened this run: quantitative designs with disclosed saturation/distortion limits; P0050 opened this run: explicit requirement synthesis","review and primaries agree: high-bandwidth isolated current sensing inside WBG converters is unsolved as a complete package","strong for the problem's existence and requirements; moderate for any specific solution","P0048 saturates at high currents (4% at 50 A, reset circuitry needed); P0056 distorts above about 500 A; both are AC-only (no DC content); P0055 cited at B12-ledger metadata level; provenance: P0048/P0050/P0056 opened this run","the single most concrete corpus evidence that the PhD's measurement-under-EMI and fused-channel skills address a named, quantified need in power electronics — the DC-capable half of the problem is exactly what CT/Rogowski solutions lack","a quantified unmet need (DC-to-100 MHz isolated compact current sensing in WBG converters) named by independent groups — candidate transfer target, no ranking here","B25/B30","2024-2026 literature showing a complete single-scheme sensor meeting all stated requirements simultaneously"
EV28,power_conversion,"DC-capable magnetic current sensing in power equipment is contested ground held largely by magnetoresistive technologies: multi-stage TMR sensors target AC/DC leakage detection (P0060), differential GMR designs measure non-contact DC/AC currents (P0061), and field-modulated spin-valve GMR handles quasi-static currents (P0062); the integration review states Hall sensors typically respond below 100 kHz with temperature/offset drift requiring compensation, while TMR outputs are EMI-susceptible and usually low-pass-filtered below about 50 kHz in switching environments (P0050)",mixed,P0050;P0060;P0061;P0062,"review_synthesis (P0050); primary_experiment sensor designs (P0060, P0061, P0062)","power-equipment leakage/current monitoring; converter-adjacent EMI environments","P0050 opened this run; P0060-P0062 cited at B12-ledger metadata level","consistent with B10 C43: TMR/GMR are the sharpest single-channel challengers for DC-capable sensing; P0050 adds their EMI weakness in switching environments — a weakness any Hall-based entrant equally must beat","moderate — the competitive landscape is well documented; head-to-head EMI-immunity data absent from corpus","no corpus paper directly benchmarks Hall vs TMR in an operating WBG converter; provenance: P0050 opened this run; P0060-P0062 B12-ledger metadata","sharpens B10 C43's competitive threat with corpus evidence — and identifies the EMI-immunity benchmark as the decisive missing comparison","any Hall-based current-sensing product must beat TMR on EMI immunity, temperature drift, or radiation tolerance — none of which is benchmarked head-to-head in this corpus","B25/B30; GAPS.md","a published head-to-head Hall-vs-TMR benchmark in a switching environment decisively favoring either side"
EV29,power_conversion,"Current sensing is being integrated directly into power semiconductors: a three-phase GaN motor-inverter power IC with on-chip current sensing was demonstrated (P0047, 2023) — the integration trend reduces long-run demand for external discrete current sensors in the power loop",mixed,P0047,"primary_experiment (power IC design and demonstration)","GaN power IC, motor-drive inverter context","adjudicated at B12-ledger metadata level; on-chip sensing performance figures not extracted this run","consistent with P0050's survey of sense-FET/integrated approaches and their accuracy limitations","moderate for the trend's existence","record not content-opened this run; integrated sensing typically trades accuracy/isolation for size — quantitative boundary not established here; provenance: B12-ledger metadata","a structural headwind for any external-sensor product thesis in power conversion; does not affect the fusion-diagnostics program","external current sensors face an integration headwind in volume power-electronics markets; niche/high-performance segments remain open","B25/B30","opening P0047 and finding integrated sensing meets isolation/accuracy needs across the power loop (strengthening the headwind), or failing badly (weakening it)"
EV30,power_conversion,"Specialized converter design is application-driven engineering built on the WBG device base: a piezoelectric-transformer-based high-voltage pulse generator using WBG switches was developed for medical electroporation (P0049), and hybrid multimodule DC-DC converters accelerated by WBG devices target EV systems (P0051) — in both, the differentiating work is application-specific topology/control, with measurement/characterization as supporting infrastructure",supports,P0049;P0051,"primary_experiment converter developments","medical electroporation pulse generation; EV DC-DC conversion","adjudicated at B12-ledger metadata level (both metadata live-checked by B12 verifier); performance figures not extracted this run","consistent with the review layer (P0005, P0006): device capability enables, applications differentiate","moderate for the structural observation","records not content-opened this run; provenance: B12 ledger plus verifier metadata checks","calibrates the transfer claim: the PhD direction contributes measurement/characterization capability to converter work, not converter-design capability — an enabling-infrastructure relationship, not direct transfer","specialized-converter ventures need application/topology expertise the PhD does not evidence; instrumentation partnerships are the realistic entry","B25/B30","opening the records and finding measurement/instrumentation, not topology/control, was the differentiating contribution"
EV31,power_conversion,"WBG device reliability and fabrication physics is its own active specialization: GaN-on-Si HEMT breakdown voltage depends on III-nitride/Si interface preconditioning (P0058); E/D-mode GaN inverter ICs are fabricated on 150 mm Si wafers with p-GaN gate technology (P0059); p-GaN gate reliability remains an active review subject (P0053) — this literature shares materials vocabulary with the PhD's AlGaN/GaN sensor work but addresses power-device engineering questions the PhD does not",supports,P0053;P0058;P0059,"primary_experiment device studies (P0058, P0059); review_synthesis (P0053)","wafer-scale GaN device fabrication and reliability testing","qualitative adjudication — cited at B12-ledger metadata level; specific device figures not extracted this run","internally consistent device-engineering literature","moderate for the structural observation","records not content-opened this run; provenance: B12-ledger metadata","supports the loose-analogy adjudication: shared GaN materials familiarity aids comprehension, but power-device reliability engineering is a distinct specialization from Hall-sensor metrology","GaN materials familiarity is a conversation-opener, not a competitive capability, in power-device markets","B25/B30","opening the records and finding substantial sensor-relevant (not power-device) content"
EV32,hybrid_diagnostics,"Gap: the coil-to-Hall (inductive-references-DC-channel) calibration direction is unsupported across all 62 corpus papers: fusion work fuses Hall into coil integration to remove drift (P0003); power-electronics work fuses TMR with current transformers with the transformer as the AC channel (P0031); the integration review recommends multi-scheme fusion but names no coil-referenced calibration of a DC channel (P0050); no paper in any stream calibrates a Hall or other DC-capable channel from a coil/inductive reference",gap,P0003;P0031;P0050,"absence-of-evidence across primary and review records in two domains","fusion diagnostics and power-electronics current sensing","not applicable — gap row","doubly consistent with B10: C23's Theorem-1 non-identifiability result explains WHY the unreferenced reverse direction cannot work (offset unrecoverable; gain only with trusted coil chain plus excursions), and C26 gap (b) claims the hardware demonstration as open ground","firm within the corpus; the wider-literature single precedent B10 cites (one non-fusion driven-ramp source, C30) was not located within this corpus either","corpus-bounded; the B10-cited single precedent is outside this corpus and was not independently verified this run; provenance: P0003 pilot; P0031 verifier metadata; P0050 opened this run","the reverse direction is simultaneously the PhD's most distinctive claim (C26 gap b) and its least externally supported one — FT-05 (bench coil-referenced gain recovery) is the decisive test and nothing in this corpus preempts it","novelty opportunity and feasibility risk in one: no one has published the reverse direction — possibly because structural constraints (C23) make it only conditionally useful","GAPS.md bridge tests; B25/B30","a published coil-referenced Hall-gain calibration located anywhere, which would close novelty gap (b) and simultaneously de-risk the method"
EV33,hybrid_diagnostics,"Gap: no stellarator-specific Hall-sensor, Hall+coil, or magnetic-field-mapping-with-Hall paper exists in the corpus — the fusion-facing magnetics work is tokamak (P0003 KSTAR-lineage, P0021 DIII-D, P0028 WEST, P0001 JET), RFP-class (P0024), or generic (P0020); this is consistent with, but does not prove, B10 C26's novelty gap (d) for stellarator Hall+coil field mapping",gap,P0001;P0003;P0020;P0021;P0024;P0028,"absence-of-evidence across the corpus's fusion-diagnostic records","stellarator field-mapping regime","not applicable — gap row","consistent with B10's 219/231-row ledgers, which also found no stellarator Hall+coil work (C26 gap d)","firm within the corpus; stellarator diagnostics literature outside magnetic Hall sensing exists but was outside B12's search scope","corpus-bounded absence; B12's queries covered stellarator terms per its search log, but a dedicated stellarator-diagnostics deep search was not this run's task; provenance: mixed (see cited rows)","preserves the PhD's most defensible novelty lane (HSX stellarator deployment, C01, plus C26 gap d) as unclaimed in this corpus","a first-mover instrumentation lane exists at HSX-class facilities; tiny market, high defensibility of the scientific claim","GAPS.md; B25/B30","published stellarator Hall-diagnostic work located in newer or uncaptured literature"
EV34,power_conversion,"Cross-domain convergence with a materials twist: fusion diagnostics (P0003) and power-electronics sensing (P0031, P0050) independently converge on fusing a DC-capable magnetic sensor with an inductive/AC channel to span bandwidth and remove drift — validating the architecture class the PhD pursues — but in power electronics the DC channel of choice is trending TMR (P0031, P0060), not Hall, and the review layer describes Hall as bandwidth-limited with drift burdens (P0050)",mixed,P0003;P0031;P0050;P0060,"simulation validation (P0003); primary_experiment (P0031, P0060); review_synthesis (P0050)","long-pulse fusion diagnostics; WBG converter and power-equipment sensing","as per constituent rows EV03/EV18/EV27/EV28","the convergence itself is consistent across three independent communities; the channel-technology choice diverges by domain","moderate-to-strong for the convergence; the Hall-vs-TMR outcome is unresolved in this corpus","no head-to-head benchmark exists in corpus (see EV28); provenance: P0050 opened this run; P0003 pilot; P0031 verifier metadata; P0060 B12-ledger metadata","the PhD's estimator/fusion methodology (C08, C10, C23) transfers across domains; the Hall-specific hardware choice must be defended per-regime (radiation tolerance is the un-benchmarked Hall differentiator — untested for GaN, C29)","the transferable asset is the fusion/estimator methodology and harsh-environment claim, not the Hall die per se","B25/B30","domain benchmarks resolving the DC-channel choice decisively against Hall in both domains"
EV35,hall_metrology,"Gap: no corpus paper performs traceable, uncertainty-budgeted calibration at fusion-relevant conditions — the traceable exemplar operates at +/-150 mT, room temperature, on gold/graphene sensors (P0008); the fusion-facing Hall work operates to +/-2.5 T in-machine on InSb/Sb with stability tracking but no GUM-style budget on the opened records (P0001, P0004); the most rigorous system-level calibration discipline in the corpus (0.1%-class element calibration, P0024) applies to coils on a 10 s-pulse machine; the tesla-scale, elevated-temperature, traceable-budget combination is absent",gap,P0001;P0004;P0008;P0024,"absence-of-evidence across the corpus's calibration-relevant records","tesla-scale fields, elevated temperature, in-machine conditions","not applicable — gap row","consistent across all calibration-relevant corpus rows; no counterexample found","firm within the corpus; national metrology institutes may have unindexed tesla-scale services — absence here is not proof of absence","corpus-bounded; commercial/NMI calibration services were outside B12's peer-reviewed-only scope; provenance: P0008/P0001/P0004 pilot opens; P0024 opened this run","WP-C (B10 C06) would, if executed to its stated targets (u(k)/k <= 2%), occupy a genuinely under-published niche — the corpus contains its method template (P0008) but not its regime","a traceable tesla-scale harsh-environment calibration capability would be scarce per this corpus — candidate differentiator, no ranking","GAPS.md bridge tests; B25/B30","published tesla-scale traceable Hall calibration with a full uncertainty budget located elsewhere"
